frame,time,replica,d_D20OD1_R414HH12,d_D20OD2_R414HH22,d_D16OD1_R414HH21,d_Y115OH_R414HH11,d_TRH_O2P_S272OG,d_TRH_O4P_R268HH21,d_TRH_O3P_R268HE,d_TRH_F249,d_TRH_F255
0,0.0000,rep1,2.7147,3.1281,1.9765,3.0933,5.0898,3.9180,4.3319,8.7924,7.6230
1,0.1000,rep1,2.7467,3.0656,2.0687,3.1103,5.0563,3.7970,4.2700,8.8110,7.6658
2,0.2000,rep1,2.6509,3.1398,1.9825,3.0434,5.0430,3.8233,4.1878,8.6611,7.6307
3,0.3000,rep1,2.6653,3.2361,1.9339,2.9723,5.1970,3.7336,4.2102,8.5989,7.5231
4,0.4000,rep1,2.8087,2.8494,2.1229,2.9978,5.0749,3.7914,4.0949,8.7062,7.5586
5,0.5000,rep1,2.8252,3.0014,2.0059,3.0106,5.1691,3.8282,4.1203,8.7781,7.4643
6,0.6000,rep1,2.7768,3.0143,2.0596,2.9666,4.9199,3.6702,4.0446,8.9294,7.5804
7,0.7000,rep1,2.7028,3.0812,1.9254,3.0876,5.0301,3.9967,4.3582,8.9652,7.6789
8,0.8000,rep1,2.6120,3.1110,2.1206,3.0032,5.0974,3.5662,4.5411,8.8902,7.7242
9,0.9000,rep1,2.8767,3.0457,1.9140,3.2791,5.0314,3.8253,4.2332,8.8156,7.6010
10,1.0000,rep1,2.5679,3.0454,1.8136,2.8658,5.2355,4.2358,4.4352,8.7706,7.5839
11,1.1000,rep1,2.8562,2.9973,1.9330,2.9068,5.2709,4.0200,4.5067,8.7894,7.7611
12,1.2000,rep1,2.7093,3.1973,1.9135,3.1435,5.0818,3.9361,4.2335,8.7925,7.9199
13,1.3000,rep1,2.4351,3.3192,2.1696,2.7339,5.0836,3.9890,3.9920,8.7099,7.7899
14,1.4000,rep1,2.6894,3.2195,2.0080,3.3449,5.0077,4.0859,4.4491,8.6168,7.7460
15,1.5000,rep1,2.4314,3.1292,2.1935,3.2730,4.8974,4.0989,3.9661,8.5960,7.7076
16,1.6000,rep1,2.6829,2.9937,2.1007,3.2258,5.1426,3.7357,4.1249,8.6941,7.9486
17,1.7000,rep1,2.8097,3.2088,2.1473,3.2557,4.8555,3.8042,4.0655,8.6885,8.0884
18,1.8000,rep1,2.8436,2.9762,2.2888,2.8566,5.0626,3.6424,3.9717,8.8002,8.0798
19,1.9000,rep1,2.8856,2.8341,2.0274,3.2989,5.0546,3.8123,4.3459,8.6759,7.6193
20,2.0000,rep1,2.4344,3.3228,1.9806,3.2315,5.2174,3.7211,4.8601,8.4392,7.1698
21,2.1000,rep1,2.8612,3.1583,1.8476,3.5739,5.1450,4.2140,4.6562,8.5114,7.2962
22,2.2000,rep1,2.7379,3.0443,2.2940,3.1476,5.0836,3.9659,4.0991,8.6509,7.4550
23,2.3000,rep1,2.6082,3.1888,1.9740,3.3910,4.9676,4.3208,4.3997,8.7576,7.7134
24,2.4000,rep1,2.7717,3.1727,2.1330,2.9796,4.9788,3.6688,4.4745,8.7506,7.8417
25,2.5000,rep1,2.7493,2.9956,1.9174,3.1563,5.0012,3.9553,4.2860,8.7408,7.7012
26,2.6000,rep1,3.0250,2.7914,2.1404,2.9243,5.1010,3.7765,4.1839,8.7406,7.4884
27,2.7000,rep1,3.1613,2.8395,2.0145,3.1563,5.0962,3.8418,3.9606,8.5116,7.2785
28,2.8000,rep1,2.6818,3.2507,2.0285,2.9878,5.1233,3.6755,3.7070,8.2931,7.3068
29,2.9000,rep1,2.9363,3.0944,2.1897,2.8694,5.2258,3.8015,4.2941,8.2419,7.3816
30,3.0000,rep1,2.6179,3.1889,2.0492,3.4397,5.0620,3.2873,4.1817,8.3094,7.5360
31,3.1000,rep1,2.6028,3.0884,2.0383,2.7965,4.9861,3.2866,4.2618,8.5062,7.5950
32,3.2000,rep1,2.8082,3.0199,1.9899,3.0973,5.0639,3.4567,4.1123,8.4135,7.5448
33,3.3000,rep1,2.3888,3.0692,1.9433,2.8966,5.1208,3.8546,3.9139,8.4072,7.4870
34,3.4000,rep1,2.4873,3.1867,1.9365,2.9903,4.9916,3.3498,3.7758,8.5114,7.5859
35,3.5000,rep1,2.8374,3.0318,2.1012,3.1420,5.0890,3.4077,4.4328,8.5847,7.7281
36,3.6000,rep1,2.7657,2.9216,2.3908,3.5159,5.1710,3.8983,4.7793,8.7287,7.9141
37,3.7000,rep1,2.5960,3.2957,2.4092,2.6658,5.2311,3.9165,4.6202,8.6093,7.9801
38,3.8000,rep1,2.3410,3.5387,2.2123,3.3086,5.1021,3.6732,3.8904,8.3417,7.8189
39,3.9000,rep1,2.5460,3.5095,1.9166,2.8376,5.1677,3.4426,3.4712,8.4372,7.7550
40,4.0000,rep1,3.0059,2.5475,2.2880,3.0838,5.0855,3.4398,3.8189,8.1316,7.9746
41,4.1000,rep1,2.5760,3.2907,1.9865,2.6643,5.0144,3.5308,3.8807,7.9895,8.1223
42,4.2000,rep1,2.8074,3.1441,2.0371,3.3429,4.9276,3.4517,3.9480,8.0769,7.9586
43,4.3000,rep1,2.7308,3.3817,1.8389,2.9582,5.2093,3.2942,3.4079,8.2954,7.9391
44,4.4000,rep1,2.5808,2.8702,2.0780,2.8488,5.0918,3.5506,4.2470,8.6077,7.8766
45,4.5000,rep1,2.3056,3.5738,1.8533,2.9907,5.0556,3.8873,4.7830,8.8345,7.6984
46,4.6000,rep1,2.4268,3.4231,1.9245,2.7866,5.2600,3.9797,3.8822,8.9427,7.5427
47,4.7000,rep1,2.8926,2.8943,2.0243,3.2284,5.1165,3.7638,4.6312,8.8563,7.5552
48,4.8000,rep1,2.6486,3.1010,1.8588,2.8040,5.0835,3.5717,4.2289,8.7134,7.6131
49,4.9000,rep1,2.6998,3.0241,2.1277,3.4223,4.9930,3.6370,4.1196,8.6507,7.6403
50,5.0000,rep1,2.7382,3.0886,1.9433,2.5400,5.2480,3.7491,4.0721,8.5590,7.6537
51,5.1000,rep1,2.5342,3.1773,2.1036,2.9597,5.1567,4.2612,4.0920,8.7384,7.5523
52,5.2000,rep1,2.7064,3.1869,2.1557,3.0339,5.0625,4.2675,4.5607,8.8380,7.3783
53,5.3000,rep1,2.5030,3.3541,1.7849,3.0984,4.8864,4.0263,4.3751,8.6722,7.5077
54,5.4000,rep1,2.5838,3.0041,1.7081,2.7248,5.2195,3.6360,4.0637,8.4530,8.0190
55,5.5000,rep1,3.2053,2.8226,1.8903,2.9400,5.1334,3.5316,4.1009,8.5019,8.0442
56,5.6000,rep1,2.8838,2.9553,1.7105,2.6885,5.0338,3.7656,4.0275,8.5682,8.2005
57,5.7000,rep1,2.5021,3.1577,1.8515,3.0064,5.1422,3.9339,3.9386,8.5803,8.5391
58,5.8000,rep1,2.3341,3.7086,1.7833,2.7188,5.1615,3.6446,4.2751,8.7540,8.6651
59,5.9000,rep1,2.5022,3.2590,2.3420,3.7197,5.1595,3.7587,3.8595,8.8619,8.6219
60,6.0000,rep1,2.8295,2.8803,2.1589,2.8106,5.3281,4.0126,3.8687,9.0136,8.5450
61,6.1000,rep1,3.1940,3.0316,2.2131,3.2242,5.2315,4.2982,4.9695,8.9197,8.3201
62,6.2000,rep1,2.9515,3.0103,1.9603,3.4902,5.1917,4.3146,5.1583,8.9273,8.0293
63,6.3000,rep1,2.6990,3.1999,1.7927,2.7517,5.3200,4.5512,4.8945,8.7161,7.9526
64,6.4000,rep1,2.3875,3.2910,2.0528,3.0779,5.4395,3.7861,4.5442,8.7271,8.0202
65,6.5000,rep1,2.7308,3.2525,1.9750,2.6956,5.0933,3.9202,4.5573,8.7886,7.9404
66,6.6000,rep1,2.7782,2.8273,2.0405,2.8053,5.2992,3.7044,4.4217,8.6180,7.9572
67,6.7000,rep1,3.0160,3.2758,1.9710,3.2573,5.0697,3.4775,4.1304,8.5187,7.8225
68,6.8000,rep1,2.2507,3.0707,2.1590,2.7925,5.2755,3.5009,3.8677,8.0862,7.5323
69,6.9000,rep1,2.8580,2.9835,2.2198,3.1295,5.1092,3.7295,3.9924,8.0356,7.5055
70,7.0000,rep1,2.9181,3.1307,1.9052,3.2383,5.0503,3.2809,3.7803,8.3127,7.5300
71,7.1000,rep1,2.5648,2.9326,2.3480,2.4820,5.0657,3.2874,4.4353,8.3876,7.5083
72,7.2000,rep1,2.8725,3.2491,1.8229,3.1079,5.2269,3.7360,4.8546,8.3825,7.5754
73,7.3000,rep1,2.3097,3.1807,1.7811,3.2301,5.0604,3.7291,4.7657,8.5322,7.6872
74,7.4000,rep1,2.9572,2.6222,1.9013,3.1284,5.0081,3.6397,4.1789,8.5346,7.7312
75,7.5000,rep1,2.6148,3.2733,2.0883,2.6531,5.0127,4.0849,4.2200,8.2518,7.7701
76,7.6000,rep1,3.1768,2.8132,2.3781,3.0646,4.8808,3.3087,3.7946,8.1961,7.6239
77,7.7000,rep1,3.1367,2.6156,1.9652,2.8289,4.8132,3.3146,2.9284,8.1752,7.6444
78,7.8000,rep1,2.9980,2.9117,1.9934,3.1833,5.2490,2.5032,2.7598,8.2945,7.7883
79,7.9000,rep1,2.4270,3.1990,2.1987,3.1481,5.0723,2.9623,3.7238,8.3568,7.9162
80,8.0000,rep1,2.9208,3.1491,2.0665,2.8143,4.8581,3.4044,3.7621,8.6599,8.0190
81,8.1000,rep1,2.6204,3.1073,1.8884,3.4113,4.9975,3.4042,3.8560,8.7495,8.0075
82,8.2000,rep1,2.9213,2.9546,1.9236,3.2491,5.1868,3.2911,3.3810,8.6570,7.9805
83,8.3000,rep1,2.6934,3.2553,2.1199,2.7215,5.2814,2.9970,3.3219,8.6673,7.8451
84,8.4000,rep1,3.0776,3.0429,2.3213,2.8036,5.0845,3.1291,3.2166,8.5203,7.7978
85,8.5000,rep1,3.0380,2.8834,1.9289,3.5920,4.9471,2.7077,3.5575,8.2974,7.6464
86,8.6000,rep1,2.8752,2.8464,2.1004,3.2529,4.9601,3.0612,3.1981,8.2119,7.7557
87,8.7000,rep1,2.8883,2.8605,2.0278,2.9897,4.9927,4.1351,3.8224,8.3082,7.8310
88,8.8000,rep1,2.7781,2.9758,2.0540,2.9017,5.0870,3.3157,4.0281,8.4578,7.7830
89,8.9000,rep1,2.6455,2.9710,2.1497,3.2479,4.7824,3.2586,3.3880,8.5370,8.0099
90,9.0000,rep1,2.7696,3.3381,2.0620,3.2995,4.9081,3.3493,2.9528,8.4548,8.1170
91,9.1000,rep1,2.8940,2.8152,2.0093,2.6664,4.9223,2.9004,3.1224,8.1982,8.0268
92,9.2000,rep1,2.9960,2.7245,2.0483,3.0271,4.9821,2.4834,3.3491,8.0642,7.6151
93,9.3000,rep1,2.4159,3.3114,1.8992,2.9263,5.1001,3.2018,2.8001,8.0771,7.3060
94,9.4000,rep1,2.6568,2.9109,2.0904,3.3366,5.1507,3.0652,3.7214,8.0088,7.1197
95,9.5000,rep1,2.7050,3.2377,1.8761,3.1313,5.0130,3.7555,3.9444,8.2281,7.3465
96,9.6000,rep1,2.8567,2.9029,2.2313,2.9145,4.8800,3.4961,3.0334,8.4252,7.5871
97,9.7000,rep1,2.8933,3.0074,2.2964,3.2105,4.7986,3.4401,3.0833,8.5944,7.7508
98,9.8000,rep1,2.5214,3.4458,1.8094,3.2217,5.1301,3.7983,3.9578,8.6320,7.6690
99,9.9000,rep1,3.1901,2.9115,2.3078,2.9297,5.1563,3.6923,4.0888,8.4568,7.4173
100,10.0000,rep1,2.8742,2.8687,2.0509,2.9131,5.2970,3.3820,3.5127,8.2490,7.2863
101,10.1000,rep1,3.0113,2.8950,2.0969,3.4060,5.0592,2.8196,2.9687,8.0372,7.3368
102,10.2000,rep1,3.2007,3.0583,1.8894,3.1024,4.8664,2.8790,2.8399,8.3577,7.6340
103,10.3000,rep1,2.9703,2.8015,2.2692,3.3541,5.0376,2.7007,3.3085,8.4436,7.5664
104,10.4000,rep1,2.7008,3.1967,2.1096,2.6567,4.8625,3.0042,3.4584,8.1945,7.4204
105,10.5000,rep1,2.6022,3.2251,2.0339,3.0621,4.9371,3.5367,3.6367,8.1804,7.6843
106,10.6000,rep1,2.5705,2.9577,2.2823,3.0567,4.9981,3.7167,3.3847,8.0130,7.7732
107,10.7000,rep1,2.8524,3.4846,1.9763,3.0208,4.9080,4.1378,4.0783,7.8634,7.6345
108,10.8000,rep1,2.7464,2.8718,2.1860,2.7028,5.1104,4.1684,3.7888,7.9964,7.5384
109,10.9000,rep1,2.9519,2.8612,2.0178,2.8977,4.9536,3.6587,3.8326,7.9017,7.4364
110,11.0000,rep1,2.9666,2.9787,2.0036,2.8896,5.1476,3.4870,3.2334,8.1048,7.5151
111,11.1000,rep1,2.7600,2.9853,1.9412,2.9383,4.8604,3.3335,3.0077,7.8541,7.6874
112,11.2000,rep1,2.8070,3.1286,1.9395,3.3501,4.6990,2.9593,2.7191,7.8249,7.5839
113,11.3000,rep1,2.6235,3.3080,2.3740,2.9041,4.7367,3.2271,2.4218,7.8816,7.5895
114,11.4000,rep1,2.8246,3.0093,2.5365,3.1270,5.0748,2.9884,2.4703,7.9380,7.4880
115,11.5000,rep1,2.9127,2.8118,2.5298,3.3436,4.9520,2.8865,2.4307,8.0609,7.5850
116,11.6000,rep1,3.0526,2.8258,2.1578,3.2433,4.9941,2.9178,2.4948,7.9745,7.5628
117,11.7000,rep1,2.6195,3.2454,1.9507,2.6989,4.8764,2.9985,2.5440,7.9964,7.3311
118,11.8000,rep1,2.7138,2.7553,1.9851,2.9721,4.8223,3.1050,2.3415,7.9310,7.4825
119,11.9000,rep1,3.0111,2.9429,1.9194,3.0354,4.3323,2.9838,2.8782,8.0844,7.5099
120,12.0000,rep1,2.9081,2.8981,1.9772,2.8215,4.4133,3.3015,3.5444,8.2393,7.5770
121,12.1000,rep1,2.7571,3.1694,2.1316,2.6796,4.3877,3.3149,3.4228,8.1321,7.6366
122,12.2000,rep1,3.1122,2.9221,1.8832,3.1948,4.9085,3.3368,3.0507,8.1265,7.7144
123,12.3000,rep1,2.6639,3.2792,1.9675,2.8249,5.1013,3.3810,3.5997,8.0529,7.8253
124,12.4000,rep1,2.8480,2.9725,2.0049,2.9956,5.2130,3.3416,3.8038,7.9600,7.6594
125,12.5000,rep1,2.8534,2.9236,2.0593,3.0258,5.3262,3.6889,4.1921,7.9247,7.6242
126,12.6000,rep1,2.7695,3.0938,2.1758,3.0075,5.1655,4.4512,4.2224,7.9810,7.6159
127,12.7000,rep1,2.6308,3.0795,2.2564,2.7207,4.9771,4.1776,4.1091,7.9495,7.7410
128,12.8000,rep1,2.4478,3.6822,1.9101,3.0800,4.9244,4.2344,3.3411,8.0207,7.8265
129,12.9000,rep1,2.4543,3.4178,2.3746,3.3021,4.8977,3.4757,3.2505,7.9655,7.5137
130,13.0000,rep1,2.9338,2.8882,2.1615,3.5645,5.3207,2.9052,2.4130,7.9605,7.5631
131,13.1000,rep1,2.6385,3.1635,1.8122,3.1376,5.0515,3.2112,2.7143,8.1273,7.3446
132,13.2000,rep1,3.2160,2.7902,2.4699,3.0145,4.8354,2.9268,3.1173,8.1640,7.4880
133,13.3000,rep1,2.9470,3.0693,2.1882,3.3685,5.1956,3.2395,3.6322,8.2557,7.5870
134,13.4000,rep1,2.5954,3.2006,1.9055,2.9230,5.3183,3.4120,3.6612,8.3669,7.7307
135,13.5000,rep1,2.9408,2.9701,2.0218,3.1696,5.1260,3.2269,3.6140,8.3330,7.7237
136,13.6000,rep1,2.5604,3.0620,2.0502,3.2928,5.0787,3.1741,3.3986,8.4109,7.4237
137,13.7000,rep1,2.8968,3.1654,2.4147,3.1167,5.0496,3.4539,3.3341,8.4418,7.3774
138,13.8000,rep1,2.6593,2.8251,2.3044,3.0804,4.8907,3.0331,4.2092,8.5493,7.6269
139,13.9000,rep1,3.0118,3.1450,1.9306,2.8833,4.6216,3.1354,3.5789,8.7494,7.6776
140,14.0000,rep1,2.9497,2.7799,2.1771,3.1920,4.9694,2.8937,2.3410,8.6027,7.5170
141,14.1000,rep1,2.6906,3.2897,1.9503,3.1339,4.7750,2.2961,2.8601,8.4408,7.3307
142,14.2000,rep1,2.6507,3.0976,1.9638,3.0682,4.3777,3.3499,3.1156,8.2101,7.3809
143,14.3000,rep1,2.9774,2.7902,2.3155,3.3404,4.5819,2.9518,3.1866,8.0008,7.5255
144,14.4000,rep1,2.5339,3.1255,2.2162,3.4865,4.3190,3.1311,2.9063,7.8358,7.6074
145,14.5000,rep1,2.7560,2.7137,2.5285,3.0082,4.7057,2.9296,3.4800,7.8253,7.6305
146,14.6000,rep1,2.5600,3.2086,2.2288,3.0239,4.8764,3.4245,3.7439,7.8694,7.6041
147,14.7000,rep1,2.6853,3.0437,1.9066,3.1888,4.8788,2.8018,3.5755,7.9663,7.6295
148,14.8000,rep1,3.0817,2.6349,2.2290,2.8286,4.9098,3.4043,3.5374,8.0675,7.5222
149,14.9000,rep1,2.6748,3.1795,1.9313,3.0643,4.9070,3.8463,4.0709,8.2463,7.6821
150,15.0000,rep1,2.7725,3.1260,1.9044,3.1544,5.0876,3.6186,3.5170,8.2161,7.6445
151,15.1000,rep1,2.7330,3.0960,2.0990,3.0564,4.9815,3.9449,3.6441,8.2948,7.4040
152,15.2000,rep1,2.6607,3.3141,2.0862,3.0960,5.0245,3.2909,4.0489,8.5812,7.2565
153,15.3000,rep1,2.9893,2.8212,2.1634,3.1098,5.1029,3.4968,3.2835,8.6809,7.3936
154,15.4000,rep1,2.5953,3.0109,2.3677,3.1905,5.1628,4.2433,3.8243,8.6824,7.4875
155,15.5000,rep1,2.7259,3.3793,1.8607,3.4105,5.0497,4.4070,4.2516,8.1893,7.4636
156,15.6000,rep1,2.5651,3.1913,2.2234,2.6728,4.8496,3.6874,3.9851,8.2338,7.4857
157,15.7000,rep1,2.7883,3.0564,1.7797,3.3004,5.0253,3.8660,3.3680,8.0263,7.4430
158,15.8000,rep1,2.7630,2.8161,2.1590,3.5868,5.0177,4.0255,3.6922,8.0552,7.6789
159,15.9000,rep1,2.7126,2.9452,2.2928,2.9923,5.0598,4.5079,3.9513,8.4259,7.9390
160,16.0000,rep1,3.2240,2.9071,2.1644,3.0150,5.2154,3.6204,3.7794,8.4325,7.8815
161,16.1000,rep1,2.6798,3.0458,2.1469,3.3654,5.1019,3.7705,3.9093,8.4233,7.9022
162,16.2000,rep1,2.9899,2.8734,2.2884,3.4464,4.9877,3.4759,4.1185,8.4186,7.9451
163,16.3000,rep1,2.7958,3.1880,2.2702,3.3980,4.8893,3.5727,3.6571,8.3501,8.1133
164,16.4000,rep1,2.8640,2.8505,2.2446,3.1932,5.1468,3.1125,3.1123,8.2621,8.1848
165,16.5000,rep1,2.6294,3.3162,2.2555,3.0363,4.9704,2.9568,2.6025,8.1556,8.0041
166,16.6000,rep1,2.8380,3.0076,2.0260,3.3101,4.9881,3.0599,3.0103,8.4393,7.8876
167,16.7000,rep1,2.3699,3.3464,1.9287,2.8505,5.0189,3.0105,2.8001,8.6671,7.8690
168,16.8000,rep1,2.8171,3.0583,2.1000,3.0595,4.8643,2.9435,3.0179,8.7792,7.8198
169,16.9000,rep1,2.6725,3.0305,2.1965,2.8065,5.2158,3.3374,3.0756,8.7651,7.6747
170,17.0000,rep1,2.6627,3.3554,1.7625,3.1598,4.9566,3.2062,3.4614,8.6907,7.5527
171,17.1000,rep1,2.8596,2.7970,2.5202,3.2131,5.0259,2.8811,3.3057,8.5519,7.5134
172,17.2000,rep1,2.7585,3.0688,2.1584,3.1130,5.2488,3.1792,3.8338,8.4190,7.6928
173,17.3000,rep1,2.3675,3.4632,1.9502,2.9663,4.9974,4.5604,4.0213,8.4348,7.6715
174,17.4000,rep1,2.5843,3.2414,2.0201,2.7555,4.9880,3.8328,3.4580,8.3464,7.5159
175,17.5000,rep1,2.7355,2.9236,1.8507,2.7217,5.2515,3.5448,3.8493,8.0226,7.6228
176,17.6000,rep1,2.6920,3.1057,2.1902,2.9313,5.2358,3.7365,3.7601,7.9012,8.0503
177,17.7000,rep1,3.2275,2.7104,2.0311,3.1867,5.0024,3.7530,3.8638,7.6922,8.2578
178,17.8000,rep1,2.9510,3.0213,2.1221,2.8412,5.0213,3.2567,3.8515,7.7212,8.0783
179,17.9000,rep1,2.7527,3.0500,2.0334,3.2982,5.2460,3.0864,3.8208,7.8745,7.7618
180,18.0000,rep1,2.7952,3.0036,1.9738,3.1171,5.1184,3.4675,3.5490,7.9686,7.6483
181,18.1000,rep1,2.6773,3.1945,2.1089,2.7685,4.9503,3.7751,3.5838,8.1327,7.4900
182,18.2000,rep1,3.1954,3.0442,2.0545,3.4471,5.1472,3.5707,3.9130,8.1663,7.3014
183,18.3000,rep1,2.8313,2.9911,2.2563,2.8723,5.1683,3.9731,4.0969,8.0932,7.4036
184,18.4000,rep1,2.6940,3.1525,2.2130,2.8546,5.1142,3.9255,3.6594,7.9539,7.4350
185,18.5000,rep1,2.4999,3.6421,1.8005,3.2583,5.0537,3.9725,4.2744,8.3148,7.5384
186,18.6000,rep1,2.4120,3.5930,1.9702,2.9324,4.9680,3.6598,4.4715,8.5436,7.5139
187,18.7000,rep1,3.1152,2.9575,2.4199,2.9337,5.0030,3.4521,3.7480,8.6037,7.3785
188,18.8000,rep1,2.7205,2.9488,1.9842,2.6466,5.0866,3.3841,4.2263,8.7455,7.5367
189,18.9000,rep1,2.5965,3.1993,1.9445,2.9942,5.1897,3.3879,3.8225,8.6435,7.5738
190,19.0000,rep1,2.8488,3.0394,2.1777,3.2161,5.1195,3.5847,4.4216,8.3483,7.6550
191,19.1000,rep1,2.9306,3.0213,2.3858,3.2676,4.8170,3.1302,3.5964,8.2890,7.5984
192,19.2000,rep1,2.6551,3.0132,2.2813,3.0947,5.3101,3.4903,2.9830,7.9801,7.4576
193,19.3000,rep1,2.8580,3.2725,2.0058,3.5507,5.0413,3.4742,3.1556,7.9658,7.3368
194,19.4000,rep1,2.6747,3.1992,2.0397,3.0802,5.1478,3.5815,3.2695,7.9608,7.1412
195,19.5000,rep1,3.0564,2.5946,2.4026,2.9838,5.3246,3.6227,3.2765,8.0665,7.1658
196,19.6000,rep1,2.3631,3.7430,1.6903,3.3471,5.1374,3.6808,4.3109,8.3430,7.2129
197,19.7000,rep1,2.3163,3.5527,2.2395,2.9662,5.1343,3.9295,4.1270,8.2519,7.3451
198,19.8000,rep1,3.0008,3.1106,2.2233,3.2380,4.8762,3.3925,3.8168,8.3804,7.5433
199,19.9000,rep1,2.9496,2.9416,1.8051,2.6751,5.0931,3.2222,3.7465,8.4322,7.8827
200,20.0000,rep1,3.0116,3.0508,2.2234,3.0632,5.2293,3.4535,3.3578,8.6480,7.9825
201,20.1000,rep1,3.1100,2.8079,2.3920,3.2722,5.0791,3.4617,3.7507,8.5728,7.9632
202,20.2000,rep1,2.5906,3.1639,2.1042,2.8131,4.9858,3.6201,3.6090,8.5752,7.9469
203,20.3000,rep1,2.9206,2.8606,2.1282,2.7942,4.9626,3.3539,3.2706,8.7288,7.9031
204,20.4000,rep1,3.1519,2.9898,2.0904,3.3197,5.1325,3.7092,3.5301,8.7084,8.0454
205,20.5000,rep1,2.2466,3.2453,2.0984,2.5055,4.9257,3.1116,3.9410,8.5289,7.9977
206,20.6000,rep1,3.0067,3.3091,1.8656,2.7692,5.0450,3.5588,3.4278,8.3823,7.9882
207,20.7000,rep1,3.3675,2.8224,2.2095,3.2098,5.0110,3.3479,3.8708,8.3669,8.1829
208,20.8000,rep1,2.7521,3.0831,1.9965,3.2503,4.7647,4.1665,4.5666,8.6468,8.2274
209,20.9000,rep1,3.0995,3.1233,2.1757,3.1839,4.8859,4.1475,5.0250,8.7396,8.0058
210,21.0000,rep1,2.5874,3.0862,2.2419,2.9080,5.1432,3.6147,4.3103,8.7294,7.7551
211,21.1000,rep1,2.9603,3.0628,2.0072,2.9733,4.9536,3.4299,4.8299,8.4003,7.4842
212,21.2000,rep1,2.6636,3.0699,1.7887,2.7019,5.1041,3.8733,4.5511,8.1368,7.5188
213,21.3000,rep1,2.7003,3.0264,2.0896,2.8686,5.1461,4.4504,4.7207,7.8139,7.5913
214,21.4000,rep1,2.9724,3.4089,1.7161,3.0331,4.8313,3.8589,4.7015,7.8010,7.7199
215,21.5000,rep1,3.1551,2.6104,2.3951,3.0139,5.1344,4.0434,4.1390,7.9388,7.8561
216,21.6000,rep1,2.8474,2.8466,1.8665,3.0197,5.3234,3.8033,3.9228,8.3748,7.9060
217,21.7000,rep1,2.7761,3.2030,2.1579,2.9617,5.1790,4.2115,4.2178,8.6115,7.7623
218,21.8000,rep1,2.7591,2.9084,1.9804,3.2222,5.1875,3.8855,4.1034,8.5238,7.6207
219,21.9000,rep1,2.7547,3.3252,2.1470,3.3305,5.0937,3.5254,3.9804,8.4809,7.6596
220,22.0000,rep1,2.6482,3.2038,2.1624,3.2762,4.9298,3.3414,3.3135,8.2283,7.6252
221,22.1000,rep1,3.1033,2.6302,2.6508,2.8258,5.0531,3.7099,3.8618,8.1754,7.6791
222,22.2000,rep1,2.9631,3.0074,2.0866,3.2618,5.0486,3.6938,3.6820,8.2458,7.6328
223,22.3000,rep1,2.7371,2.8714,2.0924,2.8253,4.8993,3.6247,3.8619,8.4386,7.6957
224,22.4000,rep1,3.0343,3.1047,1.9546,3.0695,5.0787,3.6251,3.7284,8.6212,7.7683
225,22.5000,rep1,3.0336,2.8627,1.9496,2.9620,5.1326,3.9360,4.1948,8.7166,7.8843
226,22.6000,rep1,2.6258,3.0478,2.0767,2.6345,5.0643,3.6472,3.3937,8.6801,7.8807
227,22.7000,rep1,3.0011,2.7238,1.9913,2.8852,5.1014,3.7230,3.2906,8.4500,7.7466
228,22.8000,rep1,3.1403,2.5423,1.9115,3.0730,5.0253,3.8008,4.1733,8.2664,7.8027
229,22.9000,rep1,2.7210,2.7280,2.0062,2.9109,5.1666,4.5114,4.0716,8.2621,7.7358
230,23.0000,rep1,2.9323,2.9175,2.4790,3.3422,5.1416,3.7398,4.1056,8.3703,7.6938
231,23.1000,rep1,2.9206,2.9677,1.8988,2.9786,5.1602,3.8425,3.6004,8.4448,7.6403
232,23.2000,rep1,2.8738,2.8943,2.0919,2.8063,4.9776,3.5778,3.9303,8.4601,7.8436
233,23.3000,rep1,2.7902,3.0407,1.9953,2.6906,5.0562,3.5602,3.5805,8.4950,7.9320
234,23.4000,rep1,2.9229,2.7857,1.9301,3.0448,5.3947,3.6428,4.0706,8.3437,7.8338
235,23.5000,rep1,2.7726,2.8490,1.9304,2.8165,5.0322,3.5599,4.2688,8.1270,7.6771
236,23.6000,rep1,2.9856,3.0871,2.0437,2.7212,5.2455,3.9516,4.1061,8.0367,7.8570
237,23.7000,rep1,2.9821,2.9327,2.0521,3.0680,5.0661,3.4768,4.1999,7.8602,7.7392
238,23.8000,rep1,3.1542,2.6924,2.1132,3.0616,5.0670,3.2637,3.8982,7.9522,7.6626
239,23.9000,rep1,2.7060,2.9660,2.3630,3.1246,5.0171,3.7147,4.3293,7.9489,7.6860
240,24.0000,rep1,2.3177,3.5580,1.8745,2.8301,4.8449,3.7002,4.4388,8.0040,7.7161
241,24.1000,rep1,2.9976,2.6373,1.8215,2.8269,5.1541,4.0400,3.6837,8.1075,7.6673
242,24.2000,rep1,3.0445,2.8821,1.9575,3.2744,5.1658,3.7826,3.8380,8.1089,7.6215
243,24.3000,rep1,2.8375,2.9218,2.1305,3.1634,5.0094,3.6408,4.3292,8.2156,7.6543
244,24.4000,rep1,3.0587,2.8005,2.1313,2.7389,4.7568,3.7937,4.3814,8.2279,7.6846
245,24.5000,rep1,2.5699,3.1785,1.8856,3.1576,4.9225,4.0985,4.7114,8.1859,7.5837
246,24.6000,rep1,2.7155,3.1683,2.0694,2.5250,4.9820,4.8001,4.1847,8.3369,7.6586
247,24.7000,rep1,2.9043,2.9163,2.0265,2.9702,5.0531,4.8299,4.4938,8.1249,7.8410
248,24.8000,rep1,2.2153,3.7207,1.7557,2.6281,4.8547,4.3621,4.1739,8.0983,7.8389
249,24.9000,rep1,2.4384,3.5039,1.9899,2.8734,4.8123,4.4809,3.8379,7.9630,7.9188
250,25.0000,rep1,3.0631,2.8503,2.0921,2.5862,4.9989,4.3592,4.2187,7.8101,7.9516
251,25.1000,rep1,2.8614,3.3459,1.8720,2.9912,5.0548,4.3191,4.3910,8.0070,7.8350
252,25.2000,rep1,2.7029,3.3165,1.7367,2.8167,5.1309,4.2164,4.2051,8.1908,7.7673
253,25.3000,rep1,2.7541,2.8948,1.8764,2.9962,5.0004,4.9405,4.7365,8.1657,7.7520
254,25.4000,rep1,2.9549,2.9782,1.8829,2.7722,5.1818,4.4862,4.7869,8.1550,7.7831
255,25.5000,rep1,2.9376,2.8248,2.0630,2.9269,5.2911,4.6012,4.5497,8.0621,7.7591
256,25.6000,rep1,2.8696,2.6099,2.0606,3.1160,4.9800,4.4970,4.2081,8.0117,7.7216
257,25.7000,rep1,2.9323,2.9784,1.9667,3.2453,5.2688,4.3434,4.2397,8.1099,7.7744
258,25.8000,rep1,3.0505,2.7336,2.2596,3.2039,5.1942,4.3842,4.1582,8.0166,7.8131
259,25.9000,rep1,2.6443,3.1519,2.1026,3.0128,4.9928,4.0246,4.1319,8.0266,7.7240
260,26.0000,rep1,2.7828,3.0180,1.9562,2.8064,5.0300,3.5684,3.9025,8.2521,7.6534
261,26.1000,rep1,2.6368,3.2244,2.2243,2.8704,4.7855,3.7242,4.0275,8.0937,7.6492
262,26.2000,rep1,2.6233,3.0109,2.2638,2.9067,4.9628,3.9427,4.5654,8.0497,7.7141
263,26.3000,rep1,2.5954,3.2092,2.0172,2.7911,5.0304,4.6907,4.9978,7.7928,7.7112
264,26.4000,rep1,2.3507,3.1584,1.9451,2.6671,4.8203,4.8335,4.6779,7.5804,7.5533
265,26.5000,rep1,2.6872,3.1308,2.1428,3.0354,5.1790,4.8860,4.8598,7.6381,7.5119
266,26.6000,rep1,2.6945,3.4164,2.2319,2.6877,5.1317,4.8486,5.3438,7.7653,7.5121
267,26.7000,rep1,2.7726,3.1396,2.0095,2.3870,5.0178,5.1533,4.5691,7.8865,7.6405
268,26.8000,rep1,2.6570,3.2332,1.9548,3.0537,5.2869,4.4479,4.4063,8.0225,7.7645
269,26.9000,rep1,3.2471,2.6401,1.9751,3.3556,4.9831,4.5092,3.8908,8.1955,7.6692
270,27.0000,rep1,2.4012,3.4536,1.6671,2.4116,5.0028,4.4417,4.0531,8.2836,7.7240
271,27.1000,rep1,2.1197,3.4598,1.9422,2.7891,4.9313,4.5681,4.3008,8.3576,7.7878
272,27.2000,rep1,2.9767,2.5865,2.1985,3.2000,4.9445,4.6500,3.8669,8.4969,7.8619
273,27.3000,rep1,2.9932,2.7663,1.8248,3.3325,5.1949,4.5700,4.0777,8.5285,7.9222
274,27.4000,rep1,2.9987,2.7911,2.2386,3.1388,5.0622,4.4406,3.9590,8.1088,7.8502
275,27.5000,rep1,2.5745,3.0889,2.0408,2.9509,4.8636,4.6043,4.0377,7.9502,7.7076
276,27.6000,rep1,2.7815,3.1229,2.3000,2.9219,5.2369,4.8479,4.3016,7.7863,7.6713
277,27.7000,rep1,2.4775,3.1493,1.9487,2.5553,5.1511,4.6639,3.8825,7.8433,7.7090
278,27.8000,rep1,2.3747,3.3598,1.9149,2.4810,5.0093,4.6836,3.9775,8.0675,7.6931
279,27.9000,rep1,2.8094,2.8852,1.8898,2.6841,5.0567,4.8500,3.5185,8.0156,8.0305
280,28.0000,rep1,3.1680,2.8179,2.0137,3.1217,4.9958,4.5371,3.6805,7.9810,8.1999
281,28.1000,rep1,2.3431,3.3100,1.8296,2.6530,4.9773,4.7054,3.5843,7.8941,8.0757
282,28.2000,rep1,2.4942,3.0336,1.9419,2.5606,5.0539,4.5360,4.3697,7.7321,8.0547
283,28.3000,rep1,2.6090,3.1166,1.9400,2.9789,4.9231,4.4998,4.8198,7.6668,7.9222
284,28.4000,rep1,2.3186,3.5750,1.9099,2.5152,4.9469,4.4761,4.1577,7.8303,7.6187
285,28.5000,rep1,2.4531,3.4883,2.0008,2.6332,4.9904,4.6467,3.6606,7.8239,7.4446
286,28.6000,rep1,2.7419,3.2807,1.8565,2.9199,5.0593,4.3403,3.7373,8.0591,7.4054
287,28.7000,rep1,2.6764,3.3062,2.0636,2.6058,5.3668,4.4038,3.3567,8.3754,7.5369
288,28.8000,rep1,2.3404,3.1521,2.1267,2.5510,4.9869,4.5475,3.8244,8.5529,7.7046
289,28.9000,rep1,2.6566,3.0943,2.1379,2.8695,5.0961,4.2809,4.4355,8.3627,7.7745
290,29.0000,rep1,2.7315,2.9406,2.4311,2.7976,5.1778,4.7234,4.0510,8.1192,7.8059
291,29.1000,rep1,2.7595,3.1679,2.1863,2.9254,4.9438,5.3385,4.1396,7.9932,7.7882
292,29.2000,rep1,2.7558,3.1332,2.2082,3.0865,5.0429,4.9785,4.0185,8.0143,7.6838
293,29.3000,rep1,2.5774,3.2000,2.1957,2.6829,5.1178,4.7829,4.0041,8.0708,7.8175
294,29.4000,rep1,2.6971,3.3074,2.1153,2.6386,4.8360,4.7800,3.9968,8.1515,7.9415
295,29.5000,rep1,2.7856,2.9068,1.8106,2.8671,5.0452,5.2148,4.2013,8.1562,7.9832
296,29.6000,rep1,2.8969,2.9768,1.9725,2.9781,4.7864,5.0903,4.5022,8.1577,7.9326
297,29.7000,rep1,2.6989,2.9564,2.2149,3.0717,4.9379,4.6258,3.9779,8.3366,7.7432
298,29.8000,rep1,2.9795,3.3567,1.9661,2.7473,4.7370,4.1665,4.2671,8.4258,8.1408
299,29.9000,rep1,2.5579,2.9069,2.1866,2.8558,5.0477,4.6564,3.9827,8.4635,8.4262
300,30.0000,rep1,2.6638,3.3840,1.9350,2.7384,5.0329,4.9908,4.3659,8.4044,8.2352
301,30.1000,rep1,2.7764,3.2316,2.0300,3.2077,5.0245,4.3794,3.5776,8.1609,7.8267
302,30.2000,rep1,2.8605,2.8575,1.9386,3.1423,4.8695,4.3516,3.5960,7.8387,7.6592
303,30.3000,rep1,2.9816,3.0413,2.1232,2.8076,4.9725,4.7982,3.1964,7.6969,7.6565
304,30.4000,rep1,3.0205,3.0214,2.2004,3.2283,5.1505,4.4533,3.5044,7.7348,7.6719
305,30.5000,rep1,2.6302,3.3654,1.7449,2.9480,5.0887,4.3678,4.0038,7.7440,7.6762
306,30.6000,rep1,2.7301,2.9113,2.2057,3.1821,4.8654,4.7361,4.6311,7.6946,7.8641
307,30.7000,rep1,2.3698,3.3759,1.7445,2.9688,5.0176,4.9726,3.9656,7.7610,7.8011
308,30.8000,rep1,2.9075,3.0954,2.0630,3.0149,5.0681,4.5630,3.8367,7.8136,7.7776
309,30.9000,rep1,3.0022,2.9338,2.0484,2.6983,5.0464,4.5163,3.8654,7.8238,7.5600
310,31.0000,rep1,2.8819,3.0162,1.9044,2.7680,4.8974,4.6867,3.9172,8.0486,7.5916
311,31.1000,rep1,2.5816,3.1359,2.0740,3.0680,4.8139,4.9434,3.8429,8.1136,7.3388
312,31.2000,rep1,2.2748,3.3522,1.9658,3.1637,4.8920,4.5162,3.9250,8.3968,7.3302
313,31.3000,rep1,2.7539,3.0117,2.0679,3.0095,4.8761,5.0514,3.9370,8.5420,7.3265
314,31.4000,rep1,2.7951,2.8675,2.1726,2.8705,5.2789,4.6044,4.0098,8.4550,7.2633
315,31.5000,rep1,2.6136,3.1626,2.0340,2.9959,5.1495,4.6466,3.8698,8.4733,7.2687
316,31.6000,rep1,2.3958,3.4090,1.8903,2.7286,5.0595,4.6827,4.2855,8.4859,7.3842
317,31.7000,rep1,2.7249,2.9372,1.9919,3.3503,4.8121,4.2636,4.3038,8.6135,7.6708
318,31.8000,rep1,2.6191,3.3599,1.8878,3.3633,5.0856,4.5506,3.7829,8.4910,7.8329
319,31.9000,rep1,2.6333,3.1977,2.4011,2.5003,5.2874,4.7033,3.8180,8.5055,7.7485
320,32.0000,rep1,2.1930,3.5913,2.0256,3.2809,4.9542,4.6864,3.7382,8.3042,7.7143
321,32.1000,rep1,2.2630,3.6690,2.0606,2.8093,5.2098,4.4138,3.7716,8.1921,7.7515
322,32.2000,rep1,2.6186,3.2293,1.9782,2.6198,5.1163,4.7415,4.1243,8.1727,7.5594
323,32.3000,rep1,2.7638,3.0736,2.0117,2.7504,5.0566,4.4938,4.2677,8.1588,7.7022
324,32.4000,rep1,2.8981,2.9848,1.9079,2.9055,4.9856,4.3262,3.8959,8.2368,7.9356
325,32.5000,rep1,2.8037,2.9667,1.9449,2.7495,4.9865,3.8911,3.6881,8.4403,8.1423
326,32.6000,rep1,2.6259,3.0787,1.9190,2.8000,5.0322,4.0848,3.6120,8.3730,8.0425
327,32.7000,rep1,2.7969,3.2291,1.9751,2.8438,5.1287,4.3290,3.3925,8.1804,7.7154
328,32.8000,rep1,2.5363,3.2993,2.1318,2.7681,5.0837,4.3402,3.9437,8.1337,7.6143
329,32.9000,rep1,2.9338,3.1013,1.8189,3.0923,5.1750,4.6932,3.8423,8.1086,7.6263
330,33.0000,rep1,2.9521,2.9551,2.2047,2.8109,5.0335,4.5656,3.9465,8.1766,7.8613
331,33.1000,rep1,2.7058,3.0882,2.0683,3.1540,5.0392,4.8532,4.2916,8.3208,7.6172
332,33.2000,rep1,3.0054,2.8794,2.0748,2.9913,5.1407,4.7524,3.9828,8.4144,7.3489
333,33.3000,rep1,3.0518,2.8746,2.3909,2.5469,5.0311,4.5281,4.2020,8.4863,7.2885
334,33.4000,rep1,2.7596,3.0917,1.8223,3.0173,4.8850,4.8920,3.8303,8.4336,7.5408
335,33.5000,rep1,2.7800,2.9144,2.1612,2.7014,4.9936,4.7472,4.1731,8.3725,7.6917
336,33.6000,rep1,2.9561,2.9443,2.0948,3.0719,4.8907,5.3350,4.0463,8.1977,7.6785
337,33.7000,rep1,2.5076,3.3248,1.8798,2.9056,4.8642,4.6050,3.8277,8.1215,7.7934
338,33.8000,rep1,2.7985,2.9489,2.0094,2.8077,5.3087,4.6340,3.6189,8.0868,7.8037
339,33.9000,rep1,2.6199,3.0270,2.3410,2.8326,5.2598,4.2334,3.7405,7.9760,7.6847
340,34.0000,rep1,2.6555,3.0537,1.9606,2.9184,5.0733,4.4425,3.6807,7.9838,7.5170
341,34.1000,rep1,3.1573,3.2582,2.2357,2.6828,5.1483,4.5119,3.6796,8.0069,7.5012
342,34.2000,rep1,2.7910,2.8918,1.9323,2.9410,4.8959,4.3325,3.4757,8.1428,7.5538
343,34.3000,rep1,2.5246,3.1965,2.0542,2.6098,5.1597,4.6466,4.3074,8.0284,7.4534
344,34.4000,rep1,2.5787,2.7486,1.9969,3.0660,5.4042,4.8104,3.9863,7.7071,7.3518
345,34.5000,rep1,2.9376,2.8287,2.2011,3.1230,5.0746,5.0005,4.2303,7.8233,7.3606
346,34.6000,rep1,2.3913,3.0809,1.7736,3.4105,5.2174,4.6186,4.0820,8.0744,7.7380
347,34.7000,rep1,2.6081,3.1829,1.8495,2.9169,4.8851,4.7353,4.4480,8.2406,7.9913
348,34.8000,rep1,2.8349,2.8496,2.2180,3.0159,4.6016,4.6480,4.4687,8.2552,7.9585
349,34.9000,rep1,2.6054,3.3480,2.6934,3.0412,4.5067,4.7116,4.3595,8.2732,7.8603
350,35.0000,rep1,2.8127,3.0360,2.0601,3.0886,4.1775,4.4760,3.4262,8.0518,7.9092
351,35.1000,rep1,2.6227,3.0336,1.9251,2.7595,3.5931,4.5188,3.7515,8.0244,7.9178
352,35.2000,rep1,2.8698,3.0402,2.0761,2.9106,3.5482,4.4193,3.7776,8.4159,7.6408
353,35.3000,rep1,2.3655,3.3606,2.2808,2.6890,3.4016,3.9556,3.8953,8.5612,7.5513
354,35.4000,rep1,2.2812,3.1373,1.8485,2.4063,3.2873,4.3670,3.6969,8.5222,7.7025
355,35.5000,rep1,2.5779,3.2303,1.8762,2.8931,3.1732,4.0199,3.5467,8.6175,7.9346
356,35.6000,rep1,2.6827,3.1321,1.9495,3.0454,3.4495,3.8422,3.2758,8.4511,7.8395
357,35.7000,rep1,3.4668,2.4639,2.3394,2.8765,3.6729,3.8266,3.2985,8.2264,7.5811
358,35.8000,rep1,2.5919,3.0423,1.9009,3.2278,3.3500,3.7220,3.3993,8.0206,7.5763
359,35.9000,rep1,2.7913,2.8640,2.1269,3.1812,3.2627,4.1947,3.6835,8.0594,7.4948
360,36.0000,rep1,2.5106,3.2031,2.1170,2.6837,3.4246,3.9549,3.8993,8.1122,7.4436
361,36.1000,rep1,3.0053,3.1116,2.1406,3.0000,3.3852,4.0111,3.3812,8.1361,7.4816
362,36.2000,rep1,2.9061,2.8837,2.2290,3.0765,3.5350,4.1659,3.4565,8.1972,7.2662
363,36.3000,rep1,2.9007,3.2354,2.2370,2.8460,3.6974,3.9043,3.6890,8.2526,6.9895
364,36.4000,rep1,2.5291,3.0792,2.0275,3.0662,3.3384,3.3473,2.9818,8.2046,6.9259
365,36.5000,rep1,2.5575,3.2824,2.1887,2.7564,3.3567,3.1630,3.3028,8.3662,7.1707
366,36.6000,rep1,2.7650,2.9605,2.1369,3.0421,3.6813,2.8226,3.4925,8.3655,7.2450
367,36.7000,rep1,3.1558,2.6122,2.3442,3.2675,3.1667,2.7746,3.0571,8.3639,7.3290
368,36.8000,rep1,2.6688,3.1957,1.9439,2.7913,3.1990,2.9143,2.9847,8.2984,7.4591
369,36.9000,rep1,2.7812,2.8943,2.2534,2.6397,3.2945,2.9901,2.7733,8.2159,7.5321
370,37.0000,rep1,2.6831,2.7982,2.0603,3.5935,3.2489,2.5945,2.4516,8.3691,7.4420
371,37.1000,rep1,2.9700,2.9510,2.1063,3.1100,3.3085,2.6133,2.2990,8.6489,7.5742
372,37.2000,rep1,2.7628,2.9160,1.9554,2.9575,2.9286,3.0384,2.5093,8.6225,7.7068
373,37.3000,rep1,2.6513,3.2352,2.0208,2.9460,2.5721,3.2721,1.9838,8.7078,7.5812
374,37.4000,rep1,2.6168,3.1818,1.9013,2.8317,2.6754,3.6056,1.8843,8.6206,7.3168
375,37.5000,rep1,3.1528,2.7685,2.5945,3.3483,2.6710,3.3378,2.0407,8.5868,7.0419
376,37.6000,rep1,3.0264,2.8865,2.8089,3.0709,2.6606,3.8481,1.9815,8.6608,6.9169
377,37.7000,rep1,2.9540,3.1855,2.1939,3.0466,2.5155,3.9809,2.2774,8.7659,7.1349
378,37.8000,rep1,2.6324,3.1412,2.3067,3.0397,2.6646,3.4531,2.2579,9.0606,7.4004
379,37.9000,rep1,2.8521,2.8358,1.9877,3.3039,2.5811,3.7935,2.4984,9.3259,7.5082
380,38.0000,rep1,2.8073,3.5276,1.9618,2.8702,2.6355,3.4923,2.2754,9.2182,7.4397
381,38.1000,rep1,2.7369,2.9756,2.0121,2.8762,2.5107,3.6284,1.9724,9.0793,7.3685
382,38.2000,rep1,3.1189,2.6881,2.4084,2.8928,2.5564,3.2459,1.8915,8.9697,7.4242
383,38.3000,rep1,2.7966,3.1640,2.0441,3.4105,2.5380,2.9316,2.0578,8.8109,7.6003
384,38.4000,rep1,2.7316,2.8035,2.2364,3.0618,2.5064,3.3399,2.1002,8.6114,7.4848
385,38.5000,rep1,2.8520,2.9119,2.2239,3.1976,2.7246,3.3459,2.2961,8.6085,7.4150
386,38.6000,rep1,3.0003,2.8711,2.0702,3.0434,2.6476,3.5124,2.2095,8.3627,7.3357
387,38.7000,rep1,2.6707,3.0230,2.1841,2.6847,2.7526,3.1087,1.7804,8.3600,7.4614
388,38.8000,rep1,2.8129,3.1616,2.1302,2.8779,2.6844,3.1107,2.2950,8.3788,7.5216
389,38.9000,rep1,2.4459,3.2676,2.0841,2.7683,2.6220,2.7274,1.8312,8.5674,7.3604
390,39.0000,rep1,2.8189,2.9503,2.2800,2.9586,2.5588,3.0053,2.2253,8.4906,7.2774
391,39.1000,rep1,2.9954,2.6894,2.0402,3.1255,2.7858,3.1394,2.0382,8.3691,7.2384
392,39.2000,rep1,2.9062,2.8864,2.3764,2.8840,2.7661,2.8170,1.9210,8.1852,7.3425
393,39.3000,rep1,2.7824,3.0732,2.5051,3.1808,2.9404,2.7861,2.1860,8.0960,7.8261
394,39.4000,rep1,2.8615,3.0764,2.1018,2.7205,2.6035,2.8882,2.0095,7.9927,8.0186
395,39.5000,rep1,3.0557,2.5693,2.2492,3.4273,2.5503,3.3523,2.2838,7.9228,7.8867
396,39.6000,rep1,2.7688,3.1491,1.9128,3.2026,2.5853,3.2862,2.5336,7.9680,7.6277
397,39.7000,rep1,3.1271,2.8053,2.2065,2.9767,2.8218,3.1338,2.6429,7.9047,7.3711
398,39.8000,rep1,2.9017,2.8424,2.5579,2.8916,2.6839,2.9646,2.3180,8.2021,7.1919
399,39.9000,rep1,2.7171,3.0922,2.0676,3.0741,2.6870,2.8425,2.4289,8.3930,7.3820
400,40.0000,rep1,2.9553,3.2070,2.1474,3.0742,2.6028,2.7789,2.1872,8.5568,7.5108
401,40.1000,rep1,2.8745,2.9339,2.1243,3.0761,2.6493,2.8914,2.0958,8.9639,7.5384
402,40.2000,rep1,2.9644,2.8326,2.4288,2.9759,2.7761,3.0411,2.4007,8.9820,7.5560
403,40.3000,rep1,2.4859,3.2570,1.8113,3.3576,2.6518,3.0897,2.3160,8.6339,7.4341
404,40.4000,rep1,2.6416,3.1619,2.4364,3.2744,2.6440,3.1437,2.0151,8.3853,7.2605
405,40.5000,rep1,3.0410,2.6523,2.2165,3.2205,2.6143,3.5173,2.2074,8.1184,7.4587
406,40.6000,rep1,2.8531,3.0223,1.9970,2.9703,2.6620,3.3146,2.2881,7.9826,7.8105
407,40.7000,rep1,2.9589,2.8497,2.1887,3.3162,2.6920,3.1637,2.0818,8.1080,7.8379
408,40.8000,rep1,2.6158,3.0710,2.1221,3.3156,2.6477,3.3376,2.0225,8.1734,7.7048
409,40.9000,rep1,2.5103,3.0611,1.9201,2.5500,2.6205,3.2656,2.2589,8.1375,7.6396
410,41.0000,rep1,3.0760,2.9750,2.2837,3.2078,2.6224,3.2697,1.9469,8.2331,7.6556
411,41.1000,rep1,2.9240,2.7303,2.5991,2.9869,2.5539,3.3709,1.9113,8.5531,7.5193
412,41.2000,rep1,2.8551,2.7945,1.9758,3.1392,2.5439,2.6915,1.9095,8.7433,7.3241
413,41.3000,rep1,3.3056,2.6780,2.4705,3.3091,2.5625,3.1515,2.0743,8.7074,7.2781
414,41.4000,rep1,2.8115,3.0890,2.0021,3.2635,2.5806,3.5446,1.9972,8.4367,7.3962
415,41.5000,rep1,2.8865,2.8762,2.4669,2.8933,2.6701,3.5179,1.8453,8.2972,7.6880
416,41.6000,rep1,3.0448,2.8390,2.0045,3.5095,2.5448,3.2373,2.2192,8.1319,7.6434
417,41.7000,rep1,2.6344,3.0018,2.1896,2.8947,2.5727,3.1657,1.9560,8.0920,7.6552
418,41.8000,rep1,2.4617,3.2027,1.8598,2.7211,2.5966,3.2584,2.1197,7.9883,7.7750
419,41.9000,rep1,3.0689,2.7869,2.2682,2.7434,2.5583,3.4110,2.2329,7.7605,7.8708
420,42.0000,rep1,2.8010,2.8867,2.4896,3.1563,2.7868,3.1106,1.8942,7.6780,8.1006
421,42.1000,rep1,2.3831,3.4685,1.8428,3.1161,2.6530,3.2443,2.1338,7.7540,7.8024
422,42.2000,rep1,2.4744,3.2982,2.0582,2.8349,2.6988,3.3244,1.9768,8.0939,7.3987
423,42.3000,rep1,2.5982,3.3389,1.7877,2.8839,2.5544,3.4417,2.1025,8.0718,7.1120
424,42.4000,rep1,2.5316,3.2358,2.1002,2.8746,2.6858,3.2859,2.1052,7.9787,7.3255
425,42.5000,rep1,3.0506,2.8109,2.2438,2.9332,2.6679,3.4336,1.9184,7.7838,7.5761
426,42.6000,rep1,2.8129,3.3285,2.0965,3.0851,2.6054,3.2462,1.9124,7.7526,7.5806
427,42.7000,rep1,2.3393,3.4915,2.0411,2.9498,2.8032,3.0245,2.0289,8.1264,7.3931
428,42.8000,rep1,2.2748,3.5739,1.9640,3.3431,2.7962,3.3899,2.0781,8.1465,7.5237
429,42.9000,rep1,2.5836,3.1776,2.4536,2.3978,2.7560,3.1194,1.8613,8.1843,7.4180
430,43.0000,rep1,3.2950,2.5933,2.8571,3.2641,2.9155,2.9323,1.8710,8.2323,7.5009
431,43.1000,rep1,2.7780,2.7826,2.9470,2.7800,2.8026,3.0251,2.0145,8.1770,7.3969
432,43.2000,rep1,2.8453,2.9577,2.3712,2.9513,2.9389,2.8610,2.2363,7.9469,7.2884
433,43.3000,rep1,2.5404,3.3454,1.9591,3.2961,2.6535,3.0367,2.0404,7.9857,7.4112
434,43.4000,rep1,2.5880,3.1541,2.3346,3.2553,2.6029,3.0123,2.0165,8.0398,7.4653
435,43.5000,rep1,3.0378,3.0626,2.3386,2.7024,2.7015,2.9827,1.9135,8.0775,7.7636
436,43.6000,rep1,2.6529,3.3774,1.7806,3.0462,2.6212,3.0367,2.0636,8.0679,7.8607
437,43.7000,rep1,2.8543,2.9199,1.9204,2.9307,2.7476,2.7209,1.9281,8.3197,7.9107
438,43.8000,rep1,3.0732,2.8695,2.0071,2.8887,2.5054,2.8345,2.3451,8.3686,7.9053
439,43.9000,rep1,2.7650,3.2029,1.9281,3.3908,2.6794,3.0129,2.3151,8.2998,7.8203
440,44.0000,rep1,2.7584,3.0255,2.5169,3.3964,2.8757,3.1224,2.1306,8.2124,7.6668
441,44.1000,rep1,2.6805,3.1433,2.5512,2.9874,2.6629,3.2152,2.0251,8.0361,7.5574
442,44.2000,rep1,2.7888,3.2655,2.0312,3.0957,2.6354,3.2114,1.8778,7.9980,7.7066
443,44.3000,rep1,2.6480,2.7550,2.2469,3.0986,2.5434,3.4042,1.8726,8.0046,7.6492
444,44.4000,rep1,2.7066,2.9641,2.0708,3.3439,2.6195,3.1364,2.1016,7.9732,7.3516
445,44.5000,rep1,2.7359,2.9840,2.0526,3.2759,2.9653,2.9766,2.5147,7.8431,7.0761
446,44.6000,rep1,2.2978,3.6263,2.3164,3.0447,3.0497,3.3239,3.0560,8.0381,7.0736
447,44.7000,rep1,2.5631,3.1936,2.1935,2.9223,2.8627,3.0937,2.7081,8.2224,7.3816
448,44.8000,rep1,2.9163,2.8792,1.9515,3.2400,2.9472,3.0967,2.3935,8.3762,7.7226
449,44.9000,rep1,2.8531,2.9048,2.1780,3.1000,3.2215,2.9323,2.4220,8.3075,7.4992
450,45.0000,rep1,2.5658,3.0078,2.4650,3.3245,2.9476,3.1614,1.9403,8.1076,7.3293
451,45.1000,rep1,3.1547,2.7745,2.6074,3.4923,2.8866,3.2492,2.1070,7.7365,7.2165
452,45.2000,rep1,2.6123,3.1393,2.3497,2.9050,3.0936,3.3214,2.4569,7.6320,7.3327
453,45.3000,rep1,2.7194,3.2329,2.1072,3.5615,3.2809,2.8636,1.9422,7.6419,7.3719
454,45.4000,rep1,2.8749,2.7309,2.5312,3.2704,2.9132,3.1831,1.9509,7.8361,7.4259
455,45.5000,rep1,2.3983,3.3542,1.7863,3.0307,3.2640,2.9896,2.0570,7.9141,7.3681
456,45.6000,rep1,2.9823,2.8493,2.5302,2.9651,2.8475,2.8917,2.2391,7.9783,7.3541
457,45.7000,rep1,2.9855,2.7920,2.6884,3.2494,3.0819,3.5018,2.0784,7.9509,7.3235
458,45.8000,rep1,2.6512,3.0785,2.7306,3.3518,3.0726,3.3561,2.4787,7.9465,7.2031
459,45.9000,rep1,3.0191,2.9752,2.3722,3.2078,3.0301,3.3040,2.9760,7.7886,7.2565
460,46.0000,rep1,2.7705,2.9519,2.0607,2.5384,2.8635,3.3380,2.5775,7.9330,7.2893
461,46.1000,rep1,2.9866,3.0414,1.8558,3.5202,2.9422,3.8851,2.3667,8.0101,7.5838
462,46.2000,rep1,2.8038,2.9255,2.2835,2.6447,2.7576,3.6307,1.8654,8.1004,7.6485
463,46.3000,rep1,2.9965,2.9215,2.2318,3.1389,2.6109,2.9855,1.7362,8.1109,7.6025
464,46.4000,rep1,2.8976,3.0301,1.9068,3.0377,2.5542,3.2246,2.1777,8.1954,7.6651
465,46.5000,rep1,3.0247,2.7913,2.4027,3.2908,2.5680,2.9411,1.9341,8.2255,7.4900
466,46.6000,rep1,2.9012,3.0507,2.0869,3.5427,2.7087,2.7610,1.8354,8.3118,7.3570
467,46.7000,rep1,2.5742,3.0068,2.0424,3.1441,2.5244,3.2214,2.1662,8.1742,7.0928
468,46.8000,rep1,2.7952,2.8655,2.1749,3.2711,2.8097,3.3313,2.3882,8.1680,7.3756
469,46.9000,rep1,2.2562,2.9218,2.0490,2.9050,2.6446,2.9627,2.2153,8.3455,7.4693
470,47.0000,rep1,2.7548,2.9240,2.1556,3.0895,2.7188,2.7679,2.0125,8.3802,7.6370
471,47.1000,rep1,2.9202,3.0377,1.9348,3.0052,2.7661,3.2757,2.2778,8.3709,7.5416
472,47.2000,rep1,2.9011,2.6884,2.1868,2.8535,2.6822,3.1258,2.1926,8.4805,7.2334
473,47.3000,rep1,2.7095,3.3475,1.8078,3.1256,2.6675,2.8206,2.0954,8.2067,7.0321
474,47.4000,rep1,2.6763,3.2218,2.1010,3.1152,2.5904,2.8449,2.0361,8.1545,7.2162
475,47.5000,rep1,2.6454,2.8117,1.9695,2.4345,2.6306,2.4374,2.2049,8.1804,7.5958
476,47.6000,rep1,2.5726,3.3630,1.7984,2.7076,2.5794,3.0512,2.0537,8.3824,7.7607
477,47.7000,rep1,2.5775,3.1640,1.9748,3.0964,2.9480,3.1181,2.0782,8.6511,7.6380
478,47.8000,rep1,2.7772,3.3781,1.8472,3.0736,2.6970,2.8781,2.3936,8.6157,7.3296
479,47.9000,rep1,3.0081,3.1007,2.3281,2.9867,3.2877,2.6095,2.6347,8.3488,7.3131
480,48.0000,rep1,3.0269,2.9182,2.3197,3.2177,3.4690,3.1152,2.8371,8.2810,7.2468
481,48.1000,rep1,2.5996,3.3384,2.0821,3.2253,3.1184,2.7940,3.0916,8.1062,7.4395
482,48.2000,rep1,2.9506,2.6867,1.8755,3.0317,3.2913,3.2871,2.6753,7.8921,7.4731
483,48.3000,rep1,2.2370,3.6379,2.1627,3.5494,2.7824,3.0522,2.1874,7.8063,7.4804
484,48.4000,rep1,2.5774,3.5676,1.9381,3.7844,2.6757,2.6037,1.9706,7.9223,7.3737
485,48.5000,rep1,3.0216,2.6772,2.5151,2.7620,2.6668,3.1809,2.3465,7.9581,7.5302
486,48.6000,rep1,2.6581,3.0682,2.0092,3.3793,2.5121,3.2088,2.3905,7.7461,7.7433
487,48.7000,rep1,2.7791,2.9909,1.8338,3.9810,2.7285,3.1619,2.6110,7.5138,7.7207
488,48.8000,rep1,2.5761,3.0561,2.0034,2.9850,2.6839,2.8402,2.1641,7.5901,7.5565
489,48.9000,rep1,2.6982,3.2051,1.9734,3.8193,2.5864,2.8207,2.0148,7.7769,7.4264
490,49.0000,rep1,2.9134,2.9083,2.1165,3.0309,2.5088,2.9823,1.7983,8.1317,7.5227
491,49.1000,rep1,2.8414,2.8435,1.8965,3.0224,2.6261,3.1307,2.3038,8.3509,7.5827
492,49.2000,rep1,3.4919,2.3247,2.0134,3.3990,2.5643,3.3118,2.1221,8.5377,7.5281
493,49.3000,rep1,2.7851,3.1088,1.9698,3.2436,2.5974,3.0196,2.2997,8.6453,7.3132
494,49.4000,rep1,2.7163,3.0318,2.1563,2.8190,2.5919,2.9502,2.0560,8.5684,7.1988
495,49.5000,rep1,2.9784,2.5744,2.2941,2.7776,2.7506,3.3823,1.9368,8.4519,7.1058
496,49.6000,rep1,2.6308,2.9758,2.0720,3.5628,2.5181,3.5277,2.1270,8.3743,7.1155
497,49.7000,rep1,2.7692,2.9284,1.9837,3.2726,2.5939,3.3555,2.3619,8.2030,7.1239
498,49.8000,rep1,2.9260,2.7111,1.9763,3.0947,2.5408,3.2918,1.9958,8.0218,7.1928
499,49.9000,rep1,2.9517,2.9726,2.2151,3.4311,2.6372,3.2951,1.8899,8.1032,7.3323
500,50.0000,rep1,2.5560,3.1695,1.9829,3.2678,2.5485,3.1187,2.2445,7.8853,7.5671
501,50.1000,rep1,2.5466,3.0708,2.1107,3.0340,2.4878,3.2818,2.2829,7.6300,7.4743
502,50.2000,rep1,2.9669,2.7665,2.0719,3.0295,2.6846,2.9776,1.8066,7.6873,7.3360
503,50.3000,rep1,2.4847,3.0473,1.8035,3.4815,2.6807,3.2136,1.7468,7.9682,7.3224
504,50.4000,rep1,2.6057,2.9233,2.0818,3.4237,2.5329,3.5458,2.1492,8.2871,7.3543
505,50.5000,rep1,3.0032,2.9849,2.1008,3.1972,2.6261,3.1760,2.5865,8.4333,7.4376
506,50.6000,rep1,2.9794,2.6086,2.3407,3.2729,2.6354,3.3708,2.5615,8.5174,7.6323
507,50.7000,rep1,2.7416,3.2086,2.0071,3.4659,2.5330,3.4731,2.9821,8.3276,7.8063
508,50.8000,rep1,2.0769,3.6057,2.0857,3.5866,2.5693,2.9533,1.7509,7.9760,7.9694
509,50.9000,rep1,2.7872,2.6310,2.1866,3.0537,2.5781,3.0472,2.0518,7.8766,7.8209
510,51.0000,rep1,2.7802,2.7894,1.9777,3.2990,2.5181,2.8592,1.9830,8.0148,7.6070
511,51.1000,rep1,3.3400,2.8284,2.5542,3.3620,2.6066,3.0166,2.1097,8.1822,7.5268
512,51.2000,rep1,2.9163,2.8292,2.3870,2.8038,2.6383,2.7178,1.9257,8.4217,7.4660
513,51.3000,rep1,2.8523,3.0634,1.9007,3.2456,2.5873,2.5125,1.8245,8.5263,7.4752
514,51.4000,rep1,2.9850,3.0871,2.0964,3.1270,2.6279,2.5316,2.1363,8.6530,7.5499
515,51.5000,rep1,2.6367,3.0107,1.9728,3.3380,2.7389,2.7772,1.9809,8.6822,7.3944
516,51.6000,rep1,2.7724,2.9748,1.9054,2.9865,2.6468,2.8263,2.3576,8.8729,7.4587
517,51.7000,rep1,2.6709,3.1603,1.9732,3.3493,2.5174,2.3010,1.9070,8.7927,7.5065
518,51.8000,rep1,3.3869,2.5609,2.0997,3.2179,2.6179,2.9823,2.2846,8.4286,7.7195
519,51.9000,rep1,2.7173,3.2843,1.9096,2.9774,2.5400,2.9388,2.4197,8.2714,7.8309
520,52.0000,rep1,3.0090,3.1389,2.2039,3.5995,2.5657,2.9612,2.2230,8.0748,7.8326
521,52.1000,rep1,2.9650,2.9965,1.7978,3.0533,2.5762,3.0855,2.1400,7.9010,8.0292
522,52.2000,rep1,2.7857,2.9713,2.1402,2.8300,2.6219,2.7816,1.9579,7.9037,7.9905
523,52.3000,rep1,3.1536,2.8027,2.0893,3.3409,2.8087,3.8098,2.5802,8.0206,7.9376
524,52.4000,rep1,3.0117,2.8422,2.2361,3.1056,2.7042,3.8111,2.4669,8.0199,7.8159
525,52.5000,rep1,2.4839,3.4149,1.8740,3.2729,2.5993,3.5574,2.1216,8.0057,7.5569
526,52.6000,rep1,2.6943,3.1551,2.2629,3.4910,2.5788,3.7523,3.3655,8.0619,7.4511
527,52.7000,rep1,2.4460,3.2946,1.9277,2.6885,2.6658,3.8483,4.2806,8.2358,7.2434
528,52.8000,rep1,2.9166,2.9065,2.1133,2.8505,2.7152,3.6934,3.5841,7.9569,7.1636
529,52.9000,rep1,2.7004,2.9310,1.8591,2.6979,2.7041,4.0183,3.0991,7.8755,7.2996
530,53.0000,rep1,2.4446,3.3659,2.0313,3.0192,2.4709,3.5746,3.1955,7.8587,7.4585
531,53.1000,rep1,2.5534,3.1476,2.1056,3.0468,2.6244,3.0157,2.0065,8.0306,7.6903
532,53.2000,rep1,2.6031,3.3929,1.8422,3.0648,2.5749,3.6447,2.9304,8.3641,7.7501
533,53.3000,rep1,2.5893,3.2204,2.2148,2.8939,2.5912,4.1950,3.0438,8.2993,7.8422
534,53.4000,rep1,2.4277,3.4132,1.9145,2.8870,2.5769,3.6235,2.5099,8.1378,7.9107
535,53.5000,rep1,2.9732,3.1241,2.1840,3.2060,2.6350,3.4855,2.1969,8.2036,8.1130
536,53.6000,rep1,2.9304,2.8079,2.1846,2.8306,2.6587,3.9470,2.1527,8.3799,8.1301
537,53.7000,rep1,2.9336,3.0987,2.1475,3.1225,2.5365,3.4668,1.9419,8.1528,7.9453
538,53.8000,rep1,2.6060,3.1955,2.0599,2.8304,2.5784,3.0414,2.3765,8.0928,8.0523
539,53.9000,rep1,2.8027,3.0653,2.0222,3.1047,2.5831,3.4581,2.8148,8.4049,7.8867
540,54.0000,rep1,3.1078,2.6843,2.1391,3.0702,2.5225,3.3618,2.2432,8.3103,7.7702
541,54.1000,rep1,2.9462,2.8153,1.8190,2.8348,2.6815,3.5537,2.3645,8.3198,7.6027
542,54.2000,rep1,3.0102,2.7721,2.1575,3.4081,2.4939,3.4524,2.4314,8.4146,7.3860
543,54.3000,rep1,2.7574,2.9235,1.9613,3.0106,2.6411,3.2140,2.7870,8.3943,7.2420
544,54.4000,rep1,2.8855,3.0252,2.4401,3.2912,2.5853,3.6911,2.6585,8.4616,7.4002
545,54.5000,rep1,2.6259,3.0455,2.3621,2.5586,2.6130,3.3367,1.8094,8.4768,7.6646
546,54.6000,rep1,2.8140,3.1028,1.9704,2.8005,2.6012,3.0699,2.0167,8.4443,7.8484
547,54.7000,rep1,3.2280,2.8108,2.1102,3.4583,2.5388,3.1426,1.8960,8.5146,7.6622
548,54.8000,rep1,2.1323,3.5528,1.9992,2.8442,2.6038,3.2903,1.8789,8.7203,7.5510
549,54.9000,rep1,2.5634,3.4283,1.8853,3.4002,2.6772,3.5528,2.2392,8.6526,7.3813
550,55.0000,rep1,2.7743,3.0459,2.2801,3.0959,2.5990,3.5887,2.0485,8.5383,7.6174
551,55.1000,rep1,2.7047,3.0312,1.8420,3.1780,2.5935,3.5912,2.2014,8.3363,7.7171
552,55.2000,rep1,3.0534,2.9581,2.0459,3.4516,2.5288,3.2721,2.1261,8.2679,7.9738
553,55.3000,rep1,2.6937,3.2841,2.3172,2.5966,2.5031,3.3083,2.2308,8.1821,7.9591
554,55.4000,rep1,2.8255,3.1316,2.1426,2.9058,2.6073,3.4858,2.0192,7.8878,7.7643
555,55.5000,rep1,2.7052,2.7192,2.4885,2.6890,2.6459,3.7292,2.6609,7.7138,7.6248
556,55.6000,rep1,2.9784,2.9621,1.8778,2.8292,2.5561,3.4025,2.1412,7.5506,7.6601
557,55.7000,rep1,3.0273,2.8685,1.9895,2.7063,2.4744,3.0071,2.1144,7.5573,7.5890
558,55.8000,rep1,2.8252,2.8714,2.0730,3.0647,2.6047,3.5453,1.8857,7.7647,7.3027
559,55.9000,rep1,2.2899,3.3484,1.9203,2.7299,2.5318,3.3526,1.8049,7.9674,7.2963
560,56.0000,rep1,3.0291,3.0115,2.2049,3.0806,2.5610,3.8241,1.7905,7.9968,7.3570
561,56.1000,rep1,2.7081,3.1417,1.8806,3.0970,2.6093,3.7935,1.8621,7.8901,7.5714
562,56.2000,rep1,2.7056,2.9781,2.9370,2.8021,2.5325,3.9024,2.0964,7.8735,7.7824
563,56.3000,rep1,2.7418,3.2843,1.9260,3.0800,2.6189,3.7599,1.9221,7.8662,7.7710
564,56.4000,rep1,3.0799,2.6220,2.7238,2.8901,2.5705,3.2642,1.6863,7.8365,7.6563
565,56.5000,rep1,2.8879,3.0722,2.3720,3.4039,2.5471,3.8609,2.1680,8.0216,7.6226
566,56.6000,rep1,2.7524,3.2080,1.8815,3.2156,2.7279,3.3348,1.8976,8.1038,7.4996
567,56.7000,rep1,2.7340,2.8980,2.4207,2.8208,2.5957,2.9820,1.5830,8.0633,7.4273
568,56.8000,rep1,2.3084,3.3931,1.8843,3.3623,2.4939,3.4176,1.9974,7.9676,7.2347
569,56.9000,rep1,2.7481,2.8284,2.1397,2.9769,2.8386,3.3529,1.7877,7.8762,7.2283
570,57.0000,rep1,2.9260,2.6834,2.4321,3.1953,2.7394,3.5750,1.8519,8.1990,7.2311
571,57.1000,rep1,2.8334,2.9957,1.9426,3.3668,2.5784,3.1677,1.8035,8.1546,7.4450
572,57.2000,rep1,2.5513,3.2356,1.8358,3.3327,2.5989,3.2446,1.9943,8.1748,7.3145
573,57.3000,rep1,2.7136,3.1457,2.2590,3.0411,2.5656,3.1495,2.2052,8.3023,7.1200
574,57.4000,rep1,2.6673,2.7369,2.8684,2.8455,2.5620,2.7543,1.7438,8.4451,7.2415
575,57.5000,rep1,2.7761,2.9197,2.5549,3.1558,2.6941,3.3693,1.8864,8.5873,7.4076
576,57.6000,rep1,2.6451,3.0277,1.9155,3.5582,2.7686,3.5905,2.1828,8.4582,7.4426
577,57.7000,rep1,2.5661,3.1234,2.1049,3.4421,2.7313,3.3721,1.7560,8.1961,7.4395
578,57.8000,rep1,2.6660,3.3372,2.0982,3.1184,2.5652,3.5784,1.8603,8.2010,7.5559
579,57.9000,rep1,3.3500,2.8521,2.1395,3.0061,2.6658,2.9698,1.8820,8.4411,7.7207
580,58.0000,rep1,2.6970,3.1278,1.9739,3.0685,2.7133,3.1867,1.9876,8.5504,7.7933
581,58.1000,rep1,3.0726,2.9132,2.5422,2.7008,2.8040,3.6249,1.9521,8.5560,7.7085
582,58.2000,rep1,3.2604,2.5658,2.2645,3.2043,2.6140,3.5633,2.7465,8.5133,7.6215
583,58.3000,rep1,2.7703,3.1229,1.9084,3.1013,2.5298,3.2832,2.3633,8.5990,7.6532
584,58.4000,rep1,2.6315,3.0528,1.9639,2.8577,2.5969,3.2526,2.3916,8.5380,7.6730
585,58.5000,rep1,2.8182,2.8095,2.0995,2.6468,2.6895,3.2367,1.8411,8.5420,7.4451
586,58.6000,rep1,2.6982,3.0479,1.8902,2.9573,2.5734,3.4383,1.7608,8.5207,7.2474
587,58.7000,rep1,2.8136,2.9265,2.0311,2.8481,2.5514,3.6766,2.4447,8.4414,7.0793
588,58.8000,rep1,2.4163,3.2810,1.8888,3.2895,2.7149,4.0488,2.0072,8.2404,7.1614
589,58.9000,rep1,3.0993,2.7466,2.2669,3.1834,2.5689,3.3656,1.7895,8.3481,7.3340
590,59.0000,rep1,2.9549,2.6679,2.4870,2.8210,2.6827,3.5031,1.6501,8.2389,7.1921
591,59.1000,rep1,2.7359,2.9921,2.1553,3.0396,2.5003,3.4414,2.2481,8.3132,6.9074
592,59.2000,rep1,2.8607,2.9159,2.1469,3.0163,2.5700,3.6041,2.3104,8.3191,6.9661
593,59.3000,rep1,1.9556,3.7400,1.6787,2.7805,2.7091,2.8635,1.8259,8.3249,7.3385
594,59.4000,rep1,2.1232,3.5229,1.9307,2.8732,2.5552,3.5174,1.9207,8.2425,7.5126
595,59.5000,rep1,2.5972,3.2775,1.8064,2.5512,2.6958,4.1819,2.3701,8.1707,7.4872
596,59.6000,rep1,2.4903,3.2057,2.1063,2.6966,2.5309,3.5384,1.9444,8.0866,7.4592
597,59.7000,rep1,2.3503,3.1007,2.4464,2.5410,2.6131,3.4689,2.1182,8.1240,7.6786
598,59.8000,rep1,2.6109,3.2795,2.1364,2.6066,2.5628,3.2563,2.3653,8.2985,7.7058
599,59.9000,rep1,2.7425,3.2298,1.9943,3.1124,2.5379,3.5862,1.8016,8.2524,7.6479
600,60.0000,rep1,2.7963,2.9964,2.1387,3.0297,2.5888,3.4338,1.8332,8.3038,7.3811
601,60.1000,rep1,2.5513,3.2308,2.0569,2.6809,2.5332,3.5648,1.8934,8.2676,7.2528
602,60.2000,rep1,2.3500,3.1157,2.1111,3.1737,2.4967,3.3738,2.1509,8.3339,7.5111
603,60.3000,rep1,3.0369,2.6161,2.3051,2.9240,2.7306,3.2303,1.9499,8.4353,7.7024
604,60.4000,rep1,3.0940,2.9239,2.5788,2.9374,2.5140,3.4927,1.8892,8.4782,7.6648
605,60.5000,rep1,2.3148,3.2348,1.8718,3.3120,2.6109,3.5306,1.8742,8.4556,7.5884
606,60.6000,rep1,2.3381,3.3947,1.8638,3.0440,2.5248,3.4829,1.8709,8.2303,7.4919
607,60.7000,rep1,2.7751,3.0443,1.9411,2.9030,2.5903,3.6397,2.0518,7.8571,7.3007
608,60.8000,rep1,2.8412,3.0109,2.1346,3.1751,2.5486,3.3610,1.9555,7.9759,7.3396
609,60.9000,rep1,2.7732,2.7992,2.2517,3.0141,2.6045,3.6942,1.9005,8.1112,7.6365
610,61.0000,rep1,2.9478,3.2752,1.8966,3.0716,2.6873,4.0399,1.8365,8.0847,7.6817
611,61.1000,rep1,2.4192,3.0196,1.9365,2.7399,2.6293,3.4596,1.7804,8.0270,7.6010
612,61.2000,rep1,3.0132,2.9212,2.1480,3.0624,2.5863,3.6616,1.9638,8.0369,7.5593
613,61.3000,rep1,2.7234,2.7566,2.1204,3.0480,2.5668,3.8150,1.8551,7.8827,7.7040
614,61.4000,rep1,2.6554,3.1007,1.9351,3.0817,2.5608,3.5243,1.9346,7.8562,7.8741
615,61.5000,rep1,2.5887,3.1921,1.8140,3.0575,2.5319,3.6572,1.9220,7.7488,7.9859
616,61.6000,rep1,3.2918,2.9964,2.1785,3.0986,2.6826,3.3667,1.8818,7.6894,7.8407
617,61.7000,rep1,2.8006,3.0430,2.4960,3.0596,2.5457,3.6759,1.8199,7.8812,7.7040
618,61.8000,rep1,2.9054,3.0704,1.9917,3.0446,2.5810,3.3374,1.7667,8.1054,7.6107
619,61.9000,rep1,2.9172,2.8753,2.1872,3.0035,2.6852,3.5036,1.8333,8.3110,7.6297
620,62.0000,rep1,2.5665,2.9223,2.1291,2.9247,2.6999,3.9959,1.7649,8.3451,7.5987
621,62.1000,rep1,2.9473,2.7432,2.2942,3.3641,2.5146,3.5645,2.2133,8.3545,7.4522
622,62.2000,rep1,2.8435,3.0183,2.1010,2.8512,2.6120,3.3183,2.0436,8.3647,7.5651
623,62.3000,rep1,3.0386,2.8206,1.9319,3.3127,2.4817,3.5110,2.0058,8.3968,7.5285
624,62.4000,rep1,3.0249,2.7308,2.3006,2.7481,2.6759,3.2860,1.9244,8.4388,7.4376
625,62.5000,rep1,2.8072,3.0015,2.0447,3.3216,2.6249,3.6004,2.5089,8.3583,7.4621
626,62.6000,rep1,3.0182,2.8167,1.9656,3.2618,2.6024,3.4343,1.7122,8.3379,7.5450
627,62.7000,rep1,3.1134,2.6307,1.8717,3.1783,2.6243,3.5452,1.8904,8.4320,7.4858
628,62.8000,rep1,3.0241,2.7894,2.0429,3.2389,2.7970,3.4552,2.0907,8.4108,7.5165
629,62.9000,rep1,2.8670,3.1286,2.2397,3.4397,2.5741,3.6321,1.9171,8.5538,7.6429
630,63.0000,rep1,3.1884,2.6465,2.2215,2.5816,2.6387,3.4006,2.0401,8.6176,7.5409
631,63.1000,rep1,3.2753,2.9247,1.7983,3.5110,2.5955,3.3334,1.8359,8.6476,7.2457
632,63.2000,rep1,2.7226,3.0276,2.2377,3.1219,2.5864,3.3987,2.0981,8.7480,6.9145
633,63.3000,rep1,3.1429,2.9499,2.0269,3.1836,2.5467,3.4617,2.3674,8.5944,6.8948
634,63.4000,rep1,3.0751,2.9109,1.9612,3.2498,2.7851,3.1415,2.4242,8.6273,7.0674
635,63.5000,rep1,3.0858,2.7327,2.2018,3.0716,2.5957,3.5932,2.2959,8.6077,7.1400
636,63.6000,rep1,3.2218,3.0068,1.9323,3.2428,2.5310,3.1398,1.9368,8.6319,7.2237
637,63.7000,rep1,3.0549,2.8858,2.0430,2.9383,2.6194,3.2635,2.1361,8.4294,7.3903
638,63.8000,rep1,2.9338,3.1824,2.2610,3.5307,2.5488,3.6058,2.4843,8.3769,7.4964
639,63.9000,rep1,3.1897,3.0668,2.4275,2.8905,2.5139,3.3708,2.0809,8.4166,7.5899
640,64.0000,rep1,2.8753,2.9564,1.7231,2.6479,2.5536,3.6065,2.4396,8.2728,7.7809
641,64.1000,rep1,2.8202,3.1708,2.0275,2.8234,2.6040,3.5584,2.6103,8.0974,7.9715
642,64.2000,rep1,2.6602,3.0348,1.8280,3.0606,2.7224,3.8096,2.7381,7.9839,8.0951
643,64.3000,rep1,2.9391,3.1213,2.0922,2.6876,2.5663,3.2285,2.5949,7.9889,8.0943
644,64.4000,rep1,2.3244,3.3915,1.7703,2.8624,2.5641,3.2895,2.7225,8.3597,8.1846
645,64.5000,rep1,2.8339,3.3908,1.8994,2.5095,2.5708,3.9715,2.4006,8.5395,8.1475
646,64.6000,rep1,3.1057,3.0793,1.8439,3.1357,2.5701,3.6626,2.1047,8.5756,7.7914
647,64.7000,rep1,3.1173,2.7915,2.3122,2.9126,2.5763,3.4398,2.3947,8.4791,7.4542
648,64.8000,rep1,3.0054,2.8469,2.2669,3.2974,2.5751,3.4673,2.8580,8.3820,7.4798
649,64.9000,rep1,2.5461,3.2587,1.9750,3.0698,2.5094,3.7235,2.8020,8.6445,7.3647
650,65.0000,rep1,2.7811,3.2996,2.1391,3.3556,2.5598,3.4658,3.0509,8.9542,7.3343
651,65.1000,rep1,2.8031,3.0909,1.9775,3.2261,2.5694,3.7369,2.7766,8.9670,7.3949
652,65.2000,rep1,3.0360,2.7704,2.6010,2.9905,2.5033,3.8160,2.0112,8.8123,7.3837
653,65.3000,rep1,2.7647,2.8455,2.2273,3.3682,2.5223,3.8469,2.0644,8.6021,7.2798
654,65.4000,rep1,2.7116,3.3514,1.9572,3.3766,2.7305,3.7660,2.6396,8.4366,7.3266
655,65.5000,rep1,2.7381,3.0747,1.9756,3.1393,2.6855,3.5049,2.2625,8.4075,7.3488
656,65.6000,rep1,2.8115,2.9482,2.4037,3.0015,2.6490,3.1194,1.9517,8.4037,7.4055
657,65.7000,rep1,2.4014,3.2993,1.8831,3.0681,2.6338,3.0802,2.0466,8.2714,7.4229
658,65.8000,rep1,2.8517,3.0141,1.9798,3.0952,2.6238,3.2535,2.1805,8.2386,7.4311
659,65.9000,rep1,2.5133,3.2865,1.8672,3.3198,2.6455,3.3118,2.8043,8.3682,7.4607
660,66.0000,rep1,2.7578,2.9401,1.8808,3.2969,2.5268,3.7473,2.2350,8.4911,7.5770
661,66.1000,rep1,3.0591,2.9555,1.9976,3.1117,2.6413,3.8292,2.7415,8.6415,7.7151
662,66.2000,rep1,2.9094,2.9686,2.1468,3.4078,2.5625,3.6989,2.6213,8.7480,7.7306
663,66.3000,rep1,2.7731,3.1926,2.0041,3.2010,2.6236,3.5201,3.0646,9.0618,7.6592
664,66.4000,rep1,2.6590,2.9246,1.9431,2.5157,2.6024,3.6922,2.2586,9.0205,7.6768
665,66.5000,rep1,2.8827,2.9839,2.5651,3.0534,2.6101,3.4601,2.1232,8.7245,7.6773
666,66.6000,rep1,2.6131,3.2607,1.8157,3.0271,2.6441,3.8962,2.6310,8.6543,7.5569
667,66.7000,rep1,3.1020,2.7911,2.2781,2.9286,2.5482,3.5773,3.0510,8.4238,7.3529
668,66.8000,rep1,2.3798,3.2495,2.0263,3.1073,2.5841,3.7072,3.3335,8.4396,7.1454
669,66.9000,rep1,2.5139,3.5253,2.0164,2.9289,2.5871,3.2444,2.4726,8.4251,7.0591
670,67.0000,rep1,2.9399,2.7789,2.3168,3.1388,2.6701,3.2180,1.7917,8.5133,7.1205
671,67.1000,rep1,2.7269,2.9876,2.1762,3.2172,2.5870,3.6195,2.1634,8.6396,7.2650
672,67.2000,rep1,2.3927,3.1849,1.9260,3.0056,2.6132,3.5696,1.9456,8.5793,7.3445
673,67.3000,rep1,2.6641,3.0112,1.9387,2.7664,2.5137,3.3885,1.8936,8.3863,7.2700
674,67.4000,rep1,2.8671,3.0041,1.9786,2.8786,2.6464,3.2185,2.0183,8.3740,7.2846
675,67.5000,rep1,2.7301,3.0184,2.1474,3.3725,2.6112,3.1359,1.8883,8.2599,7.3521
676,67.6000,rep1,2.7330,3.2175,1.8879,2.7681,2.5813,3.1637,1.9830,8.1299,7.4138
677,67.7000,rep1,2.7761,2.9711,2.0179,3.2987,2.5840,3.4975,2.5860,8.3250,7.2745
678,67.8000,rep1,2.7720,2.9876,2.0939,3.6176,2.5594,3.3068,2.2358,8.3467,7.2967
679,67.9000,rep1,2.7128,2.8681,2.0694,3.0955,2.6171,3.1048,1.7567,8.4392,7.0510
680,68.0000,rep1,2.8311,2.7298,1.9600,3.1284,2.6342,3.0056,1.9732,8.5394,7.0427
681,68.1000,rep1,2.7837,3.1121,1.8937,2.9914,2.5624,3.5913,2.6419,8.7200,7.2393
682,68.2000,rep1,2.5994,2.8808,2.5397,3.2344,2.5915,4.0226,2.2475,8.8215,7.2507
683,68.3000,rep1,3.4980,2.3374,2.3584,3.2061,2.5489,4.0109,2.4989,8.8121,7.4048
684,68.4000,rep1,2.7953,3.3235,1.7330,2.8416,2.6970,3.1538,1.9518,8.9262,7.3797
685,68.5000,rep1,2.6023,3.2697,2.1144,3.0050,2.7878,3.5339,2.1167,8.8760,7.2769
686,68.6000,rep1,2.6708,3.0463,2.1702,2.7730,2.5444,3.2244,2.3864,8.5927,7.0941
687,68.7000,rep1,2.6425,3.4849,1.9214,3.3823,2.6810,3.0608,2.3392,8.4146,6.9628
688,68.8000,rep1,2.7400,3.5752,2.0467,2.9974,2.6604,3.3238,1.9049,8.4962,6.9798
689,68.9000,rep1,2.9828,2.9284,2.1255,3.0091,2.6242,3.7934,2.1458,8.6699,7.0262
690,69.0000,rep1,3.3516,2.6694,2.2271,3.3830,2.5343,3.7764,1.8288,8.4343,7.0908
691,69.1000,rep1,2.5405,3.1253,1.7536,3.1265,2.6326,3.5038,2.1957,8.4524,7.1791
692,69.2000,rep1,2.9107,2.5364,2.1524,3.0283,2.6808,3.6388,1.8696,8.4895,7.4697
693,69.3000,rep1,3.1484,2.7494,1.8683,3.4222,2.6125,3.9573,2.1318,8.3702,7.5937
694,69.4000,rep1,3.0922,2.6832,1.9944,3.0724,2.6322,3.5543,2.2649,8.4016,7.6145
695,69.5000,rep1,2.9853,2.5685,2.1090,3.4105,2.5777,3.3318,1.8705,8.4188,7.5768
696,69.6000,rep1,2.8225,3.0989,1.9185,3.5317,2.6520,3.2273,1.9362,8.3301,7.4448
697,69.7000,rep1,2.6096,2.6079,2.2863,3.4358,2.5893,3.0759,2.0239,8.2696,7.4266
698,69.8000,rep1,2.8700,2.8696,2.4330,3.3819,2.5938,3.4571,2.0528,8.3303,7.4822
699,69.9000,rep1,2.7223,3.0872,2.1486,3.3042,2.6663,3.8157,1.7874,8.3139,7.6306
700,70.0000,rep1,2.8209,2.8588,2.3392,2.9091,2.6300,4.0122,1.8390,8.3915,7.5549
701,70.1000,rep1,2.3094,3.5316,1.9269,3.1220,2.5990,3.7646,1.6994,8.3199,7.4205
702,70.2000,rep1,2.6509,3.1576,2.1180,3.0992,2.5783,3.6499,1.8663,8.2633,7.3423
703,70.3000,rep1,2.6594,2.8996,1.9463,2.9871,2.6940,3.2304,1.6257,8.2358,7.4343
704,70.4000,rep1,2.9038,2.9619,2.1093,3.1845,2.4629,2.9733,1.9508,8.3797,7.5030
705,70.5000,rep1,2.9381,2.5827,2.1959,2.7841,2.5924,3.3904,2.0801,8.3594,7.4823
706,70.6000,rep1,2.6324,3.0798,1.8799,3.1303,2.6592,3.2686,1.8524,8.2279,7.4852
707,70.7000,rep1,2.7232,3.0770,2.0043,3.0167,2.5927,3.0257,2.0315,8.1875,7.3883
708,70.8000,rep1,2.6243,3.1370,1.8108,3.0168,2.7606,3.3395,1.9708,8.0744,7.4949
709,70.9000,rep1,2.4473,3.3933,1.9111,2.9066,2.6007,3.4182,1.8467,8.0569,7.2035
710,71.0000,rep1,2.7395,2.7501,2.3871,2.8841,2.5348,3.3061,1.8546,8.2568,7.2489
711,71.1000,rep1,2.7429,3.0549,1.8465,3.2275,2.6465,3.5427,2.9368,8.5867,7.3920
712,71.2000,rep1,2.8151,2.8291,2.3081,3.0138,2.5378,3.6697,2.9225,8.5034,7.4699
713,71.3000,rep1,2.7370,2.9162,1.8131,3.2096,2.5839,3.4901,2.7540,8.5808,7.6629
714,71.4000,rep1,3.3015,2.3059,2.3665,2.9509,2.5730,3.0993,1.7939,8.4944,7.6723
715,71.5000,rep1,2.8983,2.6847,1.9997,3.0518,2.5811,3.4165,2.0343,8.6553,7.8538
716,71.6000,rep1,2.7828,3.0567,2.0192,2.8477,2.6918,3.4950,2.2643,9.0061,7.9022
717,71.7000,rep1,2.9243,2.7655,2.0441,3.0720,2.5037,3.5667,2.4279,8.9918,7.9201
718,71.8000,rep1,2.8697,2.7806,2.1655,3.2324,2.6776,3.1136,1.8548,9.0217,7.7525
719,71.9000,rep1,2.5989,3.1753,2.3448,3.1426,2.6379,3.0317,2.2516,9.1170,7.4643
720,72.0000,rep1,2.8402,2.7408,1.8755,3.1023,2.6007,3.7821,2.7608,9.1219,7.3430
721,72.1000,rep1,3.1628,2.9387,1.9508,3.0749,2.6954,3.6298,2.7885,9.0056,7.2975
722,72.2000,rep1,2.8821,2.7772,1.8277,3.3905,2.6865,3.2824,2.1773,8.9776,7.1426
723,72.3000,rep1,2.8325,3.0947,2.4490,2.7065,2.7380,3.2175,2.2064,9.1681,7.0742
724,72.4000,rep1,2.6393,3.2937,1.7939,3.2408,2.5944,3.4862,2.2691,9.4198,7.2065
725,72.5000,rep1,2.8025,2.9279,2.1231,2.9565,2.6554,3.2532,2.0347,9.4975,7.2117
726,72.6000,rep1,2.8674,2.9058,1.7533,3.0689,2.5914,3.4179,1.9170,9.3534,7.2444
727,72.7000,rep1,2.8545,2.8374,2.3554,2.7383,2.6111,3.0550,2.3653,9.1301,7.1326
728,72.8000,rep1,2.8190,2.8655,2.2908,2.7024,2.6062,3.2090,2.6174,9.1108,7.0724
729,72.9000,rep1,2.5885,3.1266,1.8699,2.8075,2.9435,3.2023,3.6453,9.1085,7.1650
730,73.0000,rep1,3.0939,2.8401,1.9096,2.9414,3.0801,3.5966,3.3624,8.9625,7.1874
731,73.1000,rep1,2.7033,3.2131,2.0237,3.1313,3.3693,3.4139,2.2519,9.0753,7.3395
732,73.2000,rep1,2.0659,3.7607,2.0703,2.7546,3.1468,3.0675,2.6840,9.1556,7.4385
733,73.3000,rep1,2.4776,3.3763,2.2239,2.4187,3.2366,2.9378,2.8031,9.3673,7.3651
734,73.4000,rep1,3.0607,2.7376,2.4313,3.2999,3.2497,2.9939,2.0593,9.5130,7.3504
735,73.5000,rep1,2.9030,2.9744,1.9152,3.0621,2.8411,2.4409,2.2087,9.3386,7.1743
736,73.6000,rep1,2.8192,3.0026,2.1609,2.9509,3.1945,2.5558,2.3315,9.1517,7.1707
737,73.7000,rep1,2.7911,3.1193,2.1876,3.2876,3.2204,3.1008,2.1686,8.9742,7.1340
738,73.8000,rep1,2.8890,2.7437,2.1880,3.0372,3.0193,2.9603,2.3157,8.9514,6.9153
739,73.9000,rep1,2.9619,2.9437,1.8790,3.6077,3.3251,3.1101,1.9008,9.2108,6.8072
740,74.0000,rep1,2.8643,3.0023,2.1377,2.8393,3.1430,3.3620,2.8095,9.2990,6.7937
741,74.1000,rep1,2.9192,2.8576,1.9896,3.1253,2.9104,3.4617,3.6034,9.4247,7.0273
742,74.2000,rep1,3.2320,2.4965,2.1061,3.4165,3.0223,3.4059,2.6926,9.4913,7.1954
743,74.3000,rep1,2.9458,2.9103,2.0176,3.0349,3.2807,3.3671,2.8913,9.6564,7.2408
744,74.4000,rep1,3.1601,2.9085,2.2998,2.9036,3.1669,3.2983,2.8142,9.6002,7.3476
745,74.5000,rep1,2.7978,3.1310,1.9401,3.3361,2.8720,2.9201,2.5943,9.1274,7.3523
746,74.6000,rep1,2.9671,2.8998,2.0827,2.8648,2.9134,3.3940,2.8576,8.8323,7.3343
747,74.7000,rep1,3.0436,3.2691,2.0986,3.5482,3.1303,3.3811,2.7972,8.6179,7.2939
748,74.8000,rep1,2.8378,2.8072,2.1778,2.8999,3.1487,3.8702,2.5834,8.8081,7.2575
749,74.9000,rep1,3.0887,2.7882,2.0876,3.4243,3.1557,3.2605,3.3431,9.0873,7.2345
750,75.0000,rep1,3.1297,2.9892,1.9818,3.3133,3.2698,2.8392,2.5608,8.9485,6.9724
751,75.1000,rep1,2.8477,2.8865,2.0051,3.5297,2.8409,2.9390,2.1064,8.8831,7.1742
752,75.2000,rep1,2.5975,3.0186,2.0354,3.1505,2.8977,2.8245,2.3513,8.6866,7.3498
753,75.3000,rep1,2.7024,3.1351,1.9673,3.3702,3.0866,3.0315,2.2516,8.7665,7.2083
754,75.4000,rep1,3.0761,2.8651,2.1712,2.9938,2.9355,2.7043,1.9432,8.8746,7.0975
755,75.5000,rep1,3.1125,2.9695,2.0613,3.0535,2.9598,2.8844,2.5550,8.8077,7.1370
756,75.6000,rep1,2.9349,2.8695,2.3589,2.9257,3.3321,3.4456,3.2726,8.8319,7.2598
757,75.7000,rep1,2.9856,2.8333,2.0279,3.0965,3.1952,3.5994,3.0028,8.8689,7.2301
758,75.8000,rep1,2.9465,2.9164,2.2459,3.2012,3.4006,3.2595,3.1838,8.8874,7.1863
759,75.9000,rep1,2.6984,3.0956,2.3688,2.7392,3.3728,3.3975,2.8276,9.0602,7.4259
760,76.0000,rep1,2.8624,2.9740,2.2624,2.7628,3.1950,3.5798,3.2487,9.1492,7.5009
761,76.1000,rep1,2.8073,3.1132,1.9337,3.1918,3.3418,3.3334,2.6096,9.0062,7.6903
762,76.2000,rep1,3.3403,2.4934,2.0150,2.9476,3.1123,2.9535,2.2810,8.9800,7.8757
763,76.3000,rep1,3.2713,2.7101,2.0338,3.2073,2.9845,3.2545,2.7579,8.8932,7.7340
764,76.4000,rep1,2.6571,3.0090,2.3176,2.6924,3.1479,3.6640,3.7054,8.8133,7.6362
765,76.5000,rep1,2.7356,2.7206,2.0698,2.9473,3.3573,3.2793,2.8267,8.7910,7.5090
766,76.6000,rep1,3.2035,2.7948,2.1613,2.9929,2.9480,2.9456,2.1123,8.6090,7.5800
767,76.7000,rep1,3.1809,2.7774,1.9731,2.9293,2.7182,2.9464,2.1499,8.4744,7.6001
768,76.8000,rep1,2.9889,2.8385,1.9553,3.3008,2.7688,3.1337,2.8058,8.5585,7.5333
769,76.9000,rep1,2.7183,2.9512,2.1691,2.5469,2.4873,3.4738,2.4406,8.7200,7.6549
770,77.0000,rep1,2.9284,3.1651,1.9531,2.8082,2.6733,3.2376,2.5462,8.7403,7.3412
771,77.1000,rep1,2.8844,2.6538,2.1866,2.7789,2.5470,3.0414,1.9954,8.8245,7.2119
772,77.2000,rep1,2.7756,3.1015,1.7501,2.8764,2.6585,2.9519,2.1614,8.7097,7.0358
773,77.3000,rep1,2.7215,3.0770,2.2155,2.7322,2.6423,3.2422,1.7616,8.5337,7.1059
774,77.4000,rep1,2.7013,2.9070,2.0921,2.9368,2.6521,3.1599,1.9532,8.5697,7.2043
775,77.5000,rep1,2.6818,3.0005,2.3677,3.0123,2.6275,3.2034,2.3159,8.8477,7.5030
776,77.6000,rep1,3.2155,2.7964,2.0648,3.3177,2.5818,3.3721,2.6338,8.8380,7.8492
777,77.7000,rep1,2.8737,2.7542,1.9632,3.3518,2.5840,3.3916,2.9407,8.8926,8.1599
778,77.8000,rep1,2.7775,2.9413,2.2508,3.1263,2.6100,3.2371,2.2816,8.9420,8.2241
779,77.9000,rep1,2.8723,3.2166,2.0959,3.6380,2.5060,3.5950,1.9228,8.8698,8.1015
780,78.0000,rep1,2.6306,3.3250,1.9740,2.8323,2.5535,3.2741,1.9845,8.9601,7.8697
781,78.1000,rep1,3.2732,2.5681,2.3058,3.3177,2.5904,3.5128,2.0518,9.0778,7.6125
782,78.2000,rep1,2.9430,3.1093,1.8997,3.3461,2.6293,3.4903,2.0455,9.0134,7.4635
783,78.3000,rep1,3.2023,2.5083,2.3247,3.0013,2.6398,3.4996,1.9716,8.7711,7.3869
784,78.4000,rep1,3.1812,2.9757,1.7339,3.6450,2.6173,3.0058,1.6224,8.7102,7.3990
785,78.5000,rep1,2.8036,2.8599,2.3971,2.7643,2.5276,3.5156,2.3122,8.7294,7.3554
786,78.6000,rep1,3.0417,3.0862,2.1088,3.0641,2.6904,2.9123,2.4327,8.3716,7.4822
787,78.7000,rep1,2.5296,3.1675,2.0698,2.7761,2.4849,2.8322,2.0066,8.2699,7.5683
788,78.8000,rep1,2.7047,3.3723,1.8269,2.9410,2.5046,3.0120,1.9614,8.4435,7.6782
789,78.9000,rep1,3.0182,2.7390,2.1488,3.1275,2.6776,3.0814,2.4674,8.5381,7.7826
790,79.0000,rep1,2.7358,3.1335,1.8731,2.9832,2.6541,3.0546,1.9385,8.5920,7.6557
791,79.1000,rep1,2.8049,2.9100,1.8369,2.9102,2.5586,2.9955,2.2307,8.8449,7.4126
792,79.2000,rep1,2.9636,2.7683,1.9799,2.8393,2.6597,3.2295,2.3854,9.0589,7.1841
793,79.3000,rep1,2.6894,3.1516,2.1315,3.0910,2.5396,3.1856,2.0760,9.0625,7.1575
794,79.4000,rep1,3.0351,2.6811,2.1477,2.8689,2.7525,3.1191,2.2283,8.8281,7.2110
795,79.5000,rep1,3.0116,2.7623,1.9740,3.2553,2.5262,3.1773,2.2953,8.8506,7.0459
796,79.6000,rep1,2.6028,3.1217,1.9664,3.0948,2.6202,3.1369,2.2212,8.9757,6.9794
797,79.7000,rep1,2.9867,2.9433,1.9707,2.9753,2.6713,3.0955,2.5903,8.9076,6.8403
798,79.8000,rep1,3.0377,3.1837,1.8229,2.9689,2.7853,2.8663,2.0143,8.7549,6.7427
799,79.9000,rep1,2.5677,3.5336,2.0611,3.4709,2.8656,2.9203,2.1775,8.7249,6.7269
800,80.0000,rep1,2.8243,3.0719,1.8755,3.3694,3.0933,3.4231,2.8423,8.7741,7.0820
801,80.1000,rep1,3.0974,2.8934,2.4522,2.8050,2.9491,3.8823,2.1962,8.8170,7.3094
802,80.2000,rep1,3.0892,3.3458,2.1080,3.0215,2.7720,3.6371,2.1933,8.7873,7.5354
803,80.3000,rep1,3.3104,2.7087,2.4878,3.0671,2.9011,3.5003,2.3362,8.7084,7.7928
804,80.4000,rep1,3.0014,2.5779,2.3078,3.1962,2.5395,3.6010,2.5387,8.8652,7.9171
805,80.5000,rep1,3.0402,2.7747,2.0714,3.1178,2.6939,3.5907,1.9892,8.9898,7.8898
806,80.6000,rep1,2.8334,2.7521,2.2851,3.6990,2.8703,3.2484,2.1601,8.8881,7.8394
807,80.7000,rep1,2.8651,3.0145,2.1845,3.6518,2.5616,3.1011,2.0964,8.6491,7.6442
808,80.8000,rep1,3.3259,2.6783,2.0632,3.1200,2.6979,3.2359,2.2313,8.7121,7.4932
809,80.9000,rep1,3.2671,2.8156,2.1412,2.8751,2.6423,3.5078,2.8902,8.7560,7.1412
810,81.0000,rep1,2.9391,3.1824,1.9120,2.9505,2.7974,3.6410,2.4438,8.8443,6.9238
811,81.1000,rep1,3.0524,2.6789,2.2370,2.9280,2.6702,3.0809,2.0927,9.1446,6.9562
812,81.2000,rep1,2.5681,3.0929,1.9062,2.7935,2.7672,2.9964,2.0316,9.1037,7.2581
813,81.3000,rep1,3.1890,3.0644,2.0032,2.8242,2.4887,3.1990,2.1010,9.0786,7.4537
814,81.4000,rep1,2.9458,2.9162,1.7442,3.1255,2.6509,3.1215,2.2336,8.9680,7.6030
815,81.5000,rep1,2.9803,2.8626,2.0955,3.2362,2.5745,3.4320,2.0783,8.6350,7.6212
816,81.6000,rep1,2.8472,2.8298,2.3079,3.1850,2.5935,3.1221,2.2071,8.6160,7.6820
817,81.7000,rep1,3.5921,2.6505,2.4776,3.2420,2.6560,3.1303,2.1939,8.5189,7.4472
818,81.8000,rep1,2.6206,3.0359,2.3856,2.9630,2.5931,3.1815,2.6830,8.4027,7.5477
819,81.9000,rep1,3.0228,2.8370,1.9477,3.9220,2.5489,3.6211,2.7300,8.3434,7.5643
820,82.0000,rep1,2.7987,3.1410,1.8757,3.2413,2.5678,3.6949,2.1781,8.6275,7.3994
821,82.1000,rep1,2.8961,2.8740,2.5110,3.3470,2.5819,3.3990,2.3325,8.5456,7.3414
822,82.2000,rep1,2.6460,3.2344,2.1892,3.5091,2.6231,3.4419,2.0171,8.4363,7.2716
823,82.3000,rep1,2.4772,3.1226,2.0528,2.6716,2.6418,3.4883,2.1341,8.1842,7.0397
824,82.4000,rep1,2.9857,3.0264,1.9948,3.5423,2.6439,3.4124,2.0542,8.4010,7.2609
825,82.5000,rep1,2.9728,2.8353,1.8735,3.0329,2.5610,3.1166,2.3997,8.5991,7.3144
826,82.6000,rep1,2.7915,3.1423,2.1119,2.9686,2.6262,3.4317,2.0709,8.7088,7.3817
827,82.7000,rep1,2.8825,2.9001,2.1306,3.1511,2.6086,3.6922,2.4376,8.7951,7.3631
828,82.8000,rep1,2.9041,2.9753,2.1062,3.0324,2.5314,3.5703,3.2601,8.5583,7.2063
829,82.9000,rep1,2.5773,3.1589,2.0367,3.2502,2.7386,3.8520,2.9459,8.5413,7.1957
830,83.0000,rep1,3.0035,2.9881,1.7924,2.9485,2.5018,3.5971,2.5567,8.9153,7.0736
831,83.1000,rep1,3.0622,2.6963,2.1631,3.1488,2.7182,3.3560,2.0502,9.0937,6.8983
832,83.2000,rep1,3.1212,3.0598,1.8580,2.9747,2.5224,3.2584,2.0094,9.1438,6.9023
833,83.3000,rep1,2.6601,2.9340,2.0750,3.3132,2.6273,2.9551,2.0768,9.0279,7.0012
834,83.4000,rep1,2.9102,2.5591,2.1783,3.1923,2.5550,2.7776,1.9923,8.9393,6.9808
835,83.5000,rep1,2.5740,3.0840,2.2546,2.9719,2.8006,3.1811,2.2311,8.8412,6.8416
836,83.6000,rep1,2.4762,3.2039,1.8182,2.8769,2.6235,3.0377,2.1277,8.7590,6.7514
837,83.7000,rep1,2.7818,2.9417,2.1613,2.7512,2.9727,3.2684,1.9076,8.8743,6.9370
838,83.8000,rep1,2.8437,2.8213,1.9776,2.7987,2.5881,3.4081,2.2262,8.8954,7.3596
839,83.9000,rep1,2.5510,3.3129,1.7803,3.4345,2.5565,3.3381,3.1858,8.9714,7.5691
840,84.0000,rep1,2.4169,3.7035,1.8168,3.0435,2.6518,3.5384,2.6912,9.1075,7.4526
841,84.1000,rep1,2.9138,3.1092,2.0434,3.3123,2.6011,3.1457,2.0917,9.0086,7.2584
842,84.2000,rep1,2.7058,3.0242,1.9614,3.3209,2.6357,3.2559,2.1737,8.9313,7.3095
843,84.3000,rep1,2.6277,3.5052,2.0531,3.0896,2.6008,3.4947,2.0967,8.7777,7.3463
844,84.4000,rep1,2.1568,3.4612,1.8161,2.8814,2.6676,3.2846,2.1676,8.4889,7.3975
845,84.5000,rep1,2.6367,3.1828,1.9824,3.0302,2.7104,3.4552,1.8428,8.5489,7.4072
846,84.6000,rep1,2.5689,3.3316,1.8110,3.2852,2.6405,3.2768,2.0366,8.5216,7.2155
847,84.7000,rep1,2.5678,3.0879,2.4355,3.3996,2.4974,3.6534,2.9350,8.3621,7.2591
848,84.8000,rep1,2.5403,2.8274,2.1743,2.9400,2.7412,3.4013,2.6512,8.4082,7.4391
849,84.9000,rep1,2.4699,3.2537,1.9643,2.7204,2.6592,3.0093,1.7134,8.3190,7.4285
850,85.0000,rep1,2.4916,3.1102,2.1775,2.8396,2.5433,2.9063,1.9684,8.2316,7.4176
851,85.1000,rep1,2.9021,3.0509,1.9791,3.2794,2.5875,3.4822,2.5175,8.2813,7.4016
852,85.2000,rep1,2.7401,2.6590,2.1063,2.9132,2.5831,3.4117,3.3019,8.2239,7.5319
853,85.3000,rep1,2.6592,3.2148,2.1642,2.8991,2.7479,3.3005,2.6871,8.1864,7.4768
854,85.4000,rep1,2.6070,3.1661,2.1945,2.9868,2.6479,3.6192,2.7878,8.4599,7.4944
855,85.5000,rep1,2.9164,2.9163,2.0608,3.2999,2.5917,3.4230,1.8881,8.5128,7.5038
856,85.6000,rep1,2.8438,2.8806,2.0772,3.0628,2.5050,3.1982,1.9390,8.5358,7.1592
857,85.7000,rep1,2.6466,2.9877,2.1707,3.3195,2.7688,3.5995,2.6977,8.6306,7.2804
858,85.8000,rep1,2.5523,3.0467,1.8842,3.3565,2.5568,4.1324,2.8703,8.7549,7.5267
859,85.9000,rep1,2.7988,2.9973,2.0793,3.4194,2.7518,3.8889,2.4092,8.8233,7.6107
860,86.0000,rep1,2.6633,3.0671,1.9923,3.4763,2.5496,3.8999,2.3669,8.6278,7.4850
861,86.1000,rep1,2.4697,3.2837,2.1461,2.6876,2.8412,4.0729,2.1039,8.4143,7.5577
862,86.2000,rep1,2.0788,3.8145,1.8948,2.7715,2.8246,3.7478,2.0755,8.4957,7.5421
863,86.3000,rep1,2.2121,3.2803,2.0427,2.9946,2.5314,3.5767,2.3199,8.5638,7.4186
864,86.4000,rep1,2.3909,3.2630,1.8681,2.9558,2.6421,3.5847,2.5648,8.6613,7.5155
865,86.5000,rep1,2.3598,3.2250,2.0576,2.7148,2.6293,3.2512,2.7834,8.6489,7.5366
866,86.6000,rep1,2.5458,3.5072,1.9232,3.0768,2.7856,3.6897,2.1715,8.7657,7.4133
867,86.7000,rep1,3.1019,2.8326,1.8596,3.0373,2.6971,3.6238,1.9713,8.6663,7.4204
868,86.8000,rep1,2.8249,3.0913,2.0587,3.2741,2.5454,3.2431,1.7824,8.6479,7.3694
869,86.9000,rep1,2.9587,2.9749,2.0243,2.9840,2.6605,3.6447,1.9960,8.6300,7.2742
870,87.0000,rep1,2.7024,2.9492,1.9928,2.6454,2.7007,3.3749,2.2669,8.5411,7.5482
871,87.1000,rep1,2.3191,3.4457,2.0581,2.5287,2.7639,3.9621,2.5126,8.6111,7.6346
872,87.2000,rep1,2.6567,2.9867,2.1581,2.6174,2.6484,3.6062,2.3852,8.6547,7.6689
873,87.3000,rep1,2.8797,2.7312,1.9760,2.7724,2.5414,3.2146,1.9650,8.5107,7.5192
874,87.4000,rep1,2.4796,3.4175,1.9932,3.0887,2.6119,3.2732,2.0898,8.3840,7.6973
875,87.5000,rep1,2.6955,3.1439,1.8078,3.1058,2.6760,3.7313,1.8887,8.4270,7.7819
876,87.6000,rep1,3.0780,3.0462,2.2449,3.2401,2.6848,3.9227,1.9052,8.8279,7.8745
877,87.7000,rep1,2.3271,3.5108,1.8560,2.4580,2.5694,3.5820,1.6419,9.1827,7.9429
878,87.8000,rep1,2.5341,3.3917,2.1226,3.2028,2.6227,3.8415,1.9895,9.2820,7.9456
879,87.9000,rep1,3.0873,2.8440,1.9295,3.4797,2.6750,4.4832,1.9849,9.1186,7.6305
880,88.0000,rep1,2.6887,3.1321,2.0701,2.8178,2.5794,4.0320,1.9676,9.0029,7.6605
881,88.1000,rep1,2.5910,3.2500,2.1127,3.0928,2.7315,3.8069,2.1164,8.7056,7.9330
882,88.2000,rep1,2.6550,2.9213,2.0587,3.6541,2.5500,3.4977,1.9965,8.5639,7.9152
883,88.3000,rep1,2.5659,3.1492,1.9124,2.9180,2.7034,3.5756,2.2515,8.4854,7.8345
884,88.4000,rep1,2.9769,3.0853,2.0357,3.0374,2.5150,3.7449,2.1527,8.4896,7.7998
885,88.5000,rep1,2.8299,2.8255,2.5051,3.5923,2.6788,3.6187,1.9020,8.6052,7.6639
886,88.6000,rep1,2.7568,3.1874,2.1197,3.1693,2.5300,3.9184,1.9054,8.8870,7.5415
887,88.7000,rep1,3.1416,2.6888,2.1739,3.0407,2.4825,3.5148,1.7871,8.8629,7.3226
888,88.8000,rep1,3.3006,2.8717,2.1178,3.1381,2.5631,3.2485,1.7605,8.7922,7.3415
889,88.9000,rep1,2.9529,3.1270,2.2802,3.4887,2.6245,3.4977,2.3204,8.7203,7.3914
890,89.0000,rep1,2.6652,2.9634,2.5676,3.2173,2.6623,3.3649,2.1032,8.4599,7.3727
891,89.1000,rep1,2.7785,3.1071,1.7275,2.6466,2.7916,3.1926,1.9466,8.5788,7.4311
892,89.2000,rep1,3.0562,2.9831,1.9358,3.5603,2.6718,3.4122,1.8675,8.6136,7.5717
893,89.3000,rep1,2.3797,3.2369,2.0444,2.9264,2.5757,3.9905,1.8556,8.5070,7.6762
894,89.4000,rep1,3.0860,2.8686,2.2434,3.0780,2.6348,3.8715,1.9853,8.4121,7.6097
895,89.5000,rep1,2.5268,3.2762,1.9479,2.6183,2.5337,3.7941,1.8994,8.2825,7.5543
896,89.6000,rep1,2.2273,3.4758,2.0478,2.9904,2.6317,3.9578,1.8591,8.5568,7.6753
897,89.7000,rep1,2.6971,3.3125,1.8022,2.8521,2.5482,3.5148,2.1581,8.9138,8.0781
898,89.8000,rep1,2.9400,2.5278,2.2256,2.8557,2.5797,3.4429,1.7497,9.3836,8.2950
899,89.9000,rep1,2.7206,3.5464,1.8600,3.3813,2.6307,3.6973,2.2086,9.3497,8.3340
900,90.0000,rep1,2.8472,3.2444,2.2397,3.0890,2.8371,3.8067,1.9688,9.3224,8.1313
901,90.1000,rep1,2.8463,3.1895,2.3520,3.1342,2.7369,3.6264,1.8072,9.1816,7.7901
902,90.2000,rep1,3.0886,2.9346,2.4865,3.4612,2.6749,3.8055,1.9813,9.1036,7.6134
903,90.3000,rep1,2.7894,2.6800,2.6136,3.1786,2.5834,3.8644,2.0715,9.1218,7.4162
904,90.4000,rep1,2.5550,3.4343,2.0007,3.0024,2.5835,3.5963,1.9745,9.0519,7.3667
905,90.5000,rep1,2.4338,3.3733,1.9008,2.4348,2.6140,3.4775,2.3308,8.8946,7.2453
906,90.6000,rep1,2.7500,2.8722,1.9531,2.7548,2.6920,3.9641,2.4469,8.5760,7.1659
907,90.7000,rep1,2.4690,3.3490,2.0022,2.8243,2.6476,3.6405,2.2678,8.3096,7.2775
908,90.8000,rep1,2.6685,2.8969,2.1711,3.1542,2.5221,3.7635,1.8602,8.2802,7.3854
909,90.9000,rep1,2.8722,3.0394,2.0200,2.6293,2.6557,3.7907,1.8875,8.2371,7.4087
910,91.0000,rep1,2.5537,3.3123,1.8464,2.8295,2.6507,3.9127,1.9404,7.9903,7.4257
911,91.1000,rep1,2.5826,3.0626,2.3822,3.0122,2.6635,3.8374,1.8883,8.0381,7.5794
912,91.2000,rep1,2.5545,3.2794,1.8454,2.9676,2.6197,3.7143,1.8630,8.0564,7.7975
913,91.3000,rep1,3.2266,2.9827,1.9862,2.9262,2.5014,3.7278,1.9208,8.1959,7.6299
914,91.4000,rep1,2.6899,2.9675,1.9525,2.8664,2.5994,3.4599,1.6797,8.2708,7.4154
915,91.5000,rep1,2.4012,3.5056,2.2849,2.6107,2.5783,3.7142,1.7984,8.3733,7.3292
916,91.6000,rep1,2.5092,3.1895,1.9524,2.7690,2.6092,3.9655,1.8842,8.3784,7.6139
917,91.7000,rep1,2.4596,3.1165,2.2257,2.4460,2.6154,3.7227,1.7429,8.4715,7.8279
918,91.8000,rep1,2.7228,3.0879,1.8935,2.8628,2.5547,3.8404,1.6903,8.6662,7.7258
919,91.9000,rep1,2.4242,3.2204,2.0913,2.6649,2.5890,3.8163,1.8831,8.9554,7.7703
920,92.0000,rep1,2.6234,3.2716,2.1338,3.0241,2.5994,3.5569,2.0734,8.9601,7.7428
921,92.1000,rep1,2.4029,3.3695,2.1438,3.0440,2.5733,3.7196,1.9145,8.7556,7.6869
922,92.2000,rep1,2.6493,3.0864,2.1720,2.5183,2.5831,3.6536,1.9764,8.7514,7.6565
923,92.3000,rep1,3.0274,2.9871,2.0123,3.3058,2.6509,3.7116,1.8718,8.6932,7.6386
924,92.4000,rep1,2.7875,3.2034,1.9209,2.9558,2.5908,3.7259,1.8582,8.7216,7.4909
925,92.5000,rep1,2.5924,2.9608,2.0405,2.7950,2.5282,3.7251,2.7226,8.7908,7.4846
926,92.6000,rep1,2.6194,3.2759,1.9339,3.0931,2.5436,3.4328,1.6674,8.6986,7.4065
927,92.7000,rep1,2.1930,3.3780,1.9202,2.5138,2.5487,3.5687,2.0418,8.5880,7.3849
928,92.8000,rep1,2.4204,3.4521,2.0804,2.7690,2.5963,3.5412,1.8287,8.6503,7.4728
929,92.9000,rep1,2.7571,3.0931,2.0842,3.0922,2.5864,3.2443,1.7882,8.7389,7.3656
930,93.0000,rep1,2.8669,3.0005,2.0658,2.7887,2.5024,3.6123,1.6993,8.8592,7.2431
931,93.1000,rep1,2.7022,3.1537,1.9563,2.5484,2.4687,4.0243,1.9747,9.0567,7.1477
932,93.2000,rep1,2.7231,3.0541,2.0038,2.7723,2.5629,3.9902,1.8594,9.2859,7.2256
933,93.3000,rep1,2.5861,3.1133,2.3119,2.5904,2.5760,3.8321,1.8268,9.4936,7.2924
934,93.4000,rep1,2.6729,3.0933,1.9286,2.5520,2.5528,3.5820,1.9932,9.6460,7.4301
935,93.5000,rep1,2.5732,3.0942,1.8087,2.9985,2.7111,3.2854,1.7647,9.6640,7.2671
936,93.6000,rep1,2.5675,2.9885,2.1860,2.7028,2.5553,3.6687,2.1037,9.6090,7.0270
937,93.7000,rep1,2.5930,3.3893,1.8449,3.0265,2.7196,3.4707,1.8751,9.3187,6.9526
938,93.8000,rep1,2.6885,3.1034,1.8465,3.0633,2.5976,3.2826,1.9304,9.0834,7.1517
939,93.9000,rep1,2.5656,3.0016,2.1825,2.7765,2.7751,3.4700,2.2508,8.9384,7.3725
940,94.0000,rep1,2.4083,3.2848,1.7447,2.9025,2.5042,3.4231,2.1030,8.8996,7.4391
941,94.1000,rep1,2.4411,3.3404,2.0887,2.9101,2.7430,3.3033,1.9657,8.8766,7.5077
942,94.2000,rep1,2.6326,3.1182,1.8776,2.9502,2.5983,3.4171,2.2024,8.6611,7.6933
943,94.3000,rep1,2.5012,3.1651,2.2789,2.9441,2.5811,3.4531,1.8821,8.8219,7.7630
944,94.4000,rep1,2.3679,3.1302,2.2383,2.6342,2.6713,3.6938,2.0129,8.7879,7.6750
945,94.5000,rep1,3.0641,3.0454,2.0931,3.1549,2.5790,4.0912,1.7611,8.9864,7.7251
946,94.6000,rep1,2.9480,2.9544,2.0535,2.6916,2.5089,4.2147,1.8498,9.1562,7.8468
947,94.7000,rep1,2.2235,3.6200,1.8370,2.5057,2.8208,4.2653,2.0577,9.1516,7.7478
948,94.8000,rep1,2.4564,3.4959,2.0705,3.3659,2.5857,4.4603,2.0497,9.2860,7.4838
949,94.9000,rep1,2.8714,2.9102,2.2740,3.0988,2.5351,4.3076,2.0707,9.5459,7.2812
950,95.0000,rep1,2.7392,3.1300,2.2915,2.9099,2.5962,4.3290,1.9890,9.8023,7.3653
951,95.1000,rep1,2.4930,3.2148,2.1710,3.1505,2.6432,4.3238,1.9123,9.8622,7.3576
952,95.2000,rep1,2.2564,3.5191,1.8416,2.6684,2.5884,4.4456,2.1308,9.6473,7.1954
953,95.3000,rep1,3.1546,2.9329,1.8854,3.2573,2.5362,4.3947,2.5232,9.3132,7.1304
954,95.4000,rep1,2.8968,2.6432,2.3016,2.9430,2.5598,3.9490,2.1262,8.8759,7.2011
955,95.5000,rep1,2.8120,2.9322,2.0920,3.3982,2.4816,4.2606,1.7275,8.7244,7.3631
956,95.6000,rep1,2.9275,3.0349,1.9151,3.0826,2.7362,4.0389,1.6440,8.5304,7.5979
957,95.7000,rep1,2.3903,3.3107,1.9952,3.0451,2.5138,3.8728,1.8592,8.4466,7.4649
958,95.8000,rep1,2.8501,3.1483,2.1468,4.0496,2.8070,3.6609,1.9018,8.3371,7.2065
959,95.9000,rep1,2.9846,2.7008,2.3860,2.8507,2.6143,3.7804,2.3343,8.4463,7.2635
960,96.0000,rep1,2.5149,3.2061,2.3382,2.8486,2.5739,3.8911,1.9577,8.4176,7.2328
961,96.1000,rep1,2.6087,3.6645,1.9153,3.1988,2.7626,3.5035,1.8976,8.5389,7.3349
962,96.2000,rep1,2.8024,3.1269,2.1908,2.8732,2.5122,2.8477,1.9507,8.4645,7.6406
963,96.3000,rep1,2.7173,2.9989,2.0890,3.0199,2.5570,3.4196,1.8708,8.3504,7.7437
964,96.4000,rep1,2.4244,3.5300,1.8864,2.8179,2.3897,3.4410,1.8844,8.3534,7.8125
965,96.5000,rep1,2.7335,3.1675,2.1737,2.9744,2.5759,3.5123,1.7075,8.0434,7.6417
966,96.6000,rep1,2.9759,3.2979,2.0040,2.6772,2.6785,3.3980,1.7856,7.9325,7.6756
967,96.7000,rep1,2.5169,3.2938,1.7909,2.6549,2.4718,3.4731,1.7437,7.6622,7.4770
968,96.8000,rep1,2.2823,3.3115,2.1489,2.9652,2.5004,3.4911,1.6310,7.7702,7.3695
969,96.9000,rep1,2.2121,3.8175,2.0169,3.0123,2.6326,3.5878,1.8011,7.9974,7.2732
970,97.0000,rep1,2.8325,2.9420,2.0755,2.9518,2.4630,3.7853,1.9023,8.1721,7.2889
971,97.1000,rep1,2.8248,2.9374,2.0987,3.1257,2.5632,3.1935,1.8625,8.4620,7.4283
972,97.2000,rep1,2.6633,2.8640,2.0779,3.6744,2.5466,3.6460,1.9157,8.4292,7.5013
973,97.3000,rep1,2.6442,3.2028,1.9519,3.2133,2.5736,3.3805,1.8855,8.2892,7.6660
974,97.4000,rep1,2.4874,3.2146,2.2932,2.5394,2.6281,3.7338,1.7653,8.3143,7.5709
975,97.5000,rep1,2.5437,3.1988,1.8616,2.9116,2.4927,3.7921,1.8281,8.3950,7.7037
976,97.6000,rep1,3.0603,2.8083,2.3368,3.2166,2.6942,3.6617,1.6726,8.2269,7.7066
977,97.7000,rep1,2.6493,3.1700,2.5628,2.7517,2.5489,3.8065,1.8205,8.1369,7.6334
978,97.8000,rep1,2.4405,3.1842,2.1675,2.8290,2.5132,4.2558,1.8671,8.0829,7.4631
979,97.9000,rep1,2.3116,3.2458,2.1904,2.5879,2.6118,3.9112,1.8616,8.1840,7.3440
980,98.0000,rep1,2.1747,3.3151,1.8086,2.4165,2.5763,3.7578,1.7718,8.2229,7.2755
981,98.1000,rep1,2.6527,3.2724,2.3044,2.7177,2.6067,3.4848,1.7007,8.1570,7.1943
982,98.2000,rep1,2.5990,3.0698,2.2098,2.8394,2.5743,4.1128,1.7292,8.0690,7.3022
983,98.3000,rep1,2.8644,3.1269,2.2053,2.8096,2.5542,3.7820,1.8060,8.1470,7.3754
984,98.4000,rep1,2.5247,3.0469,2.2996,2.7748,2.5161,3.7047,1.8816,8.3566,7.4568
985,98.5000,rep1,2.6065,3.2867,2.1110,3.4294,2.5580,3.8693,1.8875,8.4527,7.5293
986,98.6000,rep1,3.0047,2.7210,1.9428,3.2381,2.6092,3.6595,1.7652,8.3743,7.5870
987,98.7000,rep1,2.8181,3.1634,1.9002,3.3307,2.5508,3.8668,1.6829,8.2768,7.4229
988,98.8000,rep1,2.7675,3.0810,2.3219,3.2795,2.5704,3.6454,1.8887,8.4239,7.3175
989,98.9000,rep1,2.7740,3.0063,2.1135,3.4226,2.5739,3.6519,1.9090,8.7619,7.4339
990,99.0000,rep1,2.7023,3.2897,2.1652,3.1529,2.5295,4.1380,1.9536,8.7663,7.5838
991,99.1000,rep1,2.3768,3.3383,2.3641,2.8983,2.5324,3.9215,2.0422,8.6833,7.4509
992,99.2000,rep1,2.8863,2.8886,2.2671,2.7350,2.5335,3.7541,1.9178,8.8296,7.3821
993,99.3000,rep1,2.6176,3.1318,2.1206,2.8971,2.6028,3.2579,1.7538,8.8431,7.2124
994,99.4000,rep1,2.4795,3.3199,2.3773,2.5073,2.6103,3.5107,1.9011,8.8474,7.0603
995,99.5000,rep1,2.8980,2.9169,1.8740,3.0034,2.6724,3.5692,1.8900,9.0474,7.1893
996,99.6000,rep1,2.7516,3.1313,2.1375,2.9389,2.6900,3.8492,1.6789,9.0156,7.0918
997,99.7000,rep1,2.6140,3.3280,2.0380,3.0108,2.5720,3.6948,1.9195,8.9504,7.0476
998,99.8000,rep1,2.9465,3.1769,2.3469,3.1162,2.5306,3.6022,2.0193,8.9259,7.3070
999,99.9000,rep1,2.5891,3.3441,1.8645,3.0921,2.5784,3.5815,1.8545,8.9517,7.3553
1000,100.0000,rep2,2.7147,3.1281,1.9765,3.0933,5.0898,3.9180,4.3319,8.7924,7.6230
1001,100.1000,rep2,2.7467,3.0656,2.0687,3.1103,5.0563,3.7970,4.2700,8.8110,7.6658
1002,100.2000,rep2,2.6509,3.1398,1.9825,3.0434,5.0430,3.8233,4.1878,8.6611,7.6307
1003,100.3000,rep2,2.6653,3.2361,1.9339,2.9723,5.1970,3.7336,4.2102,8.5989,7.5231
1004,100.4000,rep2,2.8087,2.8494,2.1229,2.9978,5.0749,3.7914,4.0949,8.7062,7.5586
1005,100.5000,rep2,2.8252,3.0014,2.0059,3.0106,5.1691,3.8282,4.1203,8.7781,7.4643
1006,100.6000,rep2,2.7768,3.0143,2.0596,2.9666,4.9199,3.6702,4.0446,8.9294,7.5804
1007,100.7000,rep2,2.7028,3.0812,1.9254,3.0876,5.0301,3.9967,4.3582,8.9652,7.6789
1008,100.8000,rep2,2.6120,3.1110,2.1206,3.0032,5.0974,3.5662,4.5411,8.8902,7.7242
1009,100.9000,rep2,2.8767,3.0457,1.9140,3.2791,5.0314,3.8253,4.2332,8.8156,7.6010
1010,101.0000,rep2,2.5679,3.0454,1.8136,2.8658,5.2355,4.2358,4.4352,8.7706,7.5839
1011,101.1000,rep2,2.8562,2.9973,1.9330,2.9068,5.2709,4.0200,4.5067,8.7894,7.7611
1012,101.2000,rep2,2.7093,3.1973,1.9135,3.1435,5.0818,3.9361,4.2335,8.7925,7.9199
1013,101.3000,rep2,2.4351,3.3192,2.1696,2.7339,5.0836,3.9890,3.9920,8.7099,7.7899
1014,101.4000,rep2,2.6894,3.2195,2.0080,3.3449,5.0077,4.0859,4.4491,8.6168,7.7460
1015,101.5000,rep2,2.4314,3.1292,2.1935,3.2730,4.8974,4.0989,3.9661,8.5960,7.7076
1016,101.6000,rep2,2.6829,2.9937,2.1007,3.2258,5.1426,3.7357,4.1249,8.6941,7.9486
1017,101.7000,rep2,2.8097,3.2088,2.1473,3.2557,4.8555,3.8042,4.0655,8.6885,8.0884
1018,101.8000,rep2,2.8436,2.9762,2.2888,2.8566,5.0626,3.6424,3.9717,8.8002,8.0798
1019,101.9000,rep2,2.8856,2.8341,2.0274,3.2989,5.0546,3.8123,4.3459,8.6759,7.6193
1020,102.0000,rep2,2.4344,3.3228,1.9806,3.2315,5.2174,3.7211,4.8601,8.4392,7.1698
1021,102.1000,rep2,2.8612,3.1583,1.8476,3.5739,5.1450,4.2140,4.6562,8.5114,7.2962
1022,102.2000,rep2,2.7379,3.0443,2.2940,3.1476,5.0836,3.9659,4.0991,8.6509,7.4550
1023,102.3000,rep2,2.6082,3.1888,1.9740,3.3910,4.9676,4.3208,4.3997,8.7576,7.7134
1024,102.4000,rep2,2.7717,3.1727,2.1330,2.9796,4.9788,3.6688,4.4745,8.7506,7.8417
1025,102.5000,rep2,2.7493,2.9956,1.9174,3.1563,5.0012,3.9553,4.2860,8.7408,7.7012
1026,102.6000,rep2,3.0250,2.7914,2.1404,2.9243,5.1010,3.7765,4.1839,8.7406,7.4884
1027,102.7000,rep2,3.1613,2.8395,2.0145,3.1563,5.0962,3.8418,3.9606,8.5116,7.2785
1028,102.8000,rep2,2.6818,3.2507,2.0285,2.9878,5.1233,3.6755,3.7070,8.2931,7.3068
1029,102.9000,rep2,2.9363,3.0944,2.1897,2.8694,5.2258,3.8015,4.2941,8.2419,7.3816
1030,103.0000,rep2,2.6179,3.1889,2.0492,3.4397,5.0620,3.2873,4.1817,8.3094,7.5360
1031,103.1000,rep2,2.6028,3.0884,2.0383,2.7965,4.9861,3.2866,4.2618,8.5062,7.5950
1032,103.2000,rep2,2.8082,3.0199,1.9899,3.0973,5.0639,3.4567,4.1123,8.4135,7.5448
1033,103.3000,rep2,2.3888,3.0692,1.9433,2.8966,5.1208,3.8546,3.9139,8.4072,7.4870
1034,103.4000,rep2,2.4873,3.1867,1.9365,2.9903,4.9916,3.3498,3.7758,8.5114,7.5859
1035,103.5000,rep2,2.8374,3.0318,2.1012,3.1420,5.0890,3.4077,4.4328,8.5847,7.7281
1036,103.6000,rep2,2.7657,2.9216,2.3908,3.5159,5.1710,3.8983,4.7793,8.7287,7.9141
1037,103.7000,rep2,2.5960,3.2957,2.4092,2.6658,5.2311,3.9165,4.6202,8.6093,7.9801
1038,103.8000,rep2,2.3410,3.5387,2.2123,3.3086,5.1021,3.6732,3.8904,8.3417,7.8189
1039,103.9000,rep2,2.5460,3.5095,1.9166,2.8376,5.1677,3.4426,3.4712,8.4372,7.7550
1040,104.0000,rep2,3.0059,2.5475,2.2880,3.0838,5.0855,3.4398,3.8189,8.1316,7.9746
1041,104.1000,rep2,2.5760,3.2907,1.9865,2.6643,5.0144,3.5308,3.8807,7.9895,8.1223
1042,104.2000,rep2,2.8074,3.1441,2.0371,3.3429,4.9276,3.4517,3.9480,8.0769,7.9586
1043,104.3000,rep2,2.7308,3.3817,1.8389,2.9582,5.2093,3.2942,3.4079,8.2954,7.9391
1044,104.4000,rep2,2.5808,2.8702,2.0780,2.8488,5.0918,3.5506,4.2470,8.6077,7.8766
1045,104.5000,rep2,2.3056,3.5738,1.8533,2.9907,5.0556,3.8873,4.7830,8.8345,7.6984
1046,104.6000,rep2,2.4268,3.4231,1.9245,2.7866,5.2600,3.9797,3.8822,8.9427,7.5427
1047,104.7000,rep2,2.8926,2.8943,2.0243,3.2284,5.1165,3.7638,4.6312,8.8563,7.5552
1048,104.8000,rep2,2.6486,3.1010,1.8588,2.8040,5.0835,3.5717,4.2289,8.7134,7.6131
1049,104.9000,rep2,2.6998,3.0241,2.1277,3.4223,4.9930,3.6370,4.1196,8.6507,7.6403
1050,105.0000,rep2,2.7382,3.0886,1.9433,2.5400,5.2480,3.7491,4.0721,8.5590,7.6537
1051,105.1000,rep2,2.5342,3.1773,2.1036,2.9597,5.1567,4.2612,4.0920,8.7384,7.5523
1052,105.2000,rep2,2.7064,3.1869,2.1557,3.0339,5.0625,4.2675,4.5607,8.8380,7.3783
1053,105.3000,rep2,2.5030,3.3541,1.7849,3.0984,4.8864,4.0263,4.3751,8.6722,7.5077
1054,105.4000,rep2,2.5838,3.0041,1.7081,2.7248,5.2195,3.6360,4.0637,8.4530,8.0190
1055,105.5000,rep2,3.2053,2.8226,1.8903,2.9400,5.1334,3.5316,4.1009,8.5019,8.0442
1056,105.6000,rep2,2.8838,2.9553,1.7105,2.6885,5.0338,3.7656,4.0275,8.5682,8.2005
1057,105.7000,rep2,2.5021,3.1577,1.8515,3.0064,5.1422,3.9339,3.9386,8.5803,8.5391
1058,105.8000,rep2,2.3341,3.7086,1.7833,2.7188,5.1615,3.6446,4.2751,8.7540,8.6651
1059,105.9000,rep2,2.5022,3.2590,2.3420,3.7197,5.1595,3.7587,3.8595,8.8619,8.6219
1060,106.0000,rep2,2.8295,2.8803,2.1589,2.8106,5.3281,4.0126,3.8687,9.0136,8.5450
1061,106.1000,rep2,3.1940,3.0316,2.2131,3.2242,5.2315,4.2982,4.9695,8.9197,8.3201
1062,106.2000,rep2,2.9515,3.0103,1.9603,3.4902,5.1917,4.3146,5.1583,8.9273,8.0293
1063,106.3000,rep2,2.6990,3.1999,1.7927,2.7517,5.3200,4.5512,4.8945,8.7161,7.9526
1064,106.4000,rep2,2.3875,3.2910,2.0528,3.0779,5.4395,3.7861,4.5442,8.7271,8.0202
1065,106.5000,rep2,2.7308,3.2525,1.9750,2.6956,5.0933,3.9202,4.5573,8.7886,7.9404
1066,106.6000,rep2,2.7782,2.8273,2.0405,2.8053,5.2992,3.7044,4.4217,8.6180,7.9572
1067,106.7000,rep2,3.0160,3.2758,1.9710,3.2573,5.0697,3.4775,4.1304,8.5187,7.8225
1068,106.8000,rep2,2.2507,3.0707,2.1590,2.7925,5.2755,3.5009,3.8677,8.0862,7.5323
1069,106.9000,rep2,2.8580,2.9835,2.2198,3.1295,5.1092,3.7295,3.9924,8.0356,7.5055
1070,107.0000,rep2,2.9181,3.1307,1.9052,3.2383,5.0503,3.2809,3.7803,8.3127,7.5300
1071,107.1000,rep2,2.5648,2.9326,2.3480,2.4820,5.0657,3.2874,4.4353,8.3876,7.5083
1072,107.2000,rep2,2.8725,3.2491,1.8229,3.1079,5.2269,3.7360,4.8546,8.3825,7.5754
1073,107.3000,rep2,2.3097,3.1807,1.7811,3.2301,5.0604,3.7291,4.7657,8.5322,7.6872
1074,107.4000,rep2,2.9572,2.6222,1.9013,3.1284,5.0081,3.6397,4.1789,8.5346,7.7312
1075,107.5000,rep2,2.6148,3.2733,2.0883,2.6531,5.0127,4.0849,4.2200,8.2518,7.7701
1076,107.6000,rep2,3.1768,2.8132,2.3781,3.0646,4.8808,3.3087,3.7946,8.1961,7.6239
1077,107.7000,rep2,3.1367,2.6156,1.9652,2.8289,4.8132,3.3146,2.9284,8.1752,7.6444
1078,107.8000,rep2,2.9980,2.9117,1.9934,3.1833,5.2490,2.5032,2.7598,8.2945,7.7883
1079,107.9000,rep2,2.4270,3.1990,2.1987,3.1481,5.0723,2.9623,3.7238,8.3568,7.9162
1080,108.0000,rep2,2.9208,3.1491,2.0665,2.8143,4.8581,3.4044,3.7621,8.6599,8.0190
1081,108.1000,rep2,2.6204,3.1073,1.8884,3.4113,4.9975,3.4042,3.8560,8.7495,8.0075
1082,108.2000,rep2,2.9213,2.9546,1.9236,3.2491,5.1868,3.2911,3.3810,8.6570,7.9805
1083,108.3000,rep2,2.6934,3.2553,2.1199,2.7215,5.2814,2.9970,3.3219,8.6673,7.8451
1084,108.4000,rep2,3.0776,3.0429,2.3213,2.8036,5.0845,3.1291,3.2166,8.5203,7.7978
1085,108.5000,rep2,3.0380,2.8834,1.9289,3.5920,4.9471,2.7077,3.5575,8.2974,7.6464
1086,108.6000,rep2,2.8752,2.8464,2.1004,3.2529,4.9601,3.0612,3.1981,8.2119,7.7557
1087,108.7000,rep2,2.8883,2.8605,2.0278,2.9897,4.9927,4.1351,3.8224,8.3082,7.8310
1088,108.8000,rep2,2.7781,2.9758,2.0540,2.9017,5.0870,3.3157,4.0281,8.4578,7.7830
1089,108.9000,rep2,2.6455,2.9710,2.1497,3.2479,4.7824,3.2586,3.3880,8.5370,8.0099
1090,109.0000,rep2,2.7696,3.3381,2.0620,3.2995,4.9081,3.3493,2.9528,8.4548,8.1170
1091,109.1000,rep2,2.8940,2.8152,2.0093,2.6664,4.9223,2.9004,3.1224,8.1982,8.0268
1092,109.2000,rep2,2.9960,2.7245,2.0483,3.0271,4.9821,2.4834,3.3491,8.0642,7.6151
1093,109.3000,rep2,2.4159,3.3114,1.8992,2.9263,5.1001,3.2018,2.8001,8.0771,7.3060
1094,109.4000,rep2,2.6568,2.9109,2.0904,3.3366,5.1507,3.0652,3.7214,8.0088,7.1197
1095,109.5000,rep2,2.7050,3.2377,1.8761,3.1313,5.0130,3.7555,3.9444,8.2281,7.3465
1096,109.6000,rep2,2.8567,2.9029,2.2313,2.9145,4.8800,3.4961,3.0334,8.4252,7.5871
1097,109.7000,rep2,2.8933,3.0074,2.2964,3.2105,4.7986,3.4401,3.0833,8.5944,7.7508
1098,109.8000,rep2,2.5214,3.4458,1.8094,3.2217,5.1301,3.7983,3.9578,8.6320,7.6690
1099,109.9000,rep2,3.1901,2.9115,2.3078,2.9297,5.1563,3.6923,4.0888,8.4568,7.4173
1100,110.0000,rep2,2.8742,2.8687,2.0509,2.9131,5.2970,3.3820,3.5127,8.2490,7.2863
1101,110.1000,rep2,3.0113,2.8950,2.0969,3.4060,5.0592,2.8196,2.9687,8.0372,7.3368
1102,110.2000,rep2,3.2007,3.0583,1.8894,3.1024,4.8664,2.8790,2.8399,8.3577,7.6340
1103,110.3000,rep2,2.9703,2.8015,2.2692,3.3541,5.0376,2.7007,3.3085,8.4436,7.5664
1104,110.4000,rep2,2.7008,3.1967,2.1096,2.6567,4.8625,3.0042,3.4584,8.1945,7.4204
1105,110.5000,rep2,2.6022,3.2251,2.0339,3.0621,4.9371,3.5367,3.6367,8.1804,7.6843
1106,110.6000,rep2,2.5705,2.9577,2.2823,3.0567,4.9981,3.7167,3.3847,8.0130,7.7732
1107,110.7000,rep2,2.8524,3.4846,1.9763,3.0208,4.9080,4.1378,4.0783,7.8634,7.6345
1108,110.8000,rep2,2.7464,2.8718,2.1860,2.7028,5.1104,4.1684,3.7888,7.9964,7.5384
1109,110.9000,rep2,2.9519,2.8612,2.0178,2.8977,4.9536,3.6587,3.8326,7.9017,7.4364
1110,111.0000,rep2,2.9666,2.9787,2.0036,2.8896,5.1476,3.4870,3.2334,8.1048,7.5151
1111,111.1000,rep2,2.7600,2.9853,1.9412,2.9383,4.8604,3.3335,3.0077,7.8541,7.6874
1112,111.2000,rep2,2.8070,3.1286,1.9395,3.3501,4.6990,2.9593,2.7191,7.8249,7.5839
1113,111.3000,rep2,2.6235,3.3080,2.3740,2.9041,4.7367,3.2271,2.4218,7.8816,7.5895
1114,111.4000,rep2,2.8246,3.0093,2.5365,3.1270,5.0748,2.9884,2.4703,7.9380,7.4880
1115,111.5000,rep2,2.9127,2.8118,2.5298,3.3436,4.9520,2.8865,2.4307,8.0609,7.5850
1116,111.6000,rep2,3.0526,2.8258,2.1578,3.2433,4.9941,2.9178,2.4948,7.9745,7.5628
1117,111.7000,rep2,2.6195,3.2454,1.9507,2.6989,4.8764,2.9985,2.5440,7.9964,7.3311
1118,111.8000,rep2,2.7138,2.7553,1.9851,2.9721,4.8223,3.1050,2.3415,7.9310,7.4825
1119,111.9000,rep2,3.0111,2.9429,1.9194,3.0354,4.3323,2.9838,2.8782,8.0844,7.5099
1120,112.0000,rep2,2.9081,2.8981,1.9772,2.8215,4.4133,3.3015,3.5444,8.2393,7.5770
1121,112.1000,rep2,2.7571,3.1694,2.1316,2.6796,4.3877,3.3149,3.4228,8.1321,7.6366
1122,112.2000,rep2,3.1122,2.9221,1.8832,3.1948,4.9085,3.3368,3.0507,8.1265,7.7144
1123,112.3000,rep2,2.6639,3.2792,1.9675,2.8249,5.1013,3.3810,3.5997,8.0529,7.8253
1124,112.4000,rep2,2.8480,2.9725,2.0049,2.9956,5.2130,3.3416,3.8038,7.9600,7.6594
1125,112.5000,rep2,2.8534,2.9236,2.0593,3.0258,5.3262,3.6889,4.1921,7.9247,7.6242
1126,112.6000,rep2,2.7695,3.0938,2.1758,3.0075,5.1655,4.4512,4.2224,7.9810,7.6159
1127,112.7000,rep2,2.6308,3.0795,2.2564,2.7207,4.9771,4.1776,4.1091,7.9495,7.7410
1128,112.8000,rep2,2.4478,3.6822,1.9101,3.0800,4.9244,4.2344,3.3411,8.0207,7.8265
1129,112.9000,rep2,2.4543,3.4178,2.3746,3.3021,4.8977,3.4757,3.2505,7.9655,7.5137
1130,113.0000,rep2,2.9338,2.8882,2.1615,3.5645,5.3207,2.9052,2.4130,7.9605,7.5631
1131,113.1000,rep2,2.6385,3.1635,1.8122,3.1376,5.0515,3.2112,2.7143,8.1273,7.3446
1132,113.2000,rep2,3.2160,2.7902,2.4699,3.0145,4.8354,2.9268,3.1173,8.1640,7.4880
1133,113.3000,rep2,2.9470,3.0693,2.1882,3.3685,5.1956,3.2395,3.6322,8.2557,7.5870
1134,113.4000,rep2,2.5954,3.2006,1.9055,2.9230,5.3183,3.4120,3.6612,8.3669,7.7307
1135,113.5000,rep2,2.9408,2.9701,2.0218,3.1696,5.1260,3.2269,3.6140,8.3330,7.7237
1136,113.6000,rep2,2.5604,3.0620,2.0502,3.2928,5.0787,3.1741,3.3986,8.4109,7.4237
1137,113.7000,rep2,2.8968,3.1654,2.4147,3.1167,5.0496,3.4539,3.3341,8.4418,7.3774
1138,113.8000,rep2,2.6593,2.8251,2.3044,3.0804,4.8907,3.0331,4.2092,8.5493,7.6269
1139,113.9000,rep2,3.0118,3.1450,1.9306,2.8833,4.6216,3.1354,3.5789,8.7494,7.6776
1140,114.0000,rep2,2.9497,2.7799,2.1771,3.1920,4.9694,2.8937,2.3410,8.6027,7.5170
1141,114.1000,rep2,2.6906,3.2897,1.9503,3.1339,4.7750,2.2961,2.8601,8.4408,7.3307
1142,114.2000,rep2,2.6507,3.0976,1.9638,3.0682,4.3777,3.3499,3.1156,8.2101,7.3809
1143,114.3000,rep2,2.9774,2.7902,2.3155,3.3404,4.5819,2.9518,3.1866,8.0008,7.5255
1144,114.4000,rep2,2.5339,3.1255,2.2162,3.4865,4.3190,3.1311,2.9063,7.8358,7.6074
1145,114.5000,rep2,2.7560,2.7137,2.5285,3.0082,4.7057,2.9296,3.4800,7.8253,7.6305
1146,114.6000,rep2,2.5600,3.2086,2.2288,3.0239,4.8764,3.4245,3.7439,7.8694,7.6041
1147,114.7000,rep2,2.6853,3.0437,1.9066,3.1888,4.8788,2.8018,3.5755,7.9663,7.6295
1148,114.8000,rep2,3.0817,2.6349,2.2290,2.8286,4.9098,3.4043,3.5374,8.0675,7.5222
1149,114.9000,rep2,2.6748,3.1795,1.9313,3.0643,4.9070,3.8463,4.0709,8.2463,7.6821
1150,115.0000,rep2,2.7725,3.1260,1.9044,3.1544,5.0876,3.6186,3.5170,8.2161,7.6445
1151,115.1000,rep2,2.7330,3.0960,2.0990,3.0564,4.9815,3.9449,3.6441,8.2948,7.4040
1152,115.2000,rep2,2.6607,3.3141,2.0862,3.0960,5.0245,3.2909,4.0489,8.5812,7.2565
1153,115.3000,rep2,2.9893,2.8212,2.1634,3.1098,5.1029,3.4968,3.2835,8.6809,7.3936
1154,115.4000,rep2,2.5953,3.0109,2.3677,3.1905,5.1628,4.2433,3.8243,8.6824,7.4875
1155,115.5000,rep2,2.7259,3.3793,1.8607,3.4105,5.0497,4.4070,4.2516,8.1893,7.4636
1156,115.6000,rep2,2.5651,3.1913,2.2234,2.6728,4.8496,3.6874,3.9851,8.2338,7.4857
1157,115.7000,rep2,2.7883,3.0564,1.7797,3.3004,5.0253,3.8660,3.3680,8.0263,7.4430
1158,115.8000,rep2,2.7630,2.8161,2.1590,3.5868,5.0177,4.0255,3.6922,8.0552,7.6789
1159,115.9000,rep2,2.7126,2.9452,2.2928,2.9923,5.0598,4.5079,3.9513,8.4259,7.9390
1160,116.0000,rep2,3.2240,2.9071,2.1644,3.0150,5.2154,3.6204,3.7794,8.4325,7.8815
1161,116.1000,rep2,2.6798,3.0458,2.1469,3.3654,5.1019,3.7705,3.9093,8.4233,7.9022
1162,116.2000,rep2,2.9899,2.8734,2.2884,3.4464,4.9877,3.4759,4.1185,8.4186,7.9451
1163,116.3000,rep2,2.7958,3.1880,2.2702,3.3980,4.8893,3.5727,3.6571,8.3501,8.1133
1164,116.4000,rep2,2.8640,2.8505,2.2446,3.1932,5.1468,3.1125,3.1123,8.2621,8.1848
1165,116.5000,rep2,2.6294,3.3162,2.2555,3.0363,4.9704,2.9568,2.6025,8.1556,8.0041
1166,116.6000,rep2,2.8380,3.0076,2.0260,3.3101,4.9881,3.0599,3.0103,8.4393,7.8876
1167,116.7000,rep2,2.3699,3.3464,1.9287,2.8505,5.0189,3.0105,2.8001,8.6671,7.8690
1168,116.8000,rep2,2.8171,3.0583,2.1000,3.0595,4.8643,2.9435,3.0179,8.7792,7.8198
1169,116.9000,rep2,2.6725,3.0305,2.1965,2.8065,5.2158,3.3374,3.0756,8.7651,7.6747
1170,117.0000,rep2,2.6627,3.3554,1.7625,3.1598,4.9566,3.2062,3.4614,8.6907,7.5527
1171,117.1000,rep2,2.8596,2.7970,2.5202,3.2131,5.0259,2.8811,3.3057,8.5519,7.5134
1172,117.2000,rep2,2.7585,3.0688,2.1584,3.1130,5.2488,3.1792,3.8338,8.4190,7.6928
1173,117.3000,rep2,2.3675,3.4632,1.9502,2.9663,4.9974,4.5604,4.0213,8.4348,7.6715
1174,117.4000,rep2,2.5843,3.2414,2.0201,2.7555,4.9880,3.8328,3.4580,8.3464,7.5159
1175,117.5000,rep2,2.7355,2.9236,1.8507,2.7217,5.2515,3.5448,3.8493,8.0226,7.6228
1176,117.6000,rep2,2.6920,3.1057,2.1902,2.9313,5.2358,3.7365,3.7601,7.9012,8.0503
1177,117.7000,rep2,3.2275,2.7104,2.0311,3.1867,5.0024,3.7530,3.8638,7.6922,8.2578
1178,117.8000,rep2,2.9510,3.0213,2.1221,2.8412,5.0213,3.2567,3.8515,7.7212,8.0783
1179,117.9000,rep2,2.7527,3.0500,2.0334,3.2982,5.2460,3.0864,3.8208,7.8745,7.7618
1180,118.0000,rep2,2.7952,3.0036,1.9738,3.1171,5.1184,3.4675,3.5490,7.9686,7.6483
1181,118.1000,rep2,2.6773,3.1945,2.1089,2.7685,4.9503,3.7751,3.5838,8.1327,7.4900
1182,118.2000,rep2,3.1954,3.0442,2.0545,3.4471,5.1472,3.5707,3.9130,8.1663,7.3014
1183,118.3000,rep2,2.8313,2.9911,2.2563,2.8723,5.1683,3.9731,4.0969,8.0932,7.4036
1184,118.4000,rep2,2.6940,3.1525,2.2130,2.8546,5.1142,3.9255,3.6594,7.9539,7.4350
1185,118.5000,rep2,2.4999,3.6421,1.8005,3.2583,5.0537,3.9725,4.2744,8.3148,7.5384
1186,118.6000,rep2,2.4120,3.5930,1.9702,2.9324,4.9680,3.6598,4.4715,8.5436,7.5139
1187,118.7000,rep2,3.1152,2.9575,2.4199,2.9337,5.0030,3.4521,3.7480,8.6037,7.3785
1188,118.8000,rep2,2.7205,2.9488,1.9842,2.6466,5.0866,3.3841,4.2263,8.7455,7.5367
1189,118.9000,rep2,2.5965,3.1993,1.9445,2.9942,5.1897,3.3879,3.8225,8.6435,7.5738
1190,119.0000,rep2,2.8488,3.0394,2.1777,3.2161,5.1195,3.5847,4.4216,8.3483,7.6550
1191,119.1000,rep2,2.9306,3.0213,2.3858,3.2676,4.8170,3.1302,3.5964,8.2890,7.5984
1192,119.2000,rep2,2.6551,3.0132,2.2813,3.0947,5.3101,3.4903,2.9830,7.9801,7.4576
1193,119.3000,rep2,2.8580,3.2725,2.0058,3.5507,5.0413,3.4742,3.1556,7.9658,7.3368
1194,119.4000,rep2,2.6747,3.1992,2.0397,3.0802,5.1478,3.5815,3.2695,7.9608,7.1412
1195,119.5000,rep2,3.0564,2.5946,2.4026,2.9838,5.3246,3.6227,3.2765,8.0665,7.1658
1196,119.6000,rep2,2.3631,3.7430,1.6903,3.3471,5.1374,3.6808,4.3109,8.3430,7.2129
1197,119.7000,rep2,2.3163,3.5527,2.2395,2.9662,5.1343,3.9295,4.1270,8.2519,7.3451
1198,119.8000,rep2,3.0008,3.1106,2.2233,3.2380,4.8762,3.3925,3.8168,8.3804,7.5433
1199,119.9000,rep2,2.9496,2.9416,1.8051,2.6751,5.0931,3.2222,3.7465,8.4322,7.8827
1200,120.0000,rep2,3.0116,3.0508,2.2234,3.0632,5.2293,3.4535,3.3578,8.6480,7.9825
1201,120.1000,rep2,3.1100,2.8079,2.3920,3.2722,5.0791,3.4617,3.7507,8.5728,7.9632
1202,120.2000,rep2,2.5906,3.1639,2.1042,2.8131,4.9858,3.6201,3.6090,8.5752,7.9469
1203,120.3000,rep2,2.9206,2.8606,2.1282,2.7942,4.9626,3.3539,3.2706,8.7288,7.9031
1204,120.4000,rep2,3.1519,2.9898,2.0904,3.3197,5.1325,3.7092,3.5301,8.7084,8.0454
1205,120.5000,rep2,2.2466,3.2453,2.0984,2.5055,4.9257,3.1116,3.9410,8.5289,7.9977
1206,120.6000,rep2,3.0067,3.3091,1.8656,2.7692,5.0450,3.5588,3.4278,8.3823,7.9882
1207,120.7000,rep2,3.3675,2.8224,2.2095,3.2098,5.0110,3.3479,3.8708,8.3669,8.1829
1208,120.8000,rep2,2.7521,3.0831,1.9965,3.2503,4.7647,4.1665,4.5666,8.6468,8.2274
1209,120.9000,rep2,3.0995,3.1233,2.1757,3.1839,4.8859,4.1475,5.0250,8.7396,8.0058
1210,121.0000,rep2,2.5874,3.0862,2.2419,2.9080,5.1432,3.6147,4.3103,8.7294,7.7551
1211,121.1000,rep2,2.9603,3.0628,2.0072,2.9733,4.9536,3.4299,4.8299,8.4003,7.4842
1212,121.2000,rep2,2.6636,3.0699,1.7887,2.7019,5.1041,3.8733,4.5511,8.1368,7.5188
1213,121.3000,rep2,2.7003,3.0264,2.0896,2.8686,5.1461,4.4504,4.7207,7.8139,7.5913
1214,121.4000,rep2,2.9724,3.4089,1.7161,3.0331,4.8313,3.8589,4.7015,7.8010,7.7199
1215,121.5000,rep2,3.1551,2.6104,2.3951,3.0139,5.1344,4.0434,4.1390,7.9388,7.8561
1216,121.6000,rep2,2.8474,2.8466,1.8665,3.0197,5.3234,3.8033,3.9228,8.3748,7.9060
1217,121.7000,rep2,2.7761,3.2030,2.1579,2.9617,5.1790,4.2115,4.2178,8.6115,7.7623
1218,121.8000,rep2,2.7591,2.9084,1.9804,3.2222,5.1875,3.8855,4.1034,8.5238,7.6207
1219,121.9000,rep2,2.7547,3.3252,2.1470,3.3305,5.0937,3.5254,3.9804,8.4809,7.6596
1220,122.0000,rep2,2.6482,3.2038,2.1624,3.2762,4.9298,3.3414,3.3135,8.2283,7.6252
1221,122.1000,rep2,3.1033,2.6302,2.6508,2.8258,5.0531,3.7099,3.8618,8.1754,7.6791
1222,122.2000,rep2,2.9631,3.0074,2.0866,3.2618,5.0486,3.6938,3.6820,8.2458,7.6328
1223,122.3000,rep2,2.7371,2.8714,2.0924,2.8253,4.8993,3.6247,3.8619,8.4386,7.6957
1224,122.4000,rep2,3.0343,3.1047,1.9546,3.0695,5.0787,3.6251,3.7284,8.6212,7.7683
1225,122.5000,rep2,3.0336,2.8627,1.9496,2.9620,5.1326,3.9360,4.1948,8.7166,7.8843
1226,122.6000,rep2,2.6258,3.0478,2.0767,2.6345,5.0643,3.6472,3.3937,8.6801,7.8807
1227,122.7000,rep2,3.0011,2.7238,1.9913,2.8852,5.1014,3.7230,3.2906,8.4500,7.7466
1228,122.8000,rep2,3.1403,2.5423,1.9115,3.0730,5.0253,3.8008,4.1733,8.2664,7.8027
1229,122.9000,rep2,2.7210,2.7280,2.0062,2.9109,5.1666,4.5114,4.0716,8.2621,7.7358
1230,123.0000,rep2,2.9323,2.9175,2.4790,3.3422,5.1416,3.7398,4.1056,8.3703,7.6938
1231,123.1000,rep2,2.9206,2.9677,1.8988,2.9786,5.1602,3.8425,3.6004,8.4448,7.6403
1232,123.2000,rep2,2.8738,2.8943,2.0919,2.8063,4.9776,3.5778,3.9303,8.4601,7.8436
1233,123.3000,rep2,2.7902,3.0407,1.9953,2.6906,5.0562,3.5602,3.5805,8.4950,7.9320
1234,123.4000,rep2,2.9229,2.7857,1.9301,3.0448,5.3947,3.6428,4.0706,8.3437,7.8338
1235,123.5000,rep2,2.7726,2.8490,1.9304,2.8165,5.0322,3.5599,4.2688,8.1270,7.6771
1236,123.6000,rep2,2.9856,3.0871,2.0437,2.7212,5.2455,3.9516,4.1061,8.0367,7.8570
1237,123.7000,rep2,2.9821,2.9327,2.0521,3.0680,5.0661,3.4768,4.1999,7.8602,7.7392
1238,123.8000,rep2,3.1542,2.6924,2.1132,3.0616,5.0670,3.2637,3.8982,7.9522,7.6626
1239,123.9000,rep2,2.7060,2.9660,2.3630,3.1246,5.0171,3.7147,4.3293,7.9489,7.6860
1240,124.0000,rep2,2.3177,3.5580,1.8745,2.8301,4.8449,3.7002,4.4388,8.0040,7.7161
1241,124.1000,rep2,2.9976,2.6373,1.8215,2.8269,5.1541,4.0400,3.6837,8.1075,7.6673
1242,124.2000,rep2,3.0445,2.8821,1.9575,3.2744,5.1658,3.7826,3.8380,8.1089,7.6215
1243,124.3000,rep2,2.8375,2.9218,2.1305,3.1634,5.0094,3.6408,4.3292,8.2156,7.6543
1244,124.4000,rep2,3.0587,2.8005,2.1313,2.7389,4.7568,3.7937,4.3814,8.2279,7.6846
1245,124.5000,rep2,2.5699,3.1785,1.8856,3.1576,4.9225,4.0985,4.7114,8.1859,7.5837
1246,124.6000,rep2,2.7155,3.1683,2.0694,2.5250,4.9820,4.8001,4.1847,8.3369,7.6586
1247,124.7000,rep2,2.9043,2.9163,2.0265,2.9702,5.0531,4.8299,4.4938,8.1249,7.8410
1248,124.8000,rep2,2.2153,3.7207,1.7557,2.6281,4.8547,4.3621,4.1739,8.0983,7.8389
1249,124.9000,rep2,2.4384,3.5039,1.9899,2.8734,4.8123,4.4809,3.8379,7.9630,7.9188
1250,125.0000,rep2,3.0631,2.8503,2.0921,2.5862,4.9989,4.3592,4.2187,7.8101,7.9516
1251,125.1000,rep2,2.8614,3.3459,1.8720,2.9912,5.0548,4.3191,4.3910,8.0070,7.8350
1252,125.2000,rep2,2.7029,3.3165,1.7367,2.8167,5.1309,4.2164,4.2051,8.1908,7.7673
1253,125.3000,rep2,2.7541,2.8948,1.8764,2.9962,5.0004,4.9405,4.7365,8.1657,7.7520
1254,125.4000,rep2,2.9549,2.9782,1.8829,2.7722,5.1818,4.4862,4.7869,8.1550,7.7831
1255,125.5000,rep2,2.9376,2.8248,2.0630,2.9269,5.2911,4.6012,4.5497,8.0621,7.7591
1256,125.6000,rep2,2.8696,2.6099,2.0606,3.1160,4.9800,4.4970,4.2081,8.0117,7.7216
1257,125.7000,rep2,2.9323,2.9784,1.9667,3.2453,5.2688,4.3434,4.2397,8.1099,7.7744
1258,125.8000,rep2,3.0505,2.7336,2.2596,3.2039,5.1942,4.3842,4.1582,8.0166,7.8131
1259,125.9000,rep2,2.6443,3.1519,2.1026,3.0128,4.9928,4.0246,4.1319,8.0266,7.7240
1260,126.0000,rep2,2.7828,3.0180,1.9562,2.8064,5.0300,3.5684,3.9025,8.2521,7.6534
1261,126.1000,rep2,2.6368,3.2244,2.2243,2.8704,4.7855,3.7242,4.0275,8.0937,7.6492
1262,126.2000,rep2,2.6233,3.0109,2.2638,2.9067,4.9628,3.9427,4.5654,8.0497,7.7141
1263,126.3000,rep2,2.5954,3.2092,2.0172,2.7911,5.0304,4.6907,4.9978,7.7928,7.7112
1264,126.4000,rep2,2.3507,3.1584,1.9451,2.6671,4.8203,4.8335,4.6779,7.5804,7.5533
1265,126.5000,rep2,2.6872,3.1308,2.1428,3.0354,5.1790,4.8860,4.8598,7.6381,7.5119
1266,126.6000,rep2,2.6945,3.4164,2.2319,2.6877,5.1317,4.8486,5.3438,7.7653,7.5121
1267,126.7000,rep2,2.7726,3.1396,2.0095,2.3870,5.0178,5.1533,4.5691,7.8865,7.6405
1268,126.8000,rep2,2.6570,3.2332,1.9548,3.0537,5.2869,4.4479,4.4063,8.0225,7.7645
1269,126.9000,rep2,3.2471,2.6401,1.9751,3.3556,4.9831,4.5092,3.8908,8.1955,7.6692
1270,127.0000,rep2,2.4012,3.4536,1.6671,2.4116,5.0028,4.4417,4.0531,8.2836,7.7240
1271,127.1000,rep2,2.1197,3.4598,1.9422,2.7891,4.9313,4.5681,4.3008,8.3576,7.7878
1272,127.2000,rep2,2.9767,2.5865,2.1985,3.2000,4.9445,4.6500,3.8669,8.4969,7.8619
1273,127.3000,rep2,2.9932,2.7663,1.8248,3.3325,5.1949,4.5700,4.0777,8.5285,7.9222
1274,127.4000,rep2,2.9987,2.7911,2.2386,3.1388,5.0622,4.4406,3.9590,8.1088,7.8502
1275,127.5000,rep2,2.5745,3.0889,2.0408,2.9509,4.8636,4.6043,4.0377,7.9502,7.7076
1276,127.6000,rep2,2.7815,3.1229,2.3000,2.9219,5.2369,4.8479,4.3016,7.7863,7.6713
1277,127.7000,rep2,2.4775,3.1493,1.9487,2.5553,5.1511,4.6639,3.8825,7.8433,7.7090
1278,127.8000,rep2,2.3747,3.3598,1.9149,2.4810,5.0093,4.6836,3.9775,8.0675,7.6931
1279,127.9000,rep2,2.8094,2.8852,1.8898,2.6841,5.0567,4.8500,3.5185,8.0156,8.0305
1280,128.0000,rep2,3.1680,2.8179,2.0137,3.1217,4.9958,4.5371,3.6805,7.9810,8.1999
1281,128.1000,rep2,2.3431,3.3100,1.8296,2.6530,4.9773,4.7054,3.5843,7.8941,8.0757
1282,128.2000,rep2,2.4942,3.0336,1.9419,2.5606,5.0539,4.5360,4.3697,7.7321,8.0547
1283,128.3000,rep2,2.6090,3.1166,1.9400,2.9789,4.9231,4.4998,4.8198,7.6668,7.9222
1284,128.4000,rep2,2.3186,3.5750,1.9099,2.5152,4.9469,4.4761,4.1577,7.8303,7.6187
1285,128.5000,rep2,2.4531,3.4883,2.0008,2.6332,4.9904,4.6467,3.6606,7.8239,7.4446
1286,128.6000,rep2,2.7419,3.2807,1.8565,2.9199,5.0593,4.3403,3.7373,8.0591,7.4054
1287,128.7000,rep2,2.6764,3.3062,2.0636,2.6058,5.3668,4.4038,3.3567,8.3754,7.5369
1288,128.8000,rep2,2.3404,3.1521,2.1267,2.5510,4.9869,4.5475,3.8244,8.5529,7.7046
1289,128.9000,rep2,2.6566,3.0943,2.1379,2.8695,5.0961,4.2809,4.4355,8.3627,7.7745
1290,129.0000,rep2,2.7315,2.9406,2.4311,2.7976,5.1778,4.7234,4.0510,8.1192,7.8059
1291,129.1000,rep2,2.7595,3.1679,2.1863,2.9254,4.9438,5.3385,4.1396,7.9932,7.7882
1292,129.2000,rep2,2.7558,3.1332,2.2082,3.0865,5.0429,4.9785,4.0185,8.0143,7.6838
1293,129.3000,rep2,2.5774,3.2000,2.1957,2.6829,5.1178,4.7829,4.0041,8.0708,7.8175
1294,129.4000,rep2,2.6971,3.3074,2.1153,2.6386,4.8360,4.7800,3.9968,8.1515,7.9415
1295,129.5000,rep2,2.7856,2.9068,1.8106,2.8671,5.0452,5.2148,4.2013,8.1562,7.9832
1296,129.6000,rep2,2.8969,2.9768,1.9725,2.9781,4.7864,5.0903,4.5022,8.1577,7.9326
1297,129.7000,rep2,2.6989,2.9564,2.2149,3.0717,4.9379,4.6258,3.9779,8.3366,7.7432
1298,129.8000,rep2,2.9795,3.3567,1.9661,2.7473,4.7370,4.1665,4.2671,8.4258,8.1408
1299,129.9000,rep2,2.5579,2.9069,2.1866,2.8558,5.0477,4.6564,3.9827,8.4635,8.4262
1300,130.0000,rep2,2.6638,3.3840,1.9350,2.7384,5.0329,4.9908,4.3659,8.4044,8.2352
1301,130.1000,rep2,2.7764,3.2316,2.0300,3.2077,5.0245,4.3794,3.5776,8.1609,7.8267
1302,130.2000,rep2,2.8605,2.8575,1.9386,3.1423,4.8695,4.3516,3.5960,7.8387,7.6592
1303,130.3000,rep2,2.9816,3.0413,2.1232,2.8076,4.9725,4.7982,3.1964,7.6969,7.6565
1304,130.4000,rep2,3.0205,3.0214,2.2004,3.2283,5.1505,4.4533,3.5044,7.7348,7.6719
1305,130.5000,rep2,2.6302,3.3654,1.7449,2.9480,5.0887,4.3678,4.0038,7.7440,7.6762
1306,130.6000,rep2,2.7301,2.9113,2.2057,3.1821,4.8654,4.7361,4.6311,7.6946,7.8641
1307,130.7000,rep2,2.3698,3.3759,1.7445,2.9688,5.0176,4.9726,3.9656,7.7610,7.8011
1308,130.8000,rep2,2.9075,3.0954,2.0630,3.0149,5.0681,4.5630,3.8367,7.8136,7.7776
1309,130.9000,rep2,3.0022,2.9338,2.0484,2.6983,5.0464,4.5163,3.8654,7.8238,7.5600
1310,131.0000,rep2,2.8819,3.0162,1.9044,2.7680,4.8974,4.6867,3.9172,8.0486,7.5916
1311,131.1000,rep2,2.5816,3.1359,2.0740,3.0680,4.8139,4.9434,3.8429,8.1136,7.3388
1312,131.2000,rep2,2.2748,3.3522,1.9658,3.1637,4.8920,4.5162,3.9250,8.3968,7.3302
1313,131.3000,rep2,2.7539,3.0117,2.0679,3.0095,4.8761,5.0514,3.9370,8.5420,7.3265
1314,131.4000,rep2,2.7951,2.8675,2.1726,2.8705,5.2789,4.6044,4.0098,8.4550,7.2633
1315,131.5000,rep2,2.6136,3.1626,2.0340,2.9959,5.1495,4.6466,3.8698,8.4733,7.2687
1316,131.6000,rep2,2.3958,3.4090,1.8903,2.7286,5.0595,4.6827,4.2855,8.4859,7.3842
1317,131.7000,rep2,2.7249,2.9372,1.9919,3.3503,4.8121,4.2636,4.3038,8.6135,7.6708
1318,131.8000,rep2,2.6191,3.3599,1.8878,3.3633,5.0856,4.5506,3.7829,8.4910,7.8329
1319,131.9000,rep2,2.6333,3.1977,2.4011,2.5003,5.2874,4.7033,3.8180,8.5055,7.7485
1320,132.0000,rep2,2.1930,3.5913,2.0256,3.2809,4.9542,4.6864,3.7382,8.3042,7.7143
1321,132.1000,rep2,2.2630,3.6690,2.0606,2.8093,5.2098,4.4138,3.7716,8.1921,7.7515
1322,132.2000,rep2,2.6186,3.2293,1.9782,2.6198,5.1163,4.7415,4.1243,8.1727,7.5594
1323,132.3000,rep2,2.7638,3.0736,2.0117,2.7504,5.0566,4.4938,4.2677,8.1588,7.7022
1324,132.4000,rep2,2.8981,2.9848,1.9079,2.9055,4.9856,4.3262,3.8959,8.2368,7.9356
1325,132.5000,rep2,2.8037,2.9667,1.9449,2.7495,4.9865,3.8911,3.6881,8.4403,8.1423
1326,132.6000,rep2,2.6259,3.0787,1.9190,2.8000,5.0322,4.0848,3.6120,8.3730,8.0425
1327,132.7000,rep2,2.7969,3.2291,1.9751,2.8438,5.1287,4.3290,3.3925,8.1804,7.7154
1328,132.8000,rep2,2.5363,3.2993,2.1318,2.7681,5.0837,4.3402,3.9437,8.1337,7.6143
1329,132.9000,rep2,2.9338,3.1013,1.8189,3.0923,5.1750,4.6932,3.8423,8.1086,7.6263
1330,133.0000,rep2,2.9521,2.9551,2.2047,2.8109,5.0335,4.5656,3.9465,8.1766,7.8613
1331,133.1000,rep2,2.7058,3.0882,2.0683,3.1540,5.0392,4.8532,4.2916,8.3208,7.6172
1332,133.2000,rep2,3.0054,2.8794,2.0748,2.9913,5.1407,4.7524,3.9828,8.4144,7.3489
1333,133.3000,rep2,3.0518,2.8746,2.3909,2.5469,5.0311,4.5281,4.2020,8.4863,7.2885
1334,133.4000,rep2,2.7596,3.0917,1.8223,3.0173,4.8850,4.8920,3.8303,8.4336,7.5408
1335,133.5000,rep2,2.7800,2.9144,2.1612,2.7014,4.9936,4.7472,4.1731,8.3725,7.6917
1336,133.6000,rep2,2.9561,2.9443,2.0948,3.0719,4.8907,5.3350,4.0463,8.1977,7.6785
1337,133.7000,rep2,2.5076,3.3248,1.8798,2.9056,4.8642,4.6050,3.8277,8.1215,7.7934
1338,133.8000,rep2,2.7985,2.9489,2.0094,2.8077,5.3087,4.6340,3.6189,8.0868,7.8037
1339,133.9000,rep2,2.6199,3.0270,2.3410,2.8326,5.2598,4.2334,3.7405,7.9760,7.6847
1340,134.0000,rep2,2.6555,3.0537,1.9606,2.9184,5.0733,4.4425,3.6807,7.9838,7.5170
1341,134.1000,rep2,3.1573,3.2582,2.2357,2.6828,5.1483,4.5119,3.6796,8.0069,7.5012
1342,134.2000,rep2,2.7910,2.8918,1.9323,2.9410,4.8959,4.3325,3.4757,8.1428,7.5538
1343,134.3000,rep2,2.5246,3.1965,2.0542,2.6098,5.1597,4.6466,4.3074,8.0284,7.4534
1344,134.4000,rep2,2.5787,2.7486,1.9969,3.0660,5.4042,4.8104,3.9863,7.7071,7.3518
1345,134.5000,rep2,2.9376,2.8287,2.2011,3.1230,5.0746,5.0005,4.2303,7.8233,7.3606
1346,134.6000,rep2,2.3913,3.0809,1.7736,3.4105,5.2174,4.6186,4.0820,8.0744,7.7380
1347,134.7000,rep2,2.6081,3.1829,1.8495,2.9169,4.8851,4.7353,4.4480,8.2406,7.9913
1348,134.8000,rep2,2.8349,2.8496,2.2180,3.0159,4.6016,4.6480,4.4687,8.2552,7.9585
1349,134.9000,rep2,2.6054,3.3480,2.6934,3.0412,4.5067,4.7116,4.3595,8.2732,7.8603
1350,135.0000,rep2,2.8127,3.0360,2.0601,3.0886,4.1775,4.4760,3.4262,8.0518,7.9092
1351,135.1000,rep2,2.6227,3.0336,1.9251,2.7595,3.5931,4.5188,3.7515,8.0244,7.9178
1352,135.2000,rep2,2.8698,3.0402,2.0761,2.9106,3.5482,4.4193,3.7776,8.4159,7.6408
1353,135.3000,rep2,2.3655,3.3606,2.2808,2.6890,3.4016,3.9556,3.8953,8.5612,7.5513
1354,135.4000,rep2,2.2812,3.1373,1.8485,2.4063,3.2873,4.3670,3.6969,8.5222,7.7025
1355,135.5000,rep2,2.5779,3.2303,1.8762,2.8931,3.1732,4.0199,3.5467,8.6175,7.9346
1356,135.6000,rep2,2.6827,3.1321,1.9495,3.0454,3.4495,3.8422,3.2758,8.4511,7.8395
1357,135.7000,rep2,3.4668,2.4639,2.3394,2.8765,3.6729,3.8266,3.2985,8.2264,7.5811
1358,135.8000,rep2,2.5919,3.0423,1.9009,3.2278,3.3500,3.7220,3.3993,8.0206,7.5763
1359,135.9000,rep2,2.7913,2.8640,2.1269,3.1812,3.2627,4.1947,3.6835,8.0594,7.4948
1360,136.0000,rep2,2.5106,3.2031,2.1170,2.6837,3.4246,3.9549,3.8993,8.1122,7.4436
1361,136.1000,rep2,3.0053,3.1116,2.1406,3.0000,3.3852,4.0111,3.3812,8.1361,7.4816
1362,136.2000,rep2,2.9061,2.8837,2.2290,3.0765,3.5350,4.1659,3.4565,8.1972,7.2662
1363,136.3000,rep2,2.9007,3.2354,2.2370,2.8460,3.6974,3.9043,3.6890,8.2526,6.9895
1364,136.4000,rep2,2.5291,3.0792,2.0275,3.0662,3.3384,3.3473,2.9818,8.2046,6.9259
1365,136.5000,rep2,2.5575,3.2824,2.1887,2.7564,3.3567,3.1630,3.3028,8.3662,7.1707
1366,136.6000,rep2,2.7650,2.9605,2.1369,3.0421,3.6813,2.8226,3.4925,8.3655,7.2450
1367,136.7000,rep2,3.1558,2.6122,2.3442,3.2675,3.1667,2.7746,3.0571,8.3639,7.3290
1368,136.8000,rep2,2.6688,3.1957,1.9439,2.7913,3.1990,2.9143,2.9847,8.2984,7.4591
1369,136.9000,rep2,2.7812,2.8943,2.2534,2.6397,3.2945,2.9901,2.7733,8.2159,7.5321
1370,137.0000,rep2,2.6831,2.7982,2.0603,3.5935,3.2489,2.5945,2.4516,8.3691,7.4420
1371,137.1000,rep2,2.9700,2.9510,2.1063,3.1100,3.3085,2.6133,2.2990,8.6489,7.5742
1372,137.2000,rep2,2.7628,2.9160,1.9554,2.9575,2.9286,3.0384,2.5093,8.6225,7.7068
1373,137.3000,rep2,2.6513,3.2352,2.0208,2.9460,2.5721,3.2721,1.9838,8.7078,7.5812
1374,137.4000,rep2,2.6168,3.1818,1.9013,2.8317,2.6754,3.6056,1.8843,8.6206,7.3168
1375,137.5000,rep2,3.1528,2.7685,2.5945,3.3483,2.6710,3.3378,2.0407,8.5868,7.0419
1376,137.6000,rep2,3.0264,2.8865,2.8089,3.0709,2.6606,3.8481,1.9815,8.6608,6.9169
1377,137.7000,rep2,2.9540,3.1855,2.1939,3.0466,2.5155,3.9809,2.2774,8.7659,7.1349
1378,137.8000,rep2,2.6324,3.1412,2.3067,3.0397,2.6646,3.4531,2.2579,9.0606,7.4004
1379,137.9000,rep2,2.8521,2.8358,1.9877,3.3039,2.5811,3.7935,2.4984,9.3259,7.5082
1380,138.0000,rep2,2.8073,3.5276,1.9618,2.8702,2.6355,3.4923,2.2754,9.2182,7.4397
1381,138.1000,rep2,2.7369,2.9756,2.0121,2.8762,2.5107,3.6284,1.9724,9.0793,7.3685
1382,138.2000,rep2,3.1189,2.6881,2.4084,2.8928,2.5564,3.2459,1.8915,8.9697,7.4242
1383,138.3000,rep2,2.7966,3.1640,2.0441,3.4105,2.5380,2.9316,2.0578,8.8109,7.6003
1384,138.4000,rep2,2.7316,2.8035,2.2364,3.0618,2.5064,3.3399,2.1002,8.6114,7.4848
1385,138.5000,rep2,2.8520,2.9119,2.2239,3.1976,2.7246,3.3459,2.2961,8.6085,7.4150
1386,138.6000,rep2,3.0003,2.8711,2.0702,3.0434,2.6476,3.5124,2.2095,8.3627,7.3357
1387,138.7000,rep2,2.6707,3.0230,2.1841,2.6847,2.7526,3.1087,1.7804,8.3600,7.4614
1388,138.8000,rep2,2.8129,3.1616,2.1302,2.8779,2.6844,3.1107,2.2950,8.3788,7.5216
1389,138.9000,rep2,2.4459,3.2676,2.0841,2.7683,2.6220,2.7274,1.8312,8.5674,7.3604
1390,139.0000,rep2,2.8189,2.9503,2.2800,2.9586,2.5588,3.0053,2.2253,8.4906,7.2774
1391,139.1000,rep2,2.9954,2.6894,2.0402,3.1255,2.7858,3.1394,2.0382,8.3691,7.2384
1392,139.2000,rep2,2.9062,2.8864,2.3764,2.8840,2.7661,2.8170,1.9210,8.1852,7.3425
1393,139.3000,rep2,2.7824,3.0732,2.5051,3.1808,2.9404,2.7861,2.1860,8.0960,7.8261
1394,139.4000,rep2,2.8615,3.0764,2.1018,2.7205,2.6035,2.8882,2.0095,7.9927,8.0186
1395,139.5000,rep2,3.0557,2.5693,2.2492,3.4273,2.5503,3.3523,2.2838,7.9228,7.8867
1396,139.6000,rep2,2.7688,3.1491,1.9128,3.2026,2.5853,3.2862,2.5336,7.9680,7.6277
1397,139.7000,rep2,3.1271,2.8053,2.2065,2.9767,2.8218,3.1338,2.6429,7.9047,7.3711
1398,139.8000,rep2,2.9017,2.8424,2.5579,2.8916,2.6839,2.9646,2.3180,8.2021,7.1919
1399,139.9000,rep2,2.7171,3.0922,2.0676,3.0741,2.6870,2.8425,2.4289,8.3930,7.3820
1400,140.0000,rep2,2.9553,3.2070,2.1474,3.0742,2.6028,2.7789,2.1872,8.5568,7.5108
1401,140.1000,rep2,2.8745,2.9339,2.1243,3.0761,2.6493,2.8914,2.0958,8.9639,7.5384
1402,140.2000,rep2,2.9644,2.8326,2.4288,2.9759,2.7761,3.0411,2.4007,8.9820,7.5560
1403,140.3000,rep2,2.4859,3.2570,1.8113,3.3576,2.6518,3.0897,2.3160,8.6339,7.4341
1404,140.4000,rep2,2.6416,3.1619,2.4364,3.2744,2.6440,3.1437,2.0151,8.3853,7.2605
1405,140.5000,rep2,3.0410,2.6523,2.2165,3.2205,2.6143,3.5173,2.2074,8.1184,7.4587
1406,140.6000,rep2,2.8531,3.0223,1.9970,2.9703,2.6620,3.3146,2.2881,7.9826,7.8105
1407,140.7000,rep2,2.9589,2.8497,2.1887,3.3162,2.6920,3.1637,2.0818,8.1080,7.8379
1408,140.8000,rep2,2.6158,3.0710,2.1221,3.3156,2.6477,3.3376,2.0225,8.1734,7.7048
1409,140.9000,rep2,2.5103,3.0611,1.9201,2.5500,2.6205,3.2656,2.2589,8.1375,7.6396
1410,141.0000,rep2,3.0760,2.9750,2.2837,3.2078,2.6224,3.2697,1.9469,8.2331,7.6556
1411,141.1000,rep2,2.9240,2.7303,2.5991,2.9869,2.5539,3.3709,1.9113,8.5531,7.5193
1412,141.2000,rep2,2.8551,2.7945,1.9758,3.1392,2.5439,2.6915,1.9095,8.7433,7.3241
1413,141.3000,rep2,3.3056,2.6780,2.4705,3.3091,2.5625,3.1515,2.0743,8.7074,7.2781
1414,141.4000,rep2,2.8115,3.0890,2.0021,3.2635,2.5806,3.5446,1.9972,8.4367,7.3962
1415,141.5000,rep2,2.8865,2.8762,2.4669,2.8933,2.6701,3.5179,1.8453,8.2972,7.6880
1416,141.6000,rep2,3.0448,2.8390,2.0045,3.5095,2.5448,3.2373,2.2192,8.1319,7.6434
1417,141.7000,rep2,2.6344,3.0018,2.1896,2.8947,2.5727,3.1657,1.9560,8.0920,7.6552
1418,141.8000,rep2,2.4617,3.2027,1.8598,2.7211,2.5966,3.2584,2.1197,7.9883,7.7750
1419,141.9000,rep2,3.0689,2.7869,2.2682,2.7434,2.5583,3.4110,2.2329,7.7605,7.8708
1420,142.0000,rep2,2.8010,2.8867,2.4896,3.1563,2.7868,3.1106,1.8942,7.6780,8.1006
1421,142.1000,rep2,2.3831,3.4685,1.8428,3.1161,2.6530,3.2443,2.1338,7.7540,7.8024
1422,142.2000,rep2,2.4744,3.2982,2.0582,2.8349,2.6988,3.3244,1.9768,8.0939,7.3987
1423,142.3000,rep2,2.5982,3.3389,1.7877,2.8839,2.5544,3.4417,2.1025,8.0718,7.1120
1424,142.4000,rep2,2.5316,3.2358,2.1002,2.8746,2.6858,3.2859,2.1052,7.9787,7.3255
1425,142.5000,rep2,3.0506,2.8109,2.2438,2.9332,2.6679,3.4336,1.9184,7.7838,7.5761
1426,142.6000,rep2,2.8129,3.3285,2.0965,3.0851,2.6054,3.2462,1.9124,7.7526,7.5806
1427,142.7000,rep2,2.3393,3.4915,2.0411,2.9498,2.8032,3.0245,2.0289,8.1264,7.3931
1428,142.8000,rep2,2.2748,3.5739,1.9640,3.3431,2.7962,3.3899,2.0781,8.1465,7.5237
1429,142.9000,rep2,2.5836,3.1776,2.4536,2.3978,2.7560,3.1194,1.8613,8.1843,7.4180
1430,143.0000,rep2,3.2950,2.5933,2.8571,3.2641,2.9155,2.9323,1.8710,8.2323,7.5009
1431,143.1000,rep2,2.7780,2.7826,2.9470,2.7800,2.8026,3.0251,2.0145,8.1770,7.3969
1432,143.2000,rep2,2.8453,2.9577,2.3712,2.9513,2.9389,2.8610,2.2363,7.9469,7.2884
1433,143.3000,rep2,2.5404,3.3454,1.9591,3.2961,2.6535,3.0367,2.0404,7.9857,7.4112
1434,143.4000,rep2,2.5880,3.1541,2.3346,3.2553,2.6029,3.0123,2.0165,8.0398,7.4653
1435,143.5000,rep2,3.0378,3.0626,2.3386,2.7024,2.7015,2.9827,1.9135,8.0775,7.7636
1436,143.6000,rep2,2.6529,3.3774,1.7806,3.0462,2.6212,3.0367,2.0636,8.0679,7.8607
1437,143.7000,rep2,2.8543,2.9199,1.9204,2.9307,2.7476,2.7209,1.9281,8.3197,7.9107
1438,143.8000,rep2,3.0732,2.8695,2.0071,2.8887,2.5054,2.8345,2.3451,8.3686,7.9053
1439,143.9000,rep2,2.7650,3.2029,1.9281,3.3908,2.6794,3.0129,2.3151,8.2998,7.8203
1440,144.0000,rep2,2.7584,3.0255,2.5169,3.3964,2.8757,3.1224,2.1306,8.2124,7.6668
1441,144.1000,rep2,2.6805,3.1433,2.5512,2.9874,2.6629,3.2152,2.0251,8.0361,7.5574
1442,144.2000,rep2,2.7888,3.2655,2.0312,3.0957,2.6354,3.2114,1.8778,7.9980,7.7066
1443,144.3000,rep2,2.6480,2.7550,2.2469,3.0986,2.5434,3.4042,1.8726,8.0046,7.6492
1444,144.4000,rep2,2.7066,2.9641,2.0708,3.3439,2.6195,3.1364,2.1016,7.9732,7.3516
1445,144.5000,rep2,2.7359,2.9840,2.0526,3.2759,2.9653,2.9766,2.5147,7.8431,7.0761
1446,144.6000,rep2,2.2978,3.6263,2.3164,3.0447,3.0497,3.3239,3.0560,8.0381,7.0736
1447,144.7000,rep2,2.5631,3.1936,2.1935,2.9223,2.8627,3.0937,2.7081,8.2224,7.3816
1448,144.8000,rep2,2.9163,2.8792,1.9515,3.2400,2.9472,3.0967,2.3935,8.3762,7.7226
1449,144.9000,rep2,2.8531,2.9048,2.1780,3.1000,3.2215,2.9323,2.4220,8.3075,7.4992
1450,145.0000,rep2,2.5658,3.0078,2.4650,3.3245,2.9476,3.1614,1.9403,8.1076,7.3293
1451,145.1000,rep2,3.1547,2.7745,2.6074,3.4923,2.8866,3.2492,2.1070,7.7365,7.2165
1452,145.2000,rep2,2.6123,3.1393,2.3497,2.9050,3.0936,3.3214,2.4569,7.6320,7.3327
1453,145.3000,rep2,2.7194,3.2329,2.1072,3.5615,3.2809,2.8636,1.9422,7.6419,7.3719
1454,145.4000,rep2,2.8749,2.7309,2.5312,3.2704,2.9132,3.1831,1.9509,7.8361,7.4259
1455,145.5000,rep2,2.3983,3.3542,1.7863,3.0307,3.2640,2.9896,2.0570,7.9141,7.3681
1456,145.6000,rep2,2.9823,2.8493,2.5302,2.9651,2.8475,2.8917,2.2391,7.9783,7.3541
1457,145.7000,rep2,2.9855,2.7920,2.6884,3.2494,3.0819,3.5018,2.0784,7.9509,7.3235
1458,145.8000,rep2,2.6512,3.0785,2.7306,3.3518,3.0726,3.3561,2.4787,7.9465,7.2031
1459,145.9000,rep2,3.0191,2.9752,2.3722,3.2078,3.0301,3.3040,2.9760,7.7886,7.2565
1460,146.0000,rep2,2.7705,2.9519,2.0607,2.5384,2.8635,3.3380,2.5775,7.9330,7.2893
1461,146.1000,rep2,2.9866,3.0414,1.8558,3.5202,2.9422,3.8851,2.3667,8.0101,7.5838
1462,146.2000,rep2,2.8038,2.9255,2.2835,2.6447,2.7576,3.6307,1.8654,8.1004,7.6485
1463,146.3000,rep2,2.9965,2.9215,2.2318,3.1389,2.6109,2.9855,1.7362,8.1109,7.6025
1464,146.4000,rep2,2.8976,3.0301,1.9068,3.0377,2.5542,3.2246,2.1777,8.1954,7.6651
1465,146.5000,rep2,3.0247,2.7913,2.4027,3.2908,2.5680,2.9411,1.9341,8.2255,7.4900
1466,146.6000,rep2,2.9012,3.0507,2.0869,3.5427,2.7087,2.7610,1.8354,8.3118,7.3570
1467,146.7000,rep2,2.5742,3.0068,2.0424,3.1441,2.5244,3.2214,2.1662,8.1742,7.0928
1468,146.8000,rep2,2.7952,2.8655,2.1749,3.2711,2.8097,3.3313,2.3882,8.1680,7.3756
1469,146.9000,rep2,2.2562,2.9218,2.0490,2.9050,2.6446,2.9627,2.2153,8.3455,7.4693
1470,147.0000,rep2,2.7548,2.9240,2.1556,3.0895,2.7188,2.7679,2.0125,8.3802,7.6370
1471,147.1000,rep2,2.9202,3.0377,1.9348,3.0052,2.7661,3.2757,2.2778,8.3709,7.5416
1472,147.2000,rep2,2.9011,2.6884,2.1868,2.8535,2.6822,3.1258,2.1926,8.4805,7.2334
1473,147.3000,rep2,2.7095,3.3475,1.8078,3.1256,2.6675,2.8206,2.0954,8.2067,7.0321
1474,147.4000,rep2,2.6763,3.2218,2.1010,3.1152,2.5904,2.8449,2.0361,8.1545,7.2162
1475,147.5000,rep2,2.6454,2.8117,1.9695,2.4345,2.6306,2.4374,2.2049,8.1804,7.5958
1476,147.6000,rep2,2.5726,3.3630,1.7984,2.7076,2.5794,3.0512,2.0537,8.3824,7.7607
1477,147.7000,rep2,2.5775,3.1640,1.9748,3.0964,2.9480,3.1181,2.0782,8.6511,7.6380
1478,147.8000,rep2,2.7772,3.3781,1.8472,3.0736,2.6970,2.8781,2.3936,8.6157,7.3296
1479,147.9000,rep2,3.0081,3.1007,2.3281,2.9867,3.2877,2.6095,2.6347,8.3488,7.3131
1480,148.0000,rep2,3.0269,2.9182,2.3197,3.2177,3.4690,3.1152,2.8371,8.2810,7.2468
1481,148.1000,rep2,2.5996,3.3384,2.0821,3.2253,3.1184,2.7940,3.0916,8.1062,7.4395
1482,148.2000,rep2,2.9506,2.6867,1.8755,3.0317,3.2913,3.2871,2.6753,7.8921,7.4731
1483,148.3000,rep2,2.2370,3.6379,2.1627,3.5494,2.7824,3.0522,2.1874,7.8063,7.4804
1484,148.4000,rep2,2.5774,3.5676,1.9381,3.7844,2.6757,2.6037,1.9706,7.9223,7.3737
1485,148.5000,rep2,3.0216,2.6772,2.5151,2.7620,2.6668,3.1809,2.3465,7.9581,7.5302
1486,148.6000,rep2,2.6581,3.0682,2.0092,3.3793,2.5121,3.2088,2.3905,7.7461,7.7433
1487,148.7000,rep2,2.7791,2.9909,1.8338,3.9810,2.7285,3.1619,2.6110,7.5138,7.7207
1488,148.8000,rep2,2.5761,3.0561,2.0034,2.9850,2.6839,2.8402,2.1641,7.5901,7.5565
1489,148.9000,rep2,2.6982,3.2051,1.9734,3.8193,2.5864,2.8207,2.0148,7.7769,7.4264
1490,149.0000,rep2,2.9134,2.9083,2.1165,3.0309,2.5088,2.9823,1.7983,8.1317,7.5227
1491,149.1000,rep2,2.8414,2.8435,1.8965,3.0224,2.6261,3.1307,2.3038,8.3509,7.5827
1492,149.2000,rep2,3.4919,2.3247,2.0134,3.3990,2.5643,3.3118,2.1221,8.5377,7.5281
1493,149.3000,rep2,2.7851,3.1088,1.9698,3.2436,2.5974,3.0196,2.2997,8.6453,7.3132
1494,149.4000,rep2,2.7163,3.0318,2.1563,2.8190,2.5919,2.9502,2.0560,8.5684,7.1988
1495,149.5000,rep2,2.9784,2.5744,2.2941,2.7776,2.7506,3.3823,1.9368,8.4519,7.1058
1496,149.6000,rep2,2.6308,2.9758,2.0720,3.5628,2.5181,3.5277,2.1270,8.3743,7.1155
1497,149.7000,rep2,2.7692,2.9284,1.9837,3.2726,2.5939,3.3555,2.3619,8.2030,7.1239
1498,149.8000,rep2,2.9260,2.7111,1.9763,3.0947,2.5408,3.2918,1.9958,8.0218,7.1928
1499,149.9000,rep2,2.9517,2.9726,2.2151,3.4311,2.6372,3.2951,1.8899,8.1032,7.3323
1500,150.0000,rep2,2.5560,3.1695,1.9829,3.2678,2.5485,3.1187,2.2445,7.8853,7.5671
1501,150.1000,rep2,2.5466,3.0708,2.1107,3.0340,2.4878,3.2818,2.2829,7.6300,7.4743
1502,150.2000,rep2,2.9669,2.7665,2.0719,3.0295,2.6846,2.9776,1.8066,7.6873,7.3360
1503,150.3000,rep2,2.4847,3.0473,1.8035,3.4815,2.6807,3.2136,1.7468,7.9682,7.3224
1504,150.4000,rep2,2.6057,2.9233,2.0818,3.4237,2.5329,3.5458,2.1492,8.2871,7.3543
1505,150.5000,rep2,3.0032,2.9849,2.1008,3.1972,2.6261,3.1760,2.5865,8.4333,7.4376
1506,150.6000,rep2,2.9794,2.6086,2.3407,3.2729,2.6354,3.3708,2.5615,8.5174,7.6323
1507,150.7000,rep2,2.7416,3.2086,2.0071,3.4659,2.5330,3.4731,2.9821,8.3276,7.8063
1508,150.8000,rep2,2.0769,3.6057,2.0857,3.5866,2.5693,2.9533,1.7509,7.9760,7.9694
1509,150.9000,rep2,2.7872,2.6310,2.1866,3.0537,2.5781,3.0472,2.0518,7.8766,7.8209
1510,151.0000,rep2,2.7802,2.7894,1.9777,3.2990,2.5181,2.8592,1.9830,8.0148,7.6070
1511,151.1000,rep2,3.3400,2.8284,2.5542,3.3620,2.6066,3.0166,2.1097,8.1822,7.5268
1512,151.2000,rep2,2.9163,2.8292,2.3870,2.8038,2.6383,2.7178,1.9257,8.4217,7.4660
1513,151.3000,rep2,2.8523,3.0634,1.9007,3.2456,2.5873,2.5125,1.8245,8.5263,7.4752
1514,151.4000,rep2,2.9850,3.0871,2.0964,3.1270,2.6279,2.5316,2.1363,8.6530,7.5499
1515,151.5000,rep2,2.6367,3.0107,1.9728,3.3380,2.7389,2.7772,1.9809,8.6822,7.3944
1516,151.6000,rep2,2.7724,2.9748,1.9054,2.9865,2.6468,2.8263,2.3576,8.8729,7.4587
1517,151.7000,rep2,2.6709,3.1603,1.9732,3.3493,2.5174,2.3010,1.9070,8.7927,7.5065
1518,151.8000,rep2,3.3869,2.5609,2.0997,3.2179,2.6179,2.9823,2.2846,8.4286,7.7195
1519,151.9000,rep2,2.7173,3.2843,1.9096,2.9774,2.5400,2.9388,2.4197,8.2714,7.8309
1520,152.0000,rep2,3.0090,3.1389,2.2039,3.5995,2.5657,2.9612,2.2230,8.0748,7.8326
1521,152.1000,rep2,2.9650,2.9965,1.7978,3.0533,2.5762,3.0855,2.1400,7.9010,8.0292
1522,152.2000,rep2,2.7857,2.9713,2.1402,2.8300,2.6219,2.7816,1.9579,7.9037,7.9905
1523,152.3000,rep2,3.1536,2.8027,2.0893,3.3409,2.8087,3.8098,2.5802,8.0206,7.9376
1524,152.4000,rep2,3.0117,2.8422,2.2361,3.1056,2.7042,3.8111,2.4669,8.0199,7.8159
1525,152.5000,rep2,2.4839,3.4149,1.8740,3.2729,2.5993,3.5574,2.1216,8.0057,7.5569
1526,152.6000,rep2,2.6943,3.1551,2.2629,3.4910,2.5788,3.7523,3.3655,8.0619,7.4511
1527,152.7000,rep2,2.4460,3.2946,1.9277,2.6885,2.6658,3.8483,4.2806,8.2358,7.2434
1528,152.8000,rep2,2.9166,2.9065,2.1133,2.8505,2.7152,3.6934,3.5841,7.9569,7.1636
1529,152.9000,rep2,2.7004,2.9310,1.8591,2.6979,2.7041,4.0183,3.0991,7.8755,7.2996
1530,153.0000,rep2,2.4446,3.3659,2.0313,3.0192,2.4709,3.5746,3.1955,7.8587,7.4585
1531,153.1000,rep2,2.5534,3.1476,2.1056,3.0468,2.6244,3.0157,2.0065,8.0306,7.6903
1532,153.2000,rep2,2.6031,3.3929,1.8422,3.0648,2.5749,3.6447,2.9304,8.3641,7.7501
1533,153.3000,rep2,2.5893,3.2204,2.2148,2.8939,2.5912,4.1950,3.0438,8.2993,7.8422
1534,153.4000,rep2,2.4277,3.4132,1.9145,2.8870,2.5769,3.6235,2.5099,8.1378,7.9107
1535,153.5000,rep2,2.9732,3.1241,2.1840,3.2060,2.6350,3.4855,2.1969,8.2036,8.1130
1536,153.6000,rep2,2.9304,2.8079,2.1846,2.8306,2.6587,3.9470,2.1527,8.3799,8.1301
1537,153.7000,rep2,2.9336,3.0987,2.1475,3.1225,2.5365,3.4668,1.9419,8.1528,7.9453
1538,153.8000,rep2,2.6060,3.1955,2.0599,2.8304,2.5784,3.0414,2.3765,8.0928,8.0523
1539,153.9000,rep2,2.8027,3.0653,2.0222,3.1047,2.5831,3.4581,2.8148,8.4049,7.8867
1540,154.0000,rep2,3.1078,2.6843,2.1391,3.0702,2.5225,3.3618,2.2432,8.3103,7.7702
1541,154.1000,rep2,2.9462,2.8153,1.8190,2.8348,2.6815,3.5537,2.3645,8.3198,7.6027
1542,154.2000,rep2,3.0102,2.7721,2.1575,3.4081,2.4939,3.4524,2.4314,8.4146,7.3860
1543,154.3000,rep2,2.7574,2.9235,1.9613,3.0106,2.6411,3.2140,2.7870,8.3943,7.2420
1544,154.4000,rep2,2.8855,3.0252,2.4401,3.2912,2.5853,3.6911,2.6585,8.4616,7.4002
1545,154.5000,rep2,2.6259,3.0455,2.3621,2.5586,2.6130,3.3367,1.8094,8.4768,7.6646
1546,154.6000,rep2,2.8140,3.1028,1.9704,2.8005,2.6012,3.0699,2.0167,8.4443,7.8484
1547,154.7000,rep2,3.2280,2.8108,2.1102,3.4583,2.5388,3.1426,1.8960,8.5146,7.6622
1548,154.8000,rep2,2.1323,3.5528,1.9992,2.8442,2.6038,3.2903,1.8789,8.7203,7.5510
1549,154.9000,rep2,2.5634,3.4283,1.8853,3.4002,2.6772,3.5528,2.2392,8.6526,7.3813
1550,155.0000,rep2,2.7743,3.0459,2.2801,3.0959,2.5990,3.5887,2.0485,8.5383,7.6174
1551,155.1000,rep2,2.7047,3.0312,1.8420,3.1780,2.5935,3.5912,2.2014,8.3363,7.7171
1552,155.2000,rep2,3.0534,2.9581,2.0459,3.4516,2.5288,3.2721,2.1261,8.2679,7.9738
1553,155.3000,rep2,2.6937,3.2841,2.3172,2.5966,2.5031,3.3083,2.2308,8.1821,7.9591
1554,155.4000,rep2,2.8255,3.1316,2.1426,2.9058,2.6073,3.4858,2.0192,7.8878,7.7643
1555,155.5000,rep2,2.7052,2.7192,2.4885,2.6890,2.6459,3.7292,2.6609,7.7138,7.6248
1556,155.6000,rep2,2.9784,2.9621,1.8778,2.8292,2.5561,3.4025,2.1412,7.5506,7.6601
1557,155.7000,rep2,3.0273,2.8685,1.9895,2.7063,2.4744,3.0071,2.1144,7.5573,7.5890
1558,155.8000,rep2,2.8252,2.8714,2.0730,3.0647,2.6047,3.5453,1.8857,7.7647,7.3027
1559,155.9000,rep2,2.2899,3.3484,1.9203,2.7299,2.5318,3.3526,1.8049,7.9674,7.2963
1560,156.0000,rep2,3.0291,3.0115,2.2049,3.0806,2.5610,3.8241,1.7905,7.9968,7.3570
1561,156.1000,rep2,2.7081,3.1417,1.8806,3.0970,2.6093,3.7935,1.8621,7.8901,7.5714
1562,156.2000,rep2,2.7056,2.9781,2.9370,2.8021,2.5325,3.9024,2.0964,7.8735,7.7824
1563,156.3000,rep2,2.7418,3.2843,1.9260,3.0800,2.6189,3.7599,1.9221,7.8662,7.7710
1564,156.4000,rep2,3.0799,2.6220,2.7238,2.8901,2.5705,3.2642,1.6863,7.8365,7.6563
1565,156.5000,rep2,2.8879,3.0722,2.3720,3.4039,2.5471,3.8609,2.1680,8.0216,7.6226
1566,156.6000,rep2,2.7524,3.2080,1.8815,3.2156,2.7279,3.3348,1.8976,8.1038,7.4996
1567,156.7000,rep2,2.7340,2.8980,2.4207,2.8208,2.5957,2.9820,1.5830,8.0633,7.4273
1568,156.8000,rep2,2.3084,3.3931,1.8843,3.3623,2.4939,3.4176,1.9974,7.9676,7.2347
1569,156.9000,rep2,2.7481,2.8284,2.1397,2.9769,2.8386,3.3529,1.7877,7.8762,7.2283
1570,157.0000,rep2,2.9260,2.6834,2.4321,3.1953,2.7394,3.5750,1.8519,8.1990,7.2311
1571,157.1000,rep2,2.8334,2.9957,1.9426,3.3668,2.5784,3.1677,1.8035,8.1546,7.4450
1572,157.2000,rep2,2.5513,3.2356,1.8358,3.3327,2.5989,3.2446,1.9943,8.1748,7.3145
1573,157.3000,rep2,2.7136,3.1457,2.2590,3.0411,2.5656,3.1495,2.2052,8.3023,7.1200
1574,157.4000,rep2,2.6673,2.7369,2.8684,2.8455,2.5620,2.7543,1.7438,8.4451,7.2415
1575,157.5000,rep2,2.7761,2.9197,2.5549,3.1558,2.6941,3.3693,1.8864,8.5873,7.4076
1576,157.6000,rep2,2.6451,3.0277,1.9155,3.5582,2.7686,3.5905,2.1828,8.4582,7.4426
1577,157.7000,rep2,2.5661,3.1234,2.1049,3.4421,2.7313,3.3721,1.7560,8.1961,7.4395
1578,157.8000,rep2,2.6660,3.3372,2.0982,3.1184,2.5652,3.5784,1.8603,8.2010,7.5559
1579,157.9000,rep2,3.3500,2.8521,2.1395,3.0061,2.6658,2.9698,1.8820,8.4411,7.7207
1580,158.0000,rep2,2.6970,3.1278,1.9739,3.0685,2.7133,3.1867,1.9876,8.5504,7.7933
1581,158.1000,rep2,3.0726,2.9132,2.5422,2.7008,2.8040,3.6249,1.9521,8.5560,7.7085
1582,158.2000,rep2,3.2604,2.5658,2.2645,3.2043,2.6140,3.5633,2.7465,8.5133,7.6215
1583,158.3000,rep2,2.7703,3.1229,1.9084,3.1013,2.5298,3.2832,2.3633,8.5990,7.6532
1584,158.4000,rep2,2.6315,3.0528,1.9639,2.8577,2.5969,3.2526,2.3916,8.5380,7.6730
1585,158.5000,rep2,2.8182,2.8095,2.0995,2.6468,2.6895,3.2367,1.8411,8.5420,7.4451
1586,158.6000,rep2,2.6982,3.0479,1.8902,2.9573,2.5734,3.4383,1.7608,8.5207,7.2474
1587,158.7000,rep2,2.8136,2.9265,2.0311,2.8481,2.5514,3.6766,2.4447,8.4414,7.0793
1588,158.8000,rep2,2.4163,3.2810,1.8888,3.2895,2.7149,4.0488,2.0072,8.2404,7.1614
1589,158.9000,rep2,3.0993,2.7466,2.2669,3.1834,2.5689,3.3656,1.7895,8.3481,7.3340
1590,159.0000,rep2,2.9549,2.6679,2.4870,2.8210,2.6827,3.5031,1.6501,8.2389,7.1921
1591,159.1000,rep2,2.7359,2.9921,2.1553,3.0396,2.5003,3.4414,2.2481,8.3132,6.9074
1592,159.2000,rep2,2.8607,2.9159,2.1469,3.0163,2.5700,3.6041,2.3104,8.3191,6.9661
1593,159.3000,rep2,1.9556,3.7400,1.6787,2.7805,2.7091,2.8635,1.8259,8.3249,7.3385
1594,159.4000,rep2,2.1232,3.5229,1.9307,2.8732,2.5552,3.5174,1.9207,8.2425,7.5126
1595,159.5000,rep2,2.5972,3.2775,1.8064,2.5512,2.6958,4.1819,2.3701,8.1707,7.4872
1596,159.6000,rep2,2.4903,3.2057,2.1063,2.6966,2.5309,3.5384,1.9444,8.0866,7.4592
1597,159.7000,rep2,2.3503,3.1007,2.4464,2.5410,2.6131,3.4689,2.1182,8.1240,7.6786
1598,159.8000,rep2,2.6109,3.2795,2.1364,2.6066,2.5628,3.2563,2.3653,8.2985,7.7058
1599,159.9000,rep2,2.7425,3.2298,1.9943,3.1124,2.5379,3.5862,1.8016,8.2524,7.6479
1600,160.0000,rep2,2.7963,2.9964,2.1387,3.0297,2.5888,3.4338,1.8332,8.3038,7.3811
1601,160.1000,rep2,2.5513,3.2308,2.0569,2.6809,2.5332,3.5648,1.8934,8.2676,7.2528
1602,160.2000,rep2,2.3500,3.1157,2.1111,3.1737,2.4967,3.3738,2.1509,8.3339,7.5111
1603,160.3000,rep2,3.0369,2.6161,2.3051,2.9240,2.7306,3.2303,1.9499,8.4353,7.7024
1604,160.4000,rep2,3.0940,2.9239,2.5788,2.9374,2.5140,3.4927,1.8892,8.4782,7.6648
1605,160.5000,rep2,2.3148,3.2348,1.8718,3.3120,2.6109,3.5306,1.8742,8.4556,7.5884
1606,160.6000,rep2,2.3381,3.3947,1.8638,3.0440,2.5248,3.4829,1.8709,8.2303,7.4919
1607,160.7000,rep2,2.7751,3.0443,1.9411,2.9030,2.5903,3.6397,2.0518,7.8571,7.3007
1608,160.8000,rep2,2.8412,3.0109,2.1346,3.1751,2.5486,3.3610,1.9555,7.9759,7.3396
1609,160.9000,rep2,2.7732,2.7992,2.2517,3.0141,2.6045,3.6942,1.9005,8.1112,7.6365
1610,161.0000,rep2,2.9478,3.2752,1.8966,3.0716,2.6873,4.0399,1.8365,8.0847,7.6817
1611,161.1000,rep2,2.4192,3.0196,1.9365,2.7399,2.6293,3.4596,1.7804,8.0270,7.6010
1612,161.2000,rep2,3.0132,2.9212,2.1480,3.0624,2.5863,3.6616,1.9638,8.0369,7.5593
1613,161.3000,rep2,2.7234,2.7566,2.1204,3.0480,2.5668,3.8150,1.8551,7.8827,7.7040
1614,161.4000,rep2,2.6554,3.1007,1.9351,3.0817,2.5608,3.5243,1.9346,7.8562,7.8741
1615,161.5000,rep2,2.5887,3.1921,1.8140,3.0575,2.5319,3.6572,1.9220,7.7488,7.9859
1616,161.6000,rep2,3.2918,2.9964,2.1785,3.0986,2.6826,3.3667,1.8818,7.6894,7.8407
1617,161.7000,rep2,2.8006,3.0430,2.4960,3.0596,2.5457,3.6759,1.8199,7.8812,7.7040
1618,161.8000,rep2,2.9054,3.0704,1.9917,3.0446,2.5810,3.3374,1.7667,8.1054,7.6107
1619,161.9000,rep2,2.9172,2.8753,2.1872,3.0035,2.6852,3.5036,1.8333,8.3110,7.6297
1620,162.0000,rep2,2.5665,2.9223,2.1291,2.9247,2.6999,3.9959,1.7649,8.3451,7.5987
1621,162.1000,rep2,2.9473,2.7432,2.2942,3.3641,2.5146,3.5645,2.2133,8.3545,7.4522
1622,162.2000,rep2,2.8435,3.0183,2.1010,2.8512,2.6120,3.3183,2.0436,8.3647,7.5651
1623,162.3000,rep2,3.0386,2.8206,1.9319,3.3127,2.4817,3.5110,2.0058,8.3968,7.5285
1624,162.4000,rep2,3.0249,2.7308,2.3006,2.7481,2.6759,3.2860,1.9244,8.4388,7.4376
1625,162.5000,rep2,2.8072,3.0015,2.0447,3.3216,2.6249,3.6004,2.5089,8.3583,7.4621
1626,162.6000,rep2,3.0182,2.8167,1.9656,3.2618,2.6024,3.4343,1.7122,8.3379,7.5450
1627,162.7000,rep2,3.1134,2.6307,1.8717,3.1783,2.6243,3.5452,1.8904,8.4320,7.4858
1628,162.8000,rep2,3.0241,2.7894,2.0429,3.2389,2.7970,3.4552,2.0907,8.4108,7.5165
1629,162.9000,rep2,2.8670,3.1286,2.2397,3.4397,2.5741,3.6321,1.9171,8.5538,7.6429
1630,163.0000,rep2,3.1884,2.6465,2.2215,2.5816,2.6387,3.4006,2.0401,8.6176,7.5409
1631,163.1000,rep2,3.2753,2.9247,1.7983,3.5110,2.5955,3.3334,1.8359,8.6476,7.2457
1632,163.2000,rep2,2.7226,3.0276,2.2377,3.1219,2.5864,3.3987,2.0981,8.7480,6.9145
1633,163.3000,rep2,3.1429,2.9499,2.0269,3.1836,2.5467,3.4617,2.3674,8.5944,6.8948
1634,163.4000,rep2,3.0751,2.9109,1.9612,3.2498,2.7851,3.1415,2.4242,8.6273,7.0674
1635,163.5000,rep2,3.0858,2.7327,2.2018,3.0716,2.5957,3.5932,2.2959,8.6077,7.1400
1636,163.6000,rep2,3.2218,3.0068,1.9323,3.2428,2.5310,3.1398,1.9368,8.6319,7.2237
1637,163.7000,rep2,3.0549,2.8858,2.0430,2.9383,2.6194,3.2635,2.1361,8.4294,7.3903
1638,163.8000,rep2,2.9338,3.1824,2.2610,3.5307,2.5488,3.6058,2.4843,8.3769,7.4964
1639,163.9000,rep2,3.1897,3.0668,2.4275,2.8905,2.5139,3.3708,2.0809,8.4166,7.5899
1640,164.0000,rep2,2.8753,2.9564,1.7231,2.6479,2.5536,3.6065,2.4396,8.2728,7.7809
1641,164.1000,rep2,2.8202,3.1708,2.0275,2.8234,2.6040,3.5584,2.6103,8.0974,7.9715
1642,164.2000,rep2,2.6602,3.0348,1.8280,3.0606,2.7224,3.8096,2.7381,7.9839,8.0951
1643,164.3000,rep2,2.9391,3.1213,2.0922,2.6876,2.5663,3.2285,2.5949,7.9889,8.0943
1644,164.4000,rep2,2.3244,3.3915,1.7703,2.8624,2.5641,3.2895,2.7225,8.3597,8.1846
1645,164.5000,rep2,2.8339,3.3908,1.8994,2.5095,2.5708,3.9715,2.4006,8.5395,8.1475
1646,164.6000,rep2,3.1057,3.0793,1.8439,3.1357,2.5701,3.6626,2.1047,8.5756,7.7914
1647,164.7000,rep2,3.1173,2.7915,2.3122,2.9126,2.5763,3.4398,2.3947,8.4791,7.4542
1648,164.8000,rep2,3.0054,2.8469,2.2669,3.2974,2.5751,3.4673,2.8580,8.3820,7.4798
1649,164.9000,rep2,2.5461,3.2587,1.9750,3.0698,2.5094,3.7235,2.8020,8.6445,7.3647
1650,165.0000,rep2,2.7811,3.2996,2.1391,3.3556,2.5598,3.4658,3.0509,8.9542,7.3343
1651,165.1000,rep2,2.8031,3.0909,1.9775,3.2261,2.5694,3.7369,2.7766,8.9670,7.3949
1652,165.2000,rep2,3.0360,2.7704,2.6010,2.9905,2.5033,3.8160,2.0112,8.8123,7.3837
1653,165.3000,rep2,2.7647,2.8455,2.2273,3.3682,2.5223,3.8469,2.0644,8.6021,7.2798
1654,165.4000,rep2,2.7116,3.3514,1.9572,3.3766,2.7305,3.7660,2.6396,8.4366,7.3266
1655,165.5000,rep2,2.7381,3.0747,1.9756,3.1393,2.6855,3.5049,2.2625,8.4075,7.3488
1656,165.6000,rep2,2.8115,2.9482,2.4037,3.0015,2.6490,3.1194,1.9517,8.4037,7.4055
1657,165.7000,rep2,2.4014,3.2993,1.8831,3.0681,2.6338,3.0802,2.0466,8.2714,7.4229
1658,165.8000,rep2,2.8517,3.0141,1.9798,3.0952,2.6238,3.2535,2.1805,8.2386,7.4311
1659,165.9000,rep2,2.5133,3.2865,1.8672,3.3198,2.6455,3.3118,2.8043,8.3682,7.4607
1660,166.0000,rep2,2.7578,2.9401,1.8808,3.2969,2.5268,3.7473,2.2350,8.4911,7.5770
1661,166.1000,rep2,3.0591,2.9555,1.9976,3.1117,2.6413,3.8292,2.7415,8.6415,7.7151
1662,166.2000,rep2,2.9094,2.9686,2.1468,3.4078,2.5625,3.6989,2.6213,8.7480,7.7306
1663,166.3000,rep2,2.7731,3.1926,2.0041,3.2010,2.6236,3.5201,3.0646,9.0618,7.6592
1664,166.4000,rep2,2.6590,2.9246,1.9431,2.5157,2.6024,3.6922,2.2586,9.0205,7.6768
1665,166.5000,rep2,2.8827,2.9839,2.5651,3.0534,2.6101,3.4601,2.1232,8.7245,7.6773
1666,166.6000,rep2,2.6131,3.2607,1.8157,3.0271,2.6441,3.8962,2.6310,8.6543,7.5569
1667,166.7000,rep2,3.1020,2.7911,2.2781,2.9286,2.5482,3.5773,3.0510,8.4238,7.3529
1668,166.8000,rep2,2.3798,3.2495,2.0263,3.1073,2.5841,3.7072,3.3335,8.4396,7.1454
1669,166.9000,rep2,2.5139,3.5253,2.0164,2.9289,2.5871,3.2444,2.4726,8.4251,7.0591
1670,167.0000,rep2,2.9399,2.7789,2.3168,3.1388,2.6701,3.2180,1.7917,8.5133,7.1205
1671,167.1000,rep2,2.7269,2.9876,2.1762,3.2172,2.5870,3.6195,2.1634,8.6396,7.2650
1672,167.2000,rep2,2.3927,3.1849,1.9260,3.0056,2.6132,3.5696,1.9456,8.5793,7.3445
1673,167.3000,rep2,2.6641,3.0112,1.9387,2.7664,2.5137,3.3885,1.8936,8.3863,7.2700
1674,167.4000,rep2,2.8671,3.0041,1.9786,2.8786,2.6464,3.2185,2.0183,8.3740,7.2846
1675,167.5000,rep2,2.7301,3.0184,2.1474,3.3725,2.6112,3.1359,1.8883,8.2599,7.3521
1676,167.6000,rep2,2.7330,3.2175,1.8879,2.7681,2.5813,3.1637,1.9830,8.1299,7.4138
1677,167.7000,rep2,2.7761,2.9711,2.0179,3.2987,2.5840,3.4975,2.5860,8.3250,7.2745
1678,167.8000,rep2,2.7720,2.9876,2.0939,3.6176,2.5594,3.3068,2.2358,8.3467,7.2967
1679,167.9000,rep2,2.7128,2.8681,2.0694,3.0955,2.6171,3.1048,1.7567,8.4392,7.0510
1680,168.0000,rep2,2.8311,2.7298,1.9600,3.1284,2.6342,3.0056,1.9732,8.5394,7.0427
1681,168.1000,rep2,2.7837,3.1121,1.8937,2.9914,2.5624,3.5913,2.6419,8.7200,7.2393
1682,168.2000,rep2,2.5994,2.8808,2.5397,3.2344,2.5915,4.0226,2.2475,8.8215,7.2507
1683,168.3000,rep2,3.4980,2.3374,2.3584,3.2061,2.5489,4.0109,2.4989,8.8121,7.4048
1684,168.4000,rep2,2.7953,3.3235,1.7330,2.8416,2.6970,3.1538,1.9518,8.9262,7.3797
1685,168.5000,rep2,2.6023,3.2697,2.1144,3.0050,2.7878,3.5339,2.1167,8.8760,7.2769
1686,168.6000,rep2,2.6708,3.0463,2.1702,2.7730,2.5444,3.2244,2.3864,8.5927,7.0941
1687,168.7000,rep2,2.6425,3.4849,1.9214,3.3823,2.6810,3.0608,2.3392,8.4146,6.9628
1688,168.8000,rep2,2.7400,3.5752,2.0467,2.9974,2.6604,3.3238,1.9049,8.4962,6.9798
1689,168.9000,rep2,2.9828,2.9284,2.1255,3.0091,2.6242,3.7934,2.1458,8.6699,7.0262
1690,169.0000,rep2,3.3516,2.6694,2.2271,3.3830,2.5343,3.7764,1.8288,8.4343,7.0908
1691,169.1000,rep2,2.5405,3.1253,1.7536,3.1265,2.6326,3.5038,2.1957,8.4524,7.1791
1692,169.2000,rep2,2.9107,2.5364,2.1524,3.0283,2.6808,3.6388,1.8696,8.4895,7.4697
1693,169.3000,rep2,3.1484,2.7494,1.8683,3.4222,2.6125,3.9573,2.1318,8.3702,7.5937
1694,169.4000,rep2,3.0922,2.6832,1.9944,3.0724,2.6322,3.5543,2.2649,8.4016,7.6145
1695,169.5000,rep2,2.9853,2.5685,2.1090,3.4105,2.5777,3.3318,1.8705,8.4188,7.5768
1696,169.6000,rep2,2.8225,3.0989,1.9185,3.5317,2.6520,3.2273,1.9362,8.3301,7.4448
1697,169.7000,rep2,2.6096,2.6079,2.2863,3.4358,2.5893,3.0759,2.0239,8.2696,7.4266
1698,169.8000,rep2,2.8700,2.8696,2.4330,3.3819,2.5938,3.4571,2.0528,8.3303,7.4822
1699,169.9000,rep2,2.7223,3.0872,2.1486,3.3042,2.6663,3.8157,1.7874,8.3139,7.6306
1700,170.0000,rep2,2.8209,2.8588,2.3392,2.9091,2.6300,4.0122,1.8390,8.3915,7.5549
1701,170.1000,rep2,2.3094,3.5316,1.9269,3.1220,2.5990,3.7646,1.6994,8.3199,7.4205
1702,170.2000,rep2,2.6509,3.1576,2.1180,3.0992,2.5783,3.6499,1.8663,8.2633,7.3423
1703,170.3000,rep2,2.6594,2.8996,1.9463,2.9871,2.6940,3.2304,1.6257,8.2358,7.4343
1704,170.4000,rep2,2.9038,2.9619,2.1093,3.1845,2.4629,2.9733,1.9508,8.3797,7.5030
1705,170.5000,rep2,2.9381,2.5827,2.1959,2.7841,2.5924,3.3904,2.0801,8.3594,7.4823
1706,170.6000,rep2,2.6324,3.0798,1.8799,3.1303,2.6592,3.2686,1.8524,8.2279,7.4852
1707,170.7000,rep2,2.7232,3.0770,2.0043,3.0167,2.5927,3.0257,2.0315,8.1875,7.3883
1708,170.8000,rep2,2.6243,3.1370,1.8108,3.0168,2.7606,3.3395,1.9708,8.0744,7.4949
1709,170.9000,rep2,2.4473,3.3933,1.9111,2.9066,2.6007,3.4182,1.8467,8.0569,7.2035
1710,171.0000,rep2,2.7395,2.7501,2.3871,2.8841,2.5348,3.3061,1.8546,8.2568,7.2489
1711,171.1000,rep2,2.7429,3.0549,1.8465,3.2275,2.6465,3.5427,2.9368,8.5867,7.3920
1712,171.2000,rep2,2.8151,2.8291,2.3081,3.0138,2.5378,3.6697,2.9225,8.5034,7.4699
1713,171.3000,rep2,2.7370,2.9162,1.8131,3.2096,2.5839,3.4901,2.7540,8.5808,7.6629
1714,171.4000,rep2,3.3015,2.3059,2.3665,2.9509,2.5730,3.0993,1.7939,8.4944,7.6723
1715,171.5000,rep2,2.8983,2.6847,1.9997,3.0518,2.5811,3.4165,2.0343,8.6553,7.8538
1716,171.6000,rep2,2.7828,3.0567,2.0192,2.8477,2.6918,3.4950,2.2643,9.0061,7.9022
1717,171.7000,rep2,2.9243,2.7655,2.0441,3.0720,2.5037,3.5667,2.4279,8.9918,7.9201
1718,171.8000,rep2,2.8697,2.7806,2.1655,3.2324,2.6776,3.1136,1.8548,9.0217,7.7525
1719,171.9000,rep2,2.5989,3.1753,2.3448,3.1426,2.6379,3.0317,2.2516,9.1170,7.4643
1720,172.0000,rep2,2.8402,2.7408,1.8755,3.1023,2.6007,3.7821,2.7608,9.1219,7.3430
1721,172.1000,rep2,3.1628,2.9387,1.9508,3.0749,2.6954,3.6298,2.7885,9.0056,7.2975
1722,172.2000,rep2,2.8821,2.7772,1.8277,3.3905,2.6865,3.2824,2.1773,8.9776,7.1426
1723,172.3000,rep2,2.8325,3.0947,2.4490,2.7065,2.7380,3.2175,2.2064,9.1681,7.0742
1724,172.4000,rep2,2.6393,3.2937,1.7939,3.2408,2.5944,3.4862,2.2691,9.4198,7.2065
1725,172.5000,rep2,2.8025,2.9279,2.1231,2.9565,2.6554,3.2532,2.0347,9.4975,7.2117
1726,172.6000,rep2,2.8674,2.9058,1.7533,3.0689,2.5914,3.4179,1.9170,9.3534,7.2444
1727,172.7000,rep2,2.8545,2.8374,2.3554,2.7383,2.6111,3.0550,2.3653,9.1301,7.1326
1728,172.8000,rep2,2.8190,2.8655,2.2908,2.7024,2.6062,3.2090,2.6174,9.1108,7.0724
1729,172.9000,rep2,2.5885,3.1266,1.8699,2.8075,2.9435,3.2023,3.6453,9.1085,7.1650
1730,173.0000,rep2,3.0939,2.8401,1.9096,2.9414,3.0801,3.5966,3.3624,8.9625,7.1874
1731,173.1000,rep2,2.7033,3.2131,2.0237,3.1313,3.3693,3.4139,2.2519,9.0753,7.3395
1732,173.2000,rep2,2.0659,3.7607,2.0703,2.7546,3.1468,3.0675,2.6840,9.1556,7.4385
1733,173.3000,rep2,2.4776,3.3763,2.2239,2.4187,3.2366,2.9378,2.8031,9.3673,7.3651
1734,173.4000,rep2,3.0607,2.7376,2.4313,3.2999,3.2497,2.9939,2.0593,9.5130,7.3504
1735,173.5000,rep2,2.9030,2.9744,1.9152,3.0621,2.8411,2.4409,2.2087,9.3386,7.1743
1736,173.6000,rep2,2.8192,3.0026,2.1609,2.9509,3.1945,2.5558,2.3315,9.1517,7.1707
1737,173.7000,rep2,2.7911,3.1193,2.1876,3.2876,3.2204,3.1008,2.1686,8.9742,7.1340
1738,173.8000,rep2,2.8890,2.7437,2.1880,3.0372,3.0193,2.9603,2.3157,8.9514,6.9153
1739,173.9000,rep2,2.9619,2.9437,1.8790,3.6077,3.3251,3.1101,1.9008,9.2108,6.8072
1740,174.0000,rep2,2.8643,3.0023,2.1377,2.8393,3.1430,3.3620,2.8095,9.2990,6.7937
1741,174.1000,rep2,2.9192,2.8576,1.9896,3.1253,2.9104,3.4617,3.6034,9.4247,7.0273
1742,174.2000,rep2,3.2320,2.4965,2.1061,3.4165,3.0223,3.4059,2.6926,9.4913,7.1954
1743,174.3000,rep2,2.9458,2.9103,2.0176,3.0349,3.2807,3.3671,2.8913,9.6564,7.2408
1744,174.4000,rep2,3.1601,2.9085,2.2998,2.9036,3.1669,3.2983,2.8142,9.6002,7.3476
1745,174.5000,rep2,2.7978,3.1310,1.9401,3.3361,2.8720,2.9201,2.5943,9.1274,7.3523
1746,174.6000,rep2,2.9671,2.8998,2.0827,2.8648,2.9134,3.3940,2.8576,8.8323,7.3343
1747,174.7000,rep2,3.0436,3.2691,2.0986,3.5482,3.1303,3.3811,2.7972,8.6179,7.2939
1748,174.8000,rep2,2.8378,2.8072,2.1778,2.8999,3.1487,3.8702,2.5834,8.8081,7.2575
1749,174.9000,rep2,3.0887,2.7882,2.0876,3.4243,3.1557,3.2605,3.3431,9.0873,7.2345
1750,175.0000,rep2,3.1297,2.9892,1.9818,3.3133,3.2698,2.8392,2.5608,8.9485,6.9724
1751,175.1000,rep2,2.8477,2.8865,2.0051,3.5297,2.8409,2.9390,2.1064,8.8831,7.1742
1752,175.2000,rep2,2.5975,3.0186,2.0354,3.1505,2.8977,2.8245,2.3513,8.6866,7.3498
1753,175.3000,rep2,2.7024,3.1351,1.9673,3.3702,3.0866,3.0315,2.2516,8.7665,7.2083
1754,175.4000,rep2,3.0761,2.8651,2.1712,2.9938,2.9355,2.7043,1.9432,8.8746,7.0975
1755,175.5000,rep2,3.1125,2.9695,2.0613,3.0535,2.9598,2.8844,2.5550,8.8077,7.1370
1756,175.6000,rep2,2.9349,2.8695,2.3589,2.9257,3.3321,3.4456,3.2726,8.8319,7.2598
1757,175.7000,rep2,2.9856,2.8333,2.0279,3.0965,3.1952,3.5994,3.0028,8.8689,7.2301
1758,175.8000,rep2,2.9465,2.9164,2.2459,3.2012,3.4006,3.2595,3.1838,8.8874,7.1863
1759,175.9000,rep2,2.6984,3.0956,2.3688,2.7392,3.3728,3.3975,2.8276,9.0602,7.4259
1760,176.0000,rep2,2.8624,2.9740,2.2624,2.7628,3.1950,3.5798,3.2487,9.1492,7.5009
1761,176.1000,rep2,2.8073,3.1132,1.9337,3.1918,3.3418,3.3334,2.6096,9.0062,7.6903
1762,176.2000,rep2,3.3403,2.4934,2.0150,2.9476,3.1123,2.9535,2.2810,8.9800,7.8757
1763,176.3000,rep2,3.2713,2.7101,2.0338,3.2073,2.9845,3.2545,2.7579,8.8932,7.7340
1764,176.4000,rep2,2.6571,3.0090,2.3176,2.6924,3.1479,3.6640,3.7054,8.8133,7.6362
1765,176.5000,rep2,2.7356,2.7206,2.0698,2.9473,3.3573,3.2793,2.8267,8.7910,7.5090
1766,176.6000,rep2,3.2035,2.7948,2.1613,2.9929,2.9480,2.9456,2.1123,8.6090,7.5800
1767,176.7000,rep2,3.1809,2.7774,1.9731,2.9293,2.7182,2.9464,2.1499,8.4744,7.6001
1768,176.8000,rep2,2.9889,2.8385,1.9553,3.3008,2.7688,3.1337,2.8058,8.5585,7.5333
1769,176.9000,rep2,2.7183,2.9512,2.1691,2.5469,2.4873,3.4738,2.4406,8.7200,7.6549
1770,177.0000,rep2,2.9284,3.1651,1.9531,2.8082,2.6733,3.2376,2.5462,8.7403,7.3412
1771,177.1000,rep2,2.8844,2.6538,2.1866,2.7789,2.5470,3.0414,1.9954,8.8245,7.2119
1772,177.2000,rep2,2.7756,3.1015,1.7501,2.8764,2.6585,2.9519,2.1614,8.7097,7.0358
1773,177.3000,rep2,2.7215,3.0770,2.2155,2.7322,2.6423,3.2422,1.7616,8.5337,7.1059
1774,177.4000,rep2,2.7013,2.9070,2.0921,2.9368,2.6521,3.1599,1.9532,8.5697,7.2043
1775,177.5000,rep2,2.6818,3.0005,2.3677,3.0123,2.6275,3.2034,2.3159,8.8477,7.5030
1776,177.6000,rep2,3.2155,2.7964,2.0648,3.3177,2.5818,3.3721,2.6338,8.8380,7.8492
1777,177.7000,rep2,2.8737,2.7542,1.9632,3.3518,2.5840,3.3916,2.9407,8.8926,8.1599
1778,177.8000,rep2,2.7775,2.9413,2.2508,3.1263,2.6100,3.2371,2.2816,8.9420,8.2241
1779,177.9000,rep2,2.8723,3.2166,2.0959,3.6380,2.5060,3.5950,1.9228,8.8698,8.1015
1780,178.0000,rep2,2.6306,3.3250,1.9740,2.8323,2.5535,3.2741,1.9845,8.9601,7.8697
1781,178.1000,rep2,3.2732,2.5681,2.3058,3.3177,2.5904,3.5128,2.0518,9.0778,7.6125
1782,178.2000,rep2,2.9430,3.1093,1.8997,3.3461,2.6293,3.4903,2.0455,9.0134,7.4635
1783,178.3000,rep2,3.2023,2.5083,2.3247,3.0013,2.6398,3.4996,1.9716,8.7711,7.3869
1784,178.4000,rep2,3.1812,2.9757,1.7339,3.6450,2.6173,3.0058,1.6224,8.7102,7.3990
1785,178.5000,rep2,2.8036,2.8599,2.3971,2.7643,2.5276,3.5156,2.3122,8.7294,7.3554
1786,178.6000,rep2,3.0417,3.0862,2.1088,3.0641,2.6904,2.9123,2.4327,8.3716,7.4822
1787,178.7000,rep2,2.5296,3.1675,2.0698,2.7761,2.4849,2.8322,2.0066,8.2699,7.5683
1788,178.8000,rep2,2.7047,3.3723,1.8269,2.9410,2.5046,3.0120,1.9614,8.4435,7.6782
1789,178.9000,rep2,3.0182,2.7390,2.1488,3.1275,2.6776,3.0814,2.4674,8.5381,7.7826
1790,179.0000,rep2,2.7358,3.1335,1.8731,2.9832,2.6541,3.0546,1.9385,8.5920,7.6557
1791,179.1000,rep2,2.8049,2.9100,1.8369,2.9102,2.5586,2.9955,2.2307,8.8449,7.4126
1792,179.2000,rep2,2.9636,2.7683,1.9799,2.8393,2.6597,3.2295,2.3854,9.0589,7.1841
1793,179.3000,rep2,2.6894,3.1516,2.1315,3.0910,2.5396,3.1856,2.0760,9.0625,7.1575
1794,179.4000,rep2,3.0351,2.6811,2.1477,2.8689,2.7525,3.1191,2.2283,8.8281,7.2110
1795,179.5000,rep2,3.0116,2.7623,1.9740,3.2553,2.5262,3.1773,2.2953,8.8506,7.0459
1796,179.6000,rep2,2.6028,3.1217,1.9664,3.0948,2.6202,3.1369,2.2212,8.9757,6.9794
1797,179.7000,rep2,2.9867,2.9433,1.9707,2.9753,2.6713,3.0955,2.5903,8.9076,6.8403
1798,179.8000,rep2,3.0377,3.1837,1.8229,2.9689,2.7853,2.8663,2.0143,8.7549,6.7427
1799,179.9000,rep2,2.5677,3.5336,2.0611,3.4709,2.8656,2.9203,2.1775,8.7249,6.7269
1800,180.0000,rep2,2.8243,3.0719,1.8755,3.3694,3.0933,3.4231,2.8423,8.7741,7.0820
1801,180.1000,rep2,3.0974,2.8934,2.4522,2.8050,2.9491,3.8823,2.1962,8.8170,7.3094
1802,180.2000,rep2,3.0892,3.3458,2.1080,3.0215,2.7720,3.6371,2.1933,8.7873,7.5354
1803,180.3000,rep2,3.3104,2.7087,2.4878,3.0671,2.9011,3.5003,2.3362,8.7084,7.7928
1804,180.4000,rep2,3.0014,2.5779,2.3078,3.1962,2.5395,3.6010,2.5387,8.8652,7.9171
1805,180.5000,rep2,3.0402,2.7747,2.0714,3.1178,2.6939,3.5907,1.9892,8.9898,7.8898
1806,180.6000,rep2,2.8334,2.7521,2.2851,3.6990,2.8703,3.2484,2.1601,8.8881,7.8394
1807,180.7000,rep2,2.8651,3.0145,2.1845,3.6518,2.5616,3.1011,2.0964,8.6491,7.6442
1808,180.8000,rep2,3.3259,2.6783,2.0632,3.1200,2.6979,3.2359,2.2313,8.7121,7.4932
1809,180.9000,rep2,3.2671,2.8156,2.1412,2.8751,2.6423,3.5078,2.8902,8.7560,7.1412
1810,181.0000,rep2,2.9391,3.1824,1.9120,2.9505,2.7974,3.6410,2.4438,8.8443,6.9238
1811,181.1000,rep2,3.0524,2.6789,2.2370,2.9280,2.6702,3.0809,2.0927,9.1446,6.9562
1812,181.2000,rep2,2.5681,3.0929,1.9062,2.7935,2.7672,2.9964,2.0316,9.1037,7.2581
1813,181.3000,rep2,3.1890,3.0644,2.0032,2.8242,2.4887,3.1990,2.1010,9.0786,7.4537
1814,181.4000,rep2,2.9458,2.9162,1.7442,3.1255,2.6509,3.1215,2.2336,8.9680,7.6030
1815,181.5000,rep2,2.9803,2.8626,2.0955,3.2362,2.5745,3.4320,2.0783,8.6350,7.6212
1816,181.6000,rep2,2.8472,2.8298,2.3079,3.1850,2.5935,3.1221,2.2071,8.6160,7.6820
1817,181.7000,rep2,3.5921,2.6505,2.4776,3.2420,2.6560,3.1303,2.1939,8.5189,7.4472
1818,181.8000,rep2,2.6206,3.0359,2.3856,2.9630,2.5931,3.1815,2.6830,8.4027,7.5477
1819,181.9000,rep2,3.0228,2.8370,1.9477,3.9220,2.5489,3.6211,2.7300,8.3434,7.5643
1820,182.0000,rep2,2.7987,3.1410,1.8757,3.2413,2.5678,3.6949,2.1781,8.6275,7.3994
1821,182.1000,rep2,2.8961,2.8740,2.5110,3.3470,2.5819,3.3990,2.3325,8.5456,7.3414
1822,182.2000,rep2,2.6460,3.2344,2.1892,3.5091,2.6231,3.4419,2.0171,8.4363,7.2716
1823,182.3000,rep2,2.4772,3.1226,2.0528,2.6716,2.6418,3.4883,2.1341,8.1842,7.0397
1824,182.4000,rep2,2.9857,3.0264,1.9948,3.5423,2.6439,3.4124,2.0542,8.4010,7.2609
1825,182.5000,rep2,2.9728,2.8353,1.8735,3.0329,2.5610,3.1166,2.3997,8.5991,7.3144
1826,182.6000,rep2,2.7915,3.1423,2.1119,2.9686,2.6262,3.4317,2.0709,8.7088,7.3817
1827,182.7000,rep2,2.8825,2.9001,2.1306,3.1511,2.6086,3.6922,2.4376,8.7951,7.3631
1828,182.8000,rep2,2.9041,2.9753,2.1062,3.0324,2.5314,3.5703,3.2601,8.5583,7.2063
1829,182.9000,rep2,2.5773,3.1589,2.0367,3.2502,2.7386,3.8520,2.9459,8.5413,7.1957
1830,183.0000,rep2,3.0035,2.9881,1.7924,2.9485,2.5018,3.5971,2.5567,8.9153,7.0736
1831,183.1000,rep2,3.0622,2.6963,2.1631,3.1488,2.7182,3.3560,2.0502,9.0937,6.8983
1832,183.2000,rep2,3.1212,3.0598,1.8580,2.9747,2.5224,3.2584,2.0094,9.1438,6.9023
1833,183.3000,rep2,2.6601,2.9340,2.0750,3.3132,2.6273,2.9551,2.0768,9.0279,7.0012
1834,183.4000,rep2,2.9102,2.5591,2.1783,3.1923,2.5550,2.7776,1.9923,8.9393,6.9808
1835,183.5000,rep2,2.5740,3.0840,2.2546,2.9719,2.8006,3.1811,2.2311,8.8412,6.8416
1836,183.6000,rep2,2.4762,3.2039,1.8182,2.8769,2.6235,3.0377,2.1277,8.7590,6.7514
1837,183.7000,rep2,2.7818,2.9417,2.1613,2.7512,2.9727,3.2684,1.9076,8.8743,6.9370
1838,183.8000,rep2,2.8437,2.8213,1.9776,2.7987,2.5881,3.4081,2.2262,8.8954,7.3596
1839,183.9000,rep2,2.5510,3.3129,1.7803,3.4345,2.5565,3.3381,3.1858,8.9714,7.5691
1840,184.0000,rep2,2.4169,3.7035,1.8168,3.0435,2.6518,3.5384,2.6912,9.1075,7.4526
1841,184.1000,rep2,2.9138,3.1092,2.0434,3.3123,2.6011,3.1457,2.0917,9.0086,7.2584
1842,184.2000,rep2,2.7058,3.0242,1.9614,3.3209,2.6357,3.2559,2.1737,8.9313,7.3095
1843,184.3000,rep2,2.6277,3.5052,2.0531,3.0896,2.6008,3.4947,2.0967,8.7777,7.3463
1844,184.4000,rep2,2.1568,3.4612,1.8161,2.8814,2.6676,3.2846,2.1676,8.4889,7.3975
1845,184.5000,rep2,2.6367,3.1828,1.9824,3.0302,2.7104,3.4552,1.8428,8.5489,7.4072
1846,184.6000,rep2,2.5689,3.3316,1.8110,3.2852,2.6405,3.2768,2.0366,8.5216,7.2155
1847,184.7000,rep2,2.5678,3.0879,2.4355,3.3996,2.4974,3.6534,2.9350,8.3621,7.2591
1848,184.8000,rep2,2.5403,2.8274,2.1743,2.9400,2.7412,3.4013,2.6512,8.4082,7.4391
1849,184.9000,rep2,2.4699,3.2537,1.9643,2.7204,2.6592,3.0093,1.7134,8.3190,7.4285
1850,185.0000,rep2,2.4916,3.1102,2.1775,2.8396,2.5433,2.9063,1.9684,8.2316,7.4176
1851,185.1000,rep2,2.9021,3.0509,1.9791,3.2794,2.5875,3.4822,2.5175,8.2813,7.4016
1852,185.2000,rep2,2.7401,2.6590,2.1063,2.9132,2.5831,3.4117,3.3019,8.2239,7.5319
1853,185.3000,rep2,2.6592,3.2148,2.1642,2.8991,2.7479,3.3005,2.6871,8.1864,7.4768
1854,185.4000,rep2,2.6070,3.1661,2.1945,2.9868,2.6479,3.6192,2.7878,8.4599,7.4944
1855,185.5000,rep2,2.9164,2.9163,2.0608,3.2999,2.5917,3.4230,1.8881,8.5128,7.5038
1856,185.6000,rep2,2.8438,2.8806,2.0772,3.0628,2.5050,3.1982,1.9390,8.5358,7.1592
1857,185.7000,rep2,2.6466,2.9877,2.1707,3.3195,2.7688,3.5995,2.6977,8.6306,7.2804
1858,185.8000,rep2,2.5523,3.0467,1.8842,3.3565,2.5568,4.1324,2.8703,8.7549,7.5267
1859,185.9000,rep2,2.7988,2.9973,2.0793,3.4194,2.7518,3.8889,2.4092,8.8233,7.6107
1860,186.0000,rep2,2.6633,3.0671,1.9923,3.4763,2.5496,3.8999,2.3669,8.6278,7.4850
1861,186.1000,rep2,2.4697,3.2837,2.1461,2.6876,2.8412,4.0729,2.1039,8.4143,7.5577
1862,186.2000,rep2,2.0788,3.8145,1.8948,2.7715,2.8246,3.7478,2.0755,8.4957,7.5421
1863,186.3000,rep2,2.2121,3.2803,2.0427,2.9946,2.5314,3.5767,2.3199,8.5638,7.4186
1864,186.4000,rep2,2.3909,3.2630,1.8681,2.9558,2.6421,3.5847,2.5648,8.6613,7.5155
1865,186.5000,rep2,2.3598,3.2250,2.0576,2.7148,2.6293,3.2512,2.7834,8.6489,7.5366
1866,186.6000,rep2,2.5458,3.5072,1.9232,3.0768,2.7856,3.6897,2.1715,8.7657,7.4133
1867,186.7000,rep2,3.1019,2.8326,1.8596,3.0373,2.6971,3.6238,1.9713,8.6663,7.4204
1868,186.8000,rep2,2.8249,3.0913,2.0587,3.2741,2.5454,3.2431,1.7824,8.6479,7.3694
1869,186.9000,rep2,2.9587,2.9749,2.0243,2.9840,2.6605,3.6447,1.9960,8.6300,7.2742
1870,187.0000,rep2,2.7024,2.9492,1.9928,2.6454,2.7007,3.3749,2.2669,8.5411,7.5482
1871,187.1000,rep2,2.3191,3.4457,2.0581,2.5287,2.7639,3.9621,2.5126,8.6111,7.6346
1872,187.2000,rep2,2.6567,2.9867,2.1581,2.6174,2.6484,3.6062,2.3852,8.6547,7.6689
1873,187.3000,rep2,2.8797,2.7312,1.9760,2.7724,2.5414,3.2146,1.9650,8.5107,7.5192
1874,187.4000,rep2,2.4796,3.4175,1.9932,3.0887,2.6119,3.2732,2.0898,8.3840,7.6973
1875,187.5000,rep2,2.6955,3.1439,1.8078,3.1058,2.6760,3.7313,1.8887,8.4270,7.7819
1876,187.6000,rep2,3.0780,3.0462,2.2449,3.2401,2.6848,3.9227,1.9052,8.8279,7.8745
1877,187.7000,rep2,2.3271,3.5108,1.8560,2.4580,2.5694,3.5820,1.6419,9.1827,7.9429
1878,187.8000,rep2,2.5341,3.3917,2.1226,3.2028,2.6227,3.8415,1.9895,9.2820,7.9456
1879,187.9000,rep2,3.0873,2.8440,1.9295,3.4797,2.6750,4.4832,1.9849,9.1186,7.6305
1880,188.0000,rep2,2.6887,3.1321,2.0701,2.8178,2.5794,4.0320,1.9676,9.0029,7.6605
1881,188.1000,rep2,2.5910,3.2500,2.1127,3.0928,2.7315,3.8069,2.1164,8.7056,7.9330
1882,188.2000,rep2,2.6550,2.9213,2.0587,3.6541,2.5500,3.4977,1.9965,8.5639,7.9152
1883,188.3000,rep2,2.5659,3.1492,1.9124,2.9180,2.7034,3.5756,2.2515,8.4854,7.8345
1884,188.4000,rep2,2.9769,3.0853,2.0357,3.0374,2.5150,3.7449,2.1527,8.4896,7.7998
1885,188.5000,rep2,2.8299,2.8255,2.5051,3.5923,2.6788,3.6187,1.9020,8.6052,7.6639
1886,188.6000,rep2,2.7568,3.1874,2.1197,3.1693,2.5300,3.9184,1.9054,8.8870,7.5415
1887,188.7000,rep2,3.1416,2.6888,2.1739,3.0407,2.4825,3.5148,1.7871,8.8629,7.3226
1888,188.8000,rep2,3.3006,2.8717,2.1178,3.1381,2.5631,3.2485,1.7605,8.7922,7.3415
1889,188.9000,rep2,2.9529,3.1270,2.2802,3.4887,2.6245,3.4977,2.3204,8.7203,7.3914
1890,189.0000,rep2,2.6652,2.9634,2.5676,3.2173,2.6623,3.3649,2.1032,8.4599,7.3727
1891,189.1000,rep2,2.7785,3.1071,1.7275,2.6466,2.7916,3.1926,1.9466,8.5788,7.4311
1892,189.2000,rep2,3.0562,2.9831,1.9358,3.5603,2.6718,3.4122,1.8675,8.6136,7.5717
1893,189.3000,rep2,2.3797,3.2369,2.0444,2.9264,2.5757,3.9905,1.8556,8.5070,7.6762
1894,189.4000,rep2,3.0860,2.8686,2.2434,3.0780,2.6348,3.8715,1.9853,8.4121,7.6097
1895,189.5000,rep2,2.5268,3.2762,1.9479,2.6183,2.5337,3.7941,1.8994,8.2825,7.5543
1896,189.6000,rep2,2.2273,3.4758,2.0478,2.9904,2.6317,3.9578,1.8591,8.5568,7.6753
1897,189.7000,rep2,2.6971,3.3125,1.8022,2.8521,2.5482,3.5148,2.1581,8.9138,8.0781
1898,189.8000,rep2,2.9400,2.5278,2.2256,2.8557,2.5797,3.4429,1.7497,9.3836,8.2950
1899,189.9000,rep2,2.7206,3.5464,1.8600,3.3813,2.6307,3.6973,2.2086,9.3497,8.3340
1900,190.0000,rep2,2.8472,3.2444,2.2397,3.0890,2.8371,3.8067,1.9688,9.3224,8.1313
1901,190.1000,rep2,2.8463,3.1895,2.3520,3.1342,2.7369,3.6264,1.8072,9.1816,7.7901
1902,190.2000,rep2,3.0886,2.9346,2.4865,3.4612,2.6749,3.8055,1.9813,9.1036,7.6134
1903,190.3000,rep2,2.7894,2.6800,2.6136,3.1786,2.5834,3.8644,2.0715,9.1218,7.4162
1904,190.4000,rep2,2.5550,3.4343,2.0007,3.0024,2.5835,3.5963,1.9745,9.0519,7.3667
1905,190.5000,rep2,2.4338,3.3733,1.9008,2.4348,2.6140,3.4775,2.3308,8.8946,7.2453
1906,190.6000,rep2,2.7500,2.8722,1.9531,2.7548,2.6920,3.9641,2.4469,8.5760,7.1659
1907,190.7000,rep2,2.4690,3.3490,2.0022,2.8243,2.6476,3.6405,2.2678,8.3096,7.2775
1908,190.8000,rep2,2.6685,2.8969,2.1711,3.1542,2.5221,3.7635,1.8602,8.2802,7.3854
1909,190.9000,rep2,2.8722,3.0394,2.0200,2.6293,2.6557,3.7907,1.8875,8.2371,7.4087
1910,191.0000,rep2,2.5537,3.3123,1.8464,2.8295,2.6507,3.9127,1.9404,7.9903,7.4257
1911,191.1000,rep2,2.5826,3.0626,2.3822,3.0122,2.6635,3.8374,1.8883,8.0381,7.5794
1912,191.2000,rep2,2.5545,3.2794,1.8454,2.9676,2.6197,3.7143,1.8630,8.0564,7.7975
1913,191.3000,rep2,3.2266,2.9827,1.9862,2.9262,2.5014,3.7278,1.9208,8.1959,7.6299
1914,191.4000,rep2,2.6899,2.9675,1.9525,2.8664,2.5994,3.4599,1.6797,8.2708,7.4154
1915,191.5000,rep2,2.4012,3.5056,2.2849,2.6107,2.5783,3.7142,1.7984,8.3733,7.3292
1916,191.6000,rep2,2.5092,3.1895,1.9524,2.7690,2.6092,3.9655,1.8842,8.3784,7.6139
1917,191.7000,rep2,2.4596,3.1165,2.2257,2.4460,2.6154,3.7227,1.7429,8.4715,7.8279
1918,191.8000,rep2,2.7228,3.0879,1.8935,2.8628,2.5547,3.8404,1.6903,8.6662,7.7258
1919,191.9000,rep2,2.4242,3.2204,2.0913,2.6649,2.5890,3.8163,1.8831,8.9554,7.7703
1920,192.0000,rep2,2.6234,3.2716,2.1338,3.0241,2.5994,3.5569,2.0734,8.9601,7.7428
1921,192.1000,rep2,2.4029,3.3695,2.1438,3.0440,2.5733,3.7196,1.9145,8.7556,7.6869
1922,192.2000,rep2,2.6493,3.0864,2.1720,2.5183,2.5831,3.6536,1.9764,8.7514,7.6565
1923,192.3000,rep2,3.0274,2.9871,2.0123,3.3058,2.6509,3.7116,1.8718,8.6932,7.6386
1924,192.4000,rep2,2.7875,3.2034,1.9209,2.9558,2.5908,3.7259,1.8582,8.7216,7.4909
1925,192.5000,rep2,2.5924,2.9608,2.0405,2.7950,2.5282,3.7251,2.7226,8.7908,7.4846
1926,192.6000,rep2,2.6194,3.2759,1.9339,3.0931,2.5436,3.4328,1.6674,8.6986,7.4065
1927,192.7000,rep2,2.1930,3.3780,1.9202,2.5138,2.5487,3.5687,2.0418,8.5880,7.3849
1928,192.8000,rep2,2.4204,3.4521,2.0804,2.7690,2.5963,3.5412,1.8287,8.6503,7.4728
1929,192.9000,rep2,2.7571,3.0931,2.0842,3.0922,2.5864,3.2443,1.7882,8.7389,7.3656
1930,193.0000,rep2,2.8669,3.0005,2.0658,2.7887,2.5024,3.6123,1.6993,8.8592,7.2431
1931,193.1000,rep2,2.7022,3.1537,1.9563,2.5484,2.4687,4.0243,1.9747,9.0567,7.1477
1932,193.2000,rep2,2.7231,3.0541,2.0038,2.7723,2.5629,3.9902,1.8594,9.2859,7.2256
1933,193.3000,rep2,2.5861,3.1133,2.3119,2.5904,2.5760,3.8321,1.8268,9.4936,7.2924
1934,193.4000,rep2,2.6729,3.0933,1.9286,2.5520,2.5528,3.5820,1.9932,9.6460,7.4301
1935,193.5000,rep2,2.5732,3.0942,1.8087,2.9985,2.7111,3.2854,1.7647,9.6640,7.2671
1936,193.6000,rep2,2.5675,2.9885,2.1860,2.7028,2.5553,3.6687,2.1037,9.6090,7.0270
1937,193.7000,rep2,2.5930,3.3893,1.8449,3.0265,2.7196,3.4707,1.8751,9.3187,6.9526
1938,193.8000,rep2,2.6885,3.1034,1.8465,3.0633,2.5976,3.2826,1.9304,9.0834,7.1517
1939,193.9000,rep2,2.5656,3.0016,2.1825,2.7765,2.7751,3.4700,2.2508,8.9384,7.3725
1940,194.0000,rep2,2.4083,3.2848,1.7447,2.9025,2.5042,3.4231,2.1030,8.8996,7.4391
1941,194.1000,rep2,2.4411,3.3404,2.0887,2.9101,2.7430,3.3033,1.9657,8.8766,7.5077
1942,194.2000,rep2,2.6326,3.1182,1.8776,2.9502,2.5983,3.4171,2.2024,8.6611,7.6933
1943,194.3000,rep2,2.5012,3.1651,2.2789,2.9441,2.5811,3.4531,1.8821,8.8219,7.7630
1944,194.4000,rep2,2.3679,3.1302,2.2383,2.6342,2.6713,3.6938,2.0129,8.7879,7.6750
1945,194.5000,rep2,3.0641,3.0454,2.0931,3.1549,2.5790,4.0912,1.7611,8.9864,7.7251
1946,194.6000,rep2,2.9480,2.9544,2.0535,2.6916,2.5089,4.2147,1.8498,9.1562,7.8468
1947,194.7000,rep2,2.2235,3.6200,1.8370,2.5057,2.8208,4.2653,2.0577,9.1516,7.7478
1948,194.8000,rep2,2.4564,3.4959,2.0705,3.3659,2.5857,4.4603,2.0497,9.2860,7.4838
1949,194.9000,rep2,2.8714,2.9102,2.2740,3.0988,2.5351,4.3076,2.0707,9.5459,7.2812
1950,195.0000,rep2,2.7392,3.1300,2.2915,2.9099,2.5962,4.3290,1.9890,9.8023,7.3653
1951,195.1000,rep2,2.4930,3.2148,2.1710,3.1505,2.6432,4.3238,1.9123,9.8622,7.3576
1952,195.2000,rep2,2.2564,3.5191,1.8416,2.6684,2.5884,4.4456,2.1308,9.6473,7.1954
1953,195.3000,rep2,3.1546,2.9329,1.8854,3.2573,2.5362,4.3947,2.5232,9.3132,7.1304
1954,195.4000,rep2,2.8968,2.6432,2.3016,2.9430,2.5598,3.9490,2.1262,8.8759,7.2011
1955,195.5000,rep2,2.8120,2.9322,2.0920,3.3982,2.4816,4.2606,1.7275,8.7244,7.3631
1956,195.6000,rep2,2.9275,3.0349,1.9151,3.0826,2.7362,4.0389,1.6440,8.5304,7.5979
1957,195.7000,rep2,2.3903,3.3107,1.9952,3.0451,2.5138,3.8728,1.8592,8.4466,7.4649
1958,195.8000,rep2,2.8501,3.1483,2.1468,4.0496,2.8070,3.6609,1.9018,8.3371,7.2065
1959,195.9000,rep2,2.9846,2.7008,2.3860,2.8507,2.6143,3.7804,2.3343,8.4463,7.2635
1960,196.0000,rep2,2.5149,3.2061,2.3382,2.8486,2.5739,3.8911,1.9577,8.4176,7.2328
1961,196.1000,rep2,2.6087,3.6645,1.9153,3.1988,2.7626,3.5035,1.8976,8.5389,7.3349
1962,196.2000,rep2,2.8024,3.1269,2.1908,2.8732,2.5122,2.8477,1.9507,8.4645,7.6406
1963,196.3000,rep2,2.7173,2.9989,2.0890,3.0199,2.5570,3.4196,1.8708,8.3504,7.7437
1964,196.4000,rep2,2.4244,3.5300,1.8864,2.8179,2.3897,3.4410,1.8844,8.3534,7.8125
1965,196.5000,rep2,2.7335,3.1675,2.1737,2.9744,2.5759,3.5123,1.7075,8.0434,7.6417
1966,196.6000,rep2,2.9759,3.2979,2.0040,2.6772,2.6785,3.3980,1.7856,7.9325,7.6756
1967,196.7000,rep2,2.5169,3.2938,1.7909,2.6549,2.4718,3.4731,1.7437,7.6622,7.4770
1968,196.8000,rep2,2.2823,3.3115,2.1489,2.9652,2.5004,3.4911,1.6310,7.7702,7.3695
1969,196.9000,rep2,2.2121,3.8175,2.0169,3.0123,2.6326,3.5878,1.8011,7.9974,7.2732
1970,197.0000,rep2,2.8325,2.9420,2.0755,2.9518,2.4630,3.7853,1.9023,8.1721,7.2889
1971,197.1000,rep2,2.8248,2.9374,2.0987,3.1257,2.5632,3.1935,1.8625,8.4620,7.4283
1972,197.2000,rep2,2.6633,2.8640,2.0779,3.6744,2.5466,3.6460,1.9157,8.4292,7.5013
1973,197.3000,rep2,2.6442,3.2028,1.9519,3.2133,2.5736,3.3805,1.8855,8.2892,7.6660
1974,197.4000,rep2,2.4874,3.2146,2.2932,2.5394,2.6281,3.7338,1.7653,8.3143,7.5709
1975,197.5000,rep2,2.5437,3.1988,1.8616,2.9116,2.4927,3.7921,1.8281,8.3950,7.7037
1976,197.6000,rep2,3.0603,2.8083,2.3368,3.2166,2.6942,3.6617,1.6726,8.2269,7.7066
1977,197.7000,rep2,2.6493,3.1700,2.5628,2.7517,2.5489,3.8065,1.8205,8.1369,7.6334
1978,197.8000,rep2,2.4405,3.1842,2.1675,2.8290,2.5132,4.2558,1.8671,8.0829,7.4631
1979,197.9000,rep2,2.3116,3.2458,2.1904,2.5879,2.6118,3.9112,1.8616,8.1840,7.3440
1980,198.0000,rep2,2.1747,3.3151,1.8086,2.4165,2.5763,3.7578,1.7718,8.2229,7.2755
1981,198.1000,rep2,2.6527,3.2724,2.3044,2.7177,2.6067,3.4848,1.7007,8.1570,7.1943
1982,198.2000,rep2,2.5990,3.0698,2.2098,2.8394,2.5743,4.1128,1.7292,8.0690,7.3022
1983,198.3000,rep2,2.8644,3.1269,2.2053,2.8096,2.5542,3.7820,1.8060,8.1470,7.3754
1984,198.4000,rep2,2.5247,3.0469,2.2996,2.7748,2.5161,3.7047,1.8816,8.3566,7.4568
1985,198.5000,rep2,2.6065,3.2867,2.1110,3.4294,2.5580,3.8693,1.8875,8.4527,7.5293
1986,198.6000,rep2,3.0047,2.7210,1.9428,3.2381,2.6092,3.6595,1.7652,8.3743,7.5870
1987,198.7000,rep2,2.8181,3.1634,1.9002,3.3307,2.5508,3.8668,1.6829,8.2768,7.4229
1988,198.8000,rep2,2.7675,3.0810,2.3219,3.2795,2.5704,3.6454,1.8887,8.4239,7.3175
1989,198.9000,rep2,2.7740,3.0063,2.1135,3.4226,2.5739,3.6519,1.9090,8.7619,7.4339
1990,199.0000,rep2,2.7023,3.2897,2.1652,3.1529,2.5295,4.1380,1.9536,8.7663,7.5838
1991,199.1000,rep2,2.3768,3.3383,2.3641,2.8983,2.5324,3.9215,2.0422,8.6833,7.4509
1992,199.2000,rep2,2.8863,2.8886,2.2671,2.7350,2.5335,3.7541,1.9178,8.8296,7.3821
1993,199.3000,rep2,2.6176,3.1318,2.1206,2.8971,2.6028,3.2579,1.7538,8.8431,7.2124
1994,199.4000,rep2,2.4795,3.3199,2.3773,2.5073,2.6103,3.5107,1.9011,8.8474,7.0603
1995,199.5000,rep2,2.8980,2.9169,1.8740,3.0034,2.6724,3.5692,1.8900,9.0474,7.1893
1996,199.6000,rep2,2.7516,3.1313,2.1375,2.9389,2.6900,3.8492,1.6789,9.0156,7.0918
1997,199.7000,rep2,2.6140,3.3280,2.0380,3.0108,2.5720,3.6948,1.9195,8.9504,7.0476
1998,199.8000,rep2,2.9465,3.1769,2.3469,3.1162,2.5306,3.6022,2.0193,8.9259,7.3070
1999,199.9000,rep2,2.5891,3.3441,1.8645,3.0921,2.5784,3.5815,1.8545,8.9517,7.3553
2000,200.0000,rep3,2.7147,3.1281,1.9765,3.0933,5.0898,3.9180,4.3319,8.7924,7.6230
2001,200.1000,rep3,2.7467,3.0656,2.0687,3.1103,5.0563,3.7970,4.2700,8.8110,7.6658
2002,200.2000,rep3,2.6509,3.1398,1.9825,3.0434,5.0430,3.8233,4.1878,8.6611,7.6307
2003,200.3000,rep3,2.6653,3.2361,1.9339,2.9723,5.1970,3.7336,4.2102,8.5989,7.5231
2004,200.4000,rep3,2.8087,2.8494,2.1229,2.9978,5.0749,3.7914,4.0949,8.7062,7.5586
2005,200.5000,rep3,2.8252,3.0014,2.0059,3.0106,5.1691,3.8282,4.1203,8.7781,7.4643
2006,200.6000,rep3,2.7768,3.0143,2.0596,2.9666,4.9199,3.6702,4.0446,8.9294,7.5804
2007,200.7000,rep3,2.7028,3.0812,1.9254,3.0876,5.0301,3.9967,4.3582,8.9652,7.6789
2008,200.8000,rep3,2.6120,3.1110,2.1206,3.0032,5.0974,3.5662,4.5411,8.8902,7.7242
2009,200.9000,rep3,2.8767,3.0457,1.9140,3.2791,5.0314,3.8253,4.2332,8.8156,7.6010
2010,201.0000,rep3,2.5679,3.0454,1.8136,2.8658,5.2355,4.2358,4.4352,8.7706,7.5839
2011,201.1000,rep3,2.8562,2.9973,1.9330,2.9068,5.2709,4.0200,4.5067,8.7894,7.7611
2012,201.2000,rep3,2.7093,3.1973,1.9135,3.1435,5.0818,3.9361,4.2335,8.7925,7.9199
2013,201.3000,rep3,2.4351,3.3192,2.1696,2.7339,5.0836,3.9890,3.9920,8.7099,7.7899
2014,201.4000,rep3,2.6894,3.2195,2.0080,3.3449,5.0077,4.0859,4.4491,8.6168,7.7460
2015,201.5000,rep3,2.4314,3.1292,2.1935,3.2730,4.8974,4.0989,3.9661,8.5960,7.7076
2016,201.6000,rep3,2.6829,2.9937,2.1007,3.2258,5.1426,3.7357,4.1249,8.6941,7.9486
2017,201.7000,rep3,2.8097,3.2088,2.1473,3.2557,4.8555,3.8042,4.0655,8.6885,8.0884
2018,201.8000,rep3,2.8436,2.9762,2.2888,2.8566,5.0626,3.6424,3.9717,8.8002,8.0798
2019,201.9000,rep3,2.8856,2.8341,2.0274,3.2989,5.0546,3.8123,4.3459,8.6759,7.6193
2020,202.0000,rep3,2.4344,3.3228,1.9806,3.2315,5.2174,3.7211,4.8601,8.4392,7.1698
2021,202.1000,rep3,2.8612,3.1583,1.8476,3.5739,5.1450,4.2140,4.6562,8.5114,7.2962
2022,202.2000,rep3,2.7379,3.0443,2.2940,3.1476,5.0836,3.9659,4.0991,8.6509,7.4550
2023,202.3000,rep3,2.6082,3.1888,1.9740,3.3910,4.9676,4.3208,4.3997,8.7576,7.7134
2024,202.4000,rep3,2.7717,3.1727,2.1330,2.9796,4.9788,3.6688,4.4745,8.7506,7.8417
2025,202.5000,rep3,2.7493,2.9956,1.9174,3.1563,5.0012,3.9553,4.2860,8.7408,7.7012
2026,202.6000,rep3,3.0250,2.7914,2.1404,2.9243,5.1010,3.7765,4.1839,8.7406,7.4884
2027,202.7000,rep3,3.1613,2.8395,2.0145,3.1563,5.0962,3.8418,3.9606,8.5116,7.2785
2028,202.8000,rep3,2.6818,3.2507,2.0285,2.9878,5.1233,3.6755,3.7070,8.2931,7.3068
2029,202.9000,rep3,2.9363,3.0944,2.1897,2.8694,5.2258,3.8015,4.2941,8.2419,7.3816
2030,203.0000,rep3,2.6179,3.1889,2.0492,3.4397,5.0620,3.2873,4.1817,8.3094,7.5360
2031,203.1000,rep3,2.6028,3.0884,2.0383,2.7965,4.9861,3.2866,4.2618,8.5062,7.5950
2032,203.2000,rep3,2.8082,3.0199,1.9899,3.0973,5.0639,3.4567,4.1123,8.4135,7.5448
2033,203.3000,rep3,2.3888,3.0692,1.9433,2.8966,5.1208,3.8546,3.9139,8.4072,7.4870
2034,203.4000,rep3,2.4873,3.1867,1.9365,2.9903,4.9916,3.3498,3.7758,8.5114,7.5859
2035,203.5000,rep3,2.8374,3.0318,2.1012,3.1420,5.0890,3.4077,4.4328,8.5847,7.7281
2036,203.6000,rep3,2.7657,2.9216,2.3908,3.5159,5.1710,3.8983,4.7793,8.7287,7.9141
2037,203.7000,rep3,2.5960,3.2957,2.4092,2.6658,5.2311,3.9165,4.6202,8.6093,7.9801
2038,203.8000,rep3,2.3410,3.5387,2.2123,3.3086,5.1021,3.6732,3.8904,8.3417,7.8189
2039,203.9000,rep3,2.5460,3.5095,1.9166,2.8376,5.1677,3.4426,3.4712,8.4372,7.7550
2040,204.0000,rep3,3.0059,2.5475,2.2880,3.0838,5.0855,3.4398,3.8189,8.1316,7.9746
2041,204.1000,rep3,2.5760,3.2907,1.9865,2.6643,5.0144,3.5308,3.8807,7.9895,8.1223
2042,204.2000,rep3,2.8074,3.1441,2.0371,3.3429,4.9276,3.4517,3.9480,8.0769,7.9586
2043,204.3000,rep3,2.7308,3.3817,1.8389,2.9582,5.2093,3.2942,3.4079,8.2954,7.9391
2044,204.4000,rep3,2.5808,2.8702,2.0780,2.8488,5.0918,3.5506,4.2470,8.6077,7.8766
2045,204.5000,rep3,2.3056,3.5738,1.8533,2.9907,5.0556,3.8873,4.7830,8.8345,7.6984
2046,204.6000,rep3,2.4268,3.4231,1.9245,2.7866,5.2600,3.9797,3.8822,8.9427,7.5427
2047,204.7000,rep3,2.8926,2.8943,2.0243,3.2284,5.1165,3.7638,4.6312,8.8563,7.5552
2048,204.8000,rep3,2.6486,3.1010,1.8588,2.8040,5.0835,3.5717,4.2289,8.7134,7.6131
2049,204.9000,rep3,2.6998,3.0241,2.1277,3.4223,4.9930,3.6370,4.1196,8.6507,7.6403
2050,205.0000,rep3,2.7382,3.0886,1.9433,2.5400,5.2480,3.7491,4.0721,8.5590,7.6537
2051,205.1000,rep3,2.5342,3.1773,2.1036,2.9597,5.1567,4.2612,4.0920,8.7384,7.5523
2052,205.2000,rep3,2.7064,3.1869,2.1557,3.0339,5.0625,4.2675,4.5607,8.8380,7.3783
2053,205.3000,rep3,2.5030,3.3541,1.7849,3.0984,4.8864,4.0263,4.3751,8.6722,7.5077
2054,205.4000,rep3,2.5838,3.0041,1.7081,2.7248,5.2195,3.6360,4.0637,8.4530,8.0190
2055,205.5000,rep3,3.2053,2.8226,1.8903,2.9400,5.1334,3.5316,4.1009,8.5019,8.0442
2056,205.6000,rep3,2.8838,2.9553,1.7105,2.6885,5.0338,3.7656,4.0275,8.5682,8.2005
2057,205.7000,rep3,2.5021,3.1577,1.8515,3.0064,5.1422,3.9339,3.9386,8.5803,8.5391
2058,205.8000,rep3,2.3341,3.7086,1.7833,2.7188,5.1615,3.6446,4.2751,8.7540,8.6651
2059,205.9000,rep3,2.5022,3.2590,2.3420,3.7197,5.1595,3.7587,3.8595,8.8619,8.6219
2060,206.0000,rep3,2.8295,2.8803,2.1589,2.8106,5.3281,4.0126,3.8687,9.0136,8.5450
2061,206.1000,rep3,3.1940,3.0316,2.2131,3.2242,5.2315,4.2982,4.9695,8.9197,8.3201
2062,206.2000,rep3,2.9515,3.0103,1.9603,3.4902,5.1917,4.3146,5.1583,8.9273,8.0293
2063,206.3000,rep3,2.6990,3.1999,1.7927,2.7517,5.3200,4.5512,4.8945,8.7161,7.9526
2064,206.4000,rep3,2.3875,3.2910,2.0528,3.0779,5.4395,3.7861,4.5442,8.7271,8.0202
2065,206.5000,rep3,2.7308,3.2525,1.9750,2.6956,5.0933,3.9202,4.5573,8.7886,7.9404
2066,206.6000,rep3,2.7782,2.8273,2.0405,2.8053,5.2992,3.7044,4.4217,8.6180,7.9572
2067,206.7000,rep3,3.0160,3.2758,1.9710,3.2573,5.0697,3.4775,4.1304,8.5187,7.8225
2068,206.8000,rep3,2.2507,3.0707,2.1590,2.7925,5.2755,3.5009,3.8677,8.0862,7.5323
2069,206.9000,rep3,2.8580,2.9835,2.2198,3.1295,5.1092,3.7295,3.9924,8.0356,7.5055
2070,207.0000,rep3,2.9181,3.1307,1.9052,3.2383,5.0503,3.2809,3.7803,8.3127,7.5300
2071,207.1000,rep3,2.5648,2.9326,2.3480,2.4820,5.0657,3.2874,4.4353,8.3876,7.5083
2072,207.2000,rep3,2.8725,3.2491,1.8229,3.1079,5.2269,3.7360,4.8546,8.3825,7.5754
2073,207.3000,rep3,2.3097,3.1807,1.7811,3.2301,5.0604,3.7291,4.7657,8.5322,7.6872
2074,207.4000,rep3,2.9572,2.6222,1.9013,3.1284,5.0081,3.6397,4.1789,8.5346,7.7312
2075,207.5000,rep3,2.6148,3.2733,2.0883,2.6531,5.0127,4.0849,4.2200,8.2518,7.7701
2076,207.6000,rep3,3.1768,2.8132,2.3781,3.0646,4.8808,3.3087,3.7946,8.1961,7.6239
2077,207.7000,rep3,3.1367,2.6156,1.9652,2.8289,4.8132,3.3146,2.9284,8.1752,7.6444
2078,207.8000,rep3,2.9980,2.9117,1.9934,3.1833,5.2490,2.5032,2.7598,8.2945,7.7883
2079,207.9000,rep3,2.4270,3.1990,2.1987,3.1481,5.0723,2.9623,3.7238,8.3568,7.9162
2080,208.0000,rep3,2.9208,3.1491,2.0665,2.8143,4.8581,3.4044,3.7621,8.6599,8.0190
2081,208.1000,rep3,2.6204,3.1073,1.8884,3.4113,4.9975,3.4042,3.8560,8.7495,8.0075
2082,208.2000,rep3,2.9213,2.9546,1.9236,3.2491,5.1868,3.2911,3.3810,8.6570,7.9805
2083,208.3000,rep3,2.6934,3.2553,2.1199,2.7215,5.2814,2.9970,3.3219,8.6673,7.8451
2084,208.4000,rep3,3.0776,3.0429,2.3213,2.8036,5.0845,3.1291,3.2166,8.5203,7.7978
2085,208.5000,rep3,3.0380,2.8834,1.9289,3.5920,4.9471,2.7077,3.5575,8.2974,7.6464
2086,208.6000,rep3,2.8752,2.8464,2.1004,3.2529,4.9601,3.0612,3.1981,8.2119,7.7557
2087,208.7000,rep3,2.8883,2.8605,2.0278,2.9897,4.9927,4.1351,3.8224,8.3082,7.8310
2088,208.8000,rep3,2.7781,2.9758,2.0540,2.9017,5.0870,3.3157,4.0281,8.4578,7.7830
2089,208.9000,rep3,2.6455,2.9710,2.1497,3.2479,4.7824,3.2586,3.3880,8.5370,8.0099
2090,209.0000,rep3,2.7696,3.3381,2.0620,3.2995,4.9081,3.3493,2.9528,8.4548,8.1170
2091,209.1000,rep3,2.8940,2.8152,2.0093,2.6664,4.9223,2.9004,3.1224,8.1982,8.0268
2092,209.2000,rep3,2.9960,2.7245,2.0483,3.0271,4.9821,2.4834,3.3491,8.0642,7.6151
2093,209.3000,rep3,2.4159,3.3114,1.8992,2.9263,5.1001,3.2018,2.8001,8.0771,7.3060
2094,209.4000,rep3,2.6568,2.9109,2.0904,3.3366,5.1507,3.0652,3.7214,8.0088,7.1197
2095,209.5000,rep3,2.7050,3.2377,1.8761,3.1313,5.0130,3.7555,3.9444,8.2281,7.3465
2096,209.6000,rep3,2.8567,2.9029,2.2313,2.9145,4.8800,3.4961,3.0334,8.4252,7.5871
2097,209.7000,rep3,2.8933,3.0074,2.2964,3.2105,4.7986,3.4401,3.0833,8.5944,7.7508
2098,209.8000,rep3,2.5214,3.4458,1.8094,3.2217,5.1301,3.7983,3.9578,8.6320,7.6690
2099,209.9000,rep3,3.1901,2.9115,2.3078,2.9297,5.1563,3.6923,4.0888,8.4568,7.4173
2100,210.0000,rep3,2.8742,2.8687,2.0509,2.9131,5.2970,3.3820,3.5127,8.2490,7.2863
2101,210.1000,rep3,3.0113,2.8950,2.0969,3.4060,5.0592,2.8196,2.9687,8.0372,7.3368
2102,210.2000,rep3,3.2007,3.0583,1.8894,3.1024,4.8664,2.8790,2.8399,8.3577,7.6340
2103,210.3000,rep3,2.9703,2.8015,2.2692,3.3541,5.0376,2.7007,3.3085,8.4436,7.5664
2104,210.4000,rep3,2.7008,3.1967,2.1096,2.6567,4.8625,3.0042,3.4584,8.1945,7.4204
2105,210.5000,rep3,2.6022,3.2251,2.0339,3.0621,4.9371,3.5367,3.6367,8.1804,7.6843
2106,210.6000,rep3,2.5705,2.9577,2.2823,3.0567,4.9981,3.7167,3.3847,8.0130,7.7732
2107,210.7000,rep3,2.8524,3.4846,1.9763,3.0208,4.9080,4.1378,4.0783,7.8634,7.6345
2108,210.8000,rep3,2.7464,2.8718,2.1860,2.7028,5.1104,4.1684,3.7888,7.9964,7.5384
2109,210.9000,rep3,2.9519,2.8612,2.0178,2.8977,4.9536,3.6587,3.8326,7.9017,7.4364
2110,211.0000,rep3,2.9666,2.9787,2.0036,2.8896,5.1476,3.4870,3.2334,8.1048,7.5151
2111,211.1000,rep3,2.7600,2.9853,1.9412,2.9383,4.8604,3.3335,3.0077,7.8541,7.6874
2112,211.2000,rep3,2.8070,3.1286,1.9395,3.3501,4.6990,2.9593,2.7191,7.8249,7.5839
2113,211.3000,rep3,2.6235,3.3080,2.3740,2.9041,4.7367,3.2271,2.4218,7.8816,7.5895
2114,211.4000,rep3,2.8246,3.0093,2.5365,3.1270,5.0748,2.9884,2.4703,7.9380,7.4880
2115,211.5000,rep3,2.9127,2.8118,2.5298,3.3436,4.9520,2.8865,2.4307,8.0609,7.5850
2116,211.6000,rep3,3.0526,2.8258,2.1578,3.2433,4.9941,2.9178,2.4948,7.9745,7.5628
2117,211.7000,rep3,2.6195,3.2454,1.9507,2.6989,4.8764,2.9985,2.5440,7.9964,7.3311
2118,211.8000,rep3,2.7138,2.7553,1.9851,2.9721,4.8223,3.1050,2.3415,7.9310,7.4825
2119,211.9000,rep3,3.0111,2.9429,1.9194,3.0354,4.3323,2.9838,2.8782,8.0844,7.5099
2120,212.0000,rep3,2.9081,2.8981,1.9772,2.8215,4.4133,3.3015,3.5444,8.2393,7.5770
2121,212.1000,rep3,2.7571,3.1694,2.1316,2.6796,4.3877,3.3149,3.4228,8.1321,7.6366
2122,212.2000,rep3,3.1122,2.9221,1.8832,3.1948,4.9085,3.3368,3.0507,8.1265,7.7144
2123,212.3000,rep3,2.6639,3.2792,1.9675,2.8249,5.1013,3.3810,3.5997,8.0529,7.8253
2124,212.4000,rep3,2.8480,2.9725,2.0049,2.9956,5.2130,3.3416,3.8038,7.9600,7.6594
2125,212.5000,rep3,2.8534,2.9236,2.0593,3.0258,5.3262,3.6889,4.1921,7.9247,7.6242
2126,212.6000,rep3,2.7695,3.0938,2.1758,3.0075,5.1655,4.4512,4.2224,7.9810,7.6159
2127,212.7000,rep3,2.6308,3.0795,2.2564,2.7207,4.9771,4.1776,4.1091,7.9495,7.7410
2128,212.8000,rep3,2.4478,3.6822,1.9101,3.0800,4.9244,4.2344,3.3411,8.0207,7.8265
2129,212.9000,rep3,2.4543,3.4178,2.3746,3.3021,4.8977,3.4757,3.2505,7.9655,7.5137
2130,213.0000,rep3,2.9338,2.8882,2.1615,3.5645,5.3207,2.9052,2.4130,7.9605,7.5631
2131,213.1000,rep3,2.6385,3.1635,1.8122,3.1376,5.0515,3.2112,2.7143,8.1273,7.3446
2132,213.2000,rep3,3.2160,2.7902,2.4699,3.0145,4.8354,2.9268,3.1173,8.1640,7.4880
2133,213.3000,rep3,2.9470,3.0693,2.1882,3.3685,5.1956,3.2395,3.6322,8.2557,7.5870
2134,213.4000,rep3,2.5954,3.2006,1.9055,2.9230,5.3183,3.4120,3.6612,8.3669,7.7307
2135,213.5000,rep3,2.9408,2.9701,2.0218,3.1696,5.1260,3.2269,3.6140,8.3330,7.7237
2136,213.6000,rep3,2.5604,3.0620,2.0502,3.2928,5.0787,3.1741,3.3986,8.4109,7.4237
2137,213.7000,rep3,2.8968,3.1654,2.4147,3.1167,5.0496,3.4539,3.3341,8.4418,7.3774
2138,213.8000,rep3,2.6593,2.8251,2.3044,3.0804,4.8907,3.0331,4.2092,8.5493,7.6269
2139,213.9000,rep3,3.0118,3.1450,1.9306,2.8833,4.6216,3.1354,3.5789,8.7494,7.6776
2140,214.0000,rep3,2.9497,2.7799,2.1771,3.1920,4.9694,2.8937,2.3410,8.6027,7.5170
2141,214.1000,rep3,2.6906,3.2897,1.9503,3.1339,4.7750,2.2961,2.8601,8.4408,7.3307
2142,214.2000,rep3,2.6507,3.0976,1.9638,3.0682,4.3777,3.3499,3.1156,8.2101,7.3809
2143,214.3000,rep3,2.9774,2.7902,2.3155,3.3404,4.5819,2.9518,3.1866,8.0008,7.5255
2144,214.4000,rep3,2.5339,3.1255,2.2162,3.4865,4.3190,3.1311,2.9063,7.8358,7.6074
2145,214.5000,rep3,2.7560,2.7137,2.5285,3.0082,4.7057,2.9296,3.4800,7.8253,7.6305
2146,214.6000,rep3,2.5600,3.2086,2.2288,3.0239,4.8764,3.4245,3.7439,7.8694,7.6041
2147,214.7000,rep3,2.6853,3.0437,1.9066,3.1888,4.8788,2.8018,3.5755,7.9663,7.6295
2148,214.8000,rep3,3.0817,2.6349,2.2290,2.8286,4.9098,3.4043,3.5374,8.0675,7.5222
2149,214.9000,rep3,2.6748,3.1795,1.9313,3.0643,4.9070,3.8463,4.0709,8.2463,7.6821
2150,215.0000,rep3,2.7725,3.1260,1.9044,3.1544,5.0876,3.6186,3.5170,8.2161,7.6445
2151,215.1000,rep3,2.7330,3.0960,2.0990,3.0564,4.9815,3.9449,3.6441,8.2948,7.4040
2152,215.2000,rep3,2.6607,3.3141,2.0862,3.0960,5.0245,3.2909,4.0489,8.5812,7.2565
2153,215.3000,rep3,2.9893,2.8212,2.1634,3.1098,5.1029,3.4968,3.2835,8.6809,7.3936
2154,215.4000,rep3,2.5953,3.0109,2.3677,3.1905,5.1628,4.2433,3.8243,8.6824,7.4875
2155,215.5000,rep3,2.7259,3.3793,1.8607,3.4105,5.0497,4.4070,4.2516,8.1893,7.4636
2156,215.6000,rep3,2.5651,3.1913,2.2234,2.6728,4.8496,3.6874,3.9851,8.2338,7.4857
2157,215.7000,rep3,2.7883,3.0564,1.7797,3.3004,5.0253,3.8660,3.3680,8.0263,7.4430
2158,215.8000,rep3,2.7630,2.8161,2.1590,3.5868,5.0177,4.0255,3.6922,8.0552,7.6789
2159,215.9000,rep3,2.7126,2.9452,2.2928,2.9923,5.0598,4.5079,3.9513,8.4259,7.9390
2160,216.0000,rep3,3.2240,2.9071,2.1644,3.0150,5.2154,3.6204,3.7794,8.4325,7.8815
2161,216.1000,rep3,2.6798,3.0458,2.1469,3.3654,5.1019,3.7705,3.9093,8.4233,7.9022
2162,216.2000,rep3,2.9899,2.8734,2.2884,3.4464,4.9877,3.4759,4.1185,8.4186,7.9451
2163,216.3000,rep3,2.7958,3.1880,2.2702,3.3980,4.8893,3.5727,3.6571,8.3501,8.1133
2164,216.4000,rep3,2.8640,2.8505,2.2446,3.1932,5.1468,3.1125,3.1123,8.2621,8.1848
2165,216.5000,rep3,2.6294,3.3162,2.2555,3.0363,4.9704,2.9568,2.6025,8.1556,8.0041
2166,216.6000,rep3,2.8380,3.0076,2.0260,3.3101,4.9881,3.0599,3.0103,8.4393,7.8876
2167,216.7000,rep3,2.3699,3.3464,1.9287,2.8505,5.0189,3.0105,2.8001,8.6671,7.8690
2168,216.8000,rep3,2.8171,3.0583,2.1000,3.0595,4.8643,2.9435,3.0179,8.7792,7.8198
2169,216.9000,rep3,2.6725,3.0305,2.1965,2.8065,5.2158,3.3374,3.0756,8.7651,7.6747
2170,217.0000,rep3,2.6627,3.3554,1.7625,3.1598,4.9566,3.2062,3.4614,8.6907,7.5527
2171,217.1000,rep3,2.8596,2.7970,2.5202,3.2131,5.0259,2.8811,3.3057,8.5519,7.5134
2172,217.2000,rep3,2.7585,3.0688,2.1584,3.1130,5.2488,3.1792,3.8338,8.4190,7.6928
2173,217.3000,rep3,2.3675,3.4632,1.9502,2.9663,4.9974,4.5604,4.0213,8.4348,7.6715
2174,217.4000,rep3,2.5843,3.2414,2.0201,2.7555,4.9880,3.8328,3.4580,8.3464,7.5159
2175,217.5000,rep3,2.7355,2.9236,1.8507,2.7217,5.2515,3.5448,3.8493,8.0226,7.6228
2176,217.6000,rep3,2.6920,3.1057,2.1902,2.9313,5.2358,3.7365,3.7601,7.9012,8.0503
2177,217.7000,rep3,3.2275,2.7104,2.0311,3.1867,5.0024,3.7530,3.8638,7.6922,8.2578
2178,217.8000,rep3,2.9510,3.0213,2.1221,2.8412,5.0213,3.2567,3.8515,7.7212,8.0783
2179,217.9000,rep3,2.7527,3.0500,2.0334,3.2982,5.2460,3.0864,3.8208,7.8745,7.7618
2180,218.0000,rep3,2.7952,3.0036,1.9738,3.1171,5.1184,3.4675,3.5490,7.9686,7.6483
2181,218.1000,rep3,2.6773,3.1945,2.1089,2.7685,4.9503,3.7751,3.5838,8.1327,7.4900
2182,218.2000,rep3,3.1954,3.0442,2.0545,3.4471,5.1472,3.5707,3.9130,8.1663,7.3014
2183,218.3000,rep3,2.8313,2.9911,2.2563,2.8723,5.1683,3.9731,4.0969,8.0932,7.4036
2184,218.4000,rep3,2.6940,3.1525,2.2130,2.8546,5.1142,3.9255,3.6594,7.9539,7.4350
2185,218.5000,rep3,2.4999,3.6421,1.8005,3.2583,5.0537,3.9725,4.2744,8.3148,7.5384
2186,218.6000,rep3,2.4120,3.5930,1.9702,2.9324,4.9680,3.6598,4.4715,8.5436,7.5139
2187,218.7000,rep3,3.1152,2.9575,2.4199,2.9337,5.0030,3.4521,3.7480,8.6037,7.3785
2188,218.8000,rep3,2.7205,2.9488,1.9842,2.6466,5.0866,3.3841,4.2263,8.7455,7.5367
2189,218.9000,rep3,2.5965,3.1993,1.9445,2.9942,5.1897,3.3879,3.8225,8.6435,7.5738
2190,219.0000,rep3,2.8488,3.0394,2.1777,3.2161,5.1195,3.5847,4.4216,8.3483,7.6550
2191,219.1000,rep3,2.9306,3.0213,2.3858,3.2676,4.8170,3.1302,3.5964,8.2890,7.5984
2192,219.2000,rep3,2.6551,3.0132,2.2813,3.0947,5.3101,3.4903,2.9830,7.9801,7.4576
2193,219.3000,rep3,2.8580,3.2725,2.0058,3.5507,5.0413,3.4742,3.1556,7.9658,7.3368
2194,219.4000,rep3,2.6747,3.1992,2.0397,3.0802,5.1478,3.5815,3.2695,7.9608,7.1412
2195,219.5000,rep3,3.0564,2.5946,2.4026,2.9838,5.3246,3.6227,3.2765,8.0665,7.1658
2196,219.6000,rep3,2.3631,3.7430,1.6903,3.3471,5.1374,3.6808,4.3109,8.3430,7.2129
2197,219.7000,rep3,2.3163,3.5527,2.2395,2.9662,5.1343,3.9295,4.1270,8.2519,7.3451
2198,219.8000,rep3,3.0008,3.1106,2.2233,3.2380,4.8762,3.3925,3.8168,8.3804,7.5433
2199,219.9000,rep3,2.9496,2.9416,1.8051,2.6751,5.0931,3.2222,3.7465,8.4322,7.8827
2200,220.0000,rep3,3.0116,3.0508,2.2234,3.0632,5.2293,3.4535,3.3578,8.6480,7.9825
2201,220.1000,rep3,3.1100,2.8079,2.3920,3.2722,5.0791,3.4617,3.7507,8.5728,7.9632
2202,220.2000,rep3,2.5906,3.1639,2.1042,2.8131,4.9858,3.6201,3.6090,8.5752,7.9469
2203,220.3000,rep3,2.9206,2.8606,2.1282,2.7942,4.9626,3.3539,3.2706,8.7288,7.9031
2204,220.4000,rep3,3.1519,2.9898,2.0904,3.3197,5.1325,3.7092,3.5301,8.7084,8.0454
2205,220.5000,rep3,2.2466,3.2453,2.0984,2.5055,4.9257,3.1116,3.9410,8.5289,7.9977
2206,220.6000,rep3,3.0067,3.3091,1.8656,2.7692,5.0450,3.5588,3.4278,8.3823,7.9882
2207,220.7000,rep3,3.3675,2.8224,2.2095,3.2098,5.0110,3.3479,3.8708,8.3669,8.1829
2208,220.8000,rep3,2.7521,3.0831,1.9965,3.2503,4.7647,4.1665,4.5666,8.6468,8.2274
2209,220.9000,rep3,3.0995,3.1233,2.1757,3.1839,4.8859,4.1475,5.0250,8.7396,8.0058
2210,221.0000,rep3,2.5874,3.0862,2.2419,2.9080,5.1432,3.6147,4.3103,8.7294,7.7551
2211,221.1000,rep3,2.9603,3.0628,2.0072,2.9733,4.9536,3.4299,4.8299,8.4003,7.4842
2212,221.2000,rep3,2.6636,3.0699,1.7887,2.7019,5.1041,3.8733,4.5511,8.1368,7.5188
2213,221.3000,rep3,2.7003,3.0264,2.0896,2.8686,5.1461,4.4504,4.7207,7.8139,7.5913
2214,221.4000,rep3,2.9724,3.4089,1.7161,3.0331,4.8313,3.8589,4.7015,7.8010,7.7199
2215,221.5000,rep3,3.1551,2.6104,2.3951,3.0139,5.1344,4.0434,4.1390,7.9388,7.8561
2216,221.6000,rep3,2.8474,2.8466,1.8665,3.0197,5.3234,3.8033,3.9228,8.3748,7.9060
2217,221.7000,rep3,2.7761,3.2030,2.1579,2.9617,5.1790,4.2115,4.2178,8.6115,7.7623
2218,221.8000,rep3,2.7591,2.9084,1.9804,3.2222,5.1875,3.8855,4.1034,8.5238,7.6207
2219,221.9000,rep3,2.7547,3.3252,2.1470,3.3305,5.0937,3.5254,3.9804,8.4809,7.6596
2220,222.0000,rep3,2.6482,3.2038,2.1624,3.2762,4.9298,3.3414,3.3135,8.2283,7.6252
2221,222.1000,rep3,3.1033,2.6302,2.6508,2.8258,5.0531,3.7099,3.8618,8.1754,7.6791
2222,222.2000,rep3,2.9631,3.0074,2.0866,3.2618,5.0486,3.6938,3.6820,8.2458,7.6328
2223,222.3000,rep3,2.7371,2.8714,2.0924,2.8253,4.8993,3.6247,3.8619,8.4386,7.6957
2224,222.4000,rep3,3.0343,3.1047,1.9546,3.0695,5.0787,3.6251,3.7284,8.6212,7.7683
2225,222.5000,rep3,3.0336,2.8627,1.9496,2.9620,5.1326,3.9360,4.1948,8.7166,7.8843
2226,222.6000,rep3,2.6258,3.0478,2.0767,2.6345,5.0643,3.6472,3.3937,8.6801,7.8807
2227,222.7000,rep3,3.0011,2.7238,1.9913,2.8852,5.1014,3.7230,3.2906,8.4500,7.7466
2228,222.8000,rep3,3.1403,2.5423,1.9115,3.0730,5.0253,3.8008,4.1733,8.2664,7.8027
2229,222.9000,rep3,2.7210,2.7280,2.0062,2.9109,5.1666,4.5114,4.0716,8.2621,7.7358
2230,223.0000,rep3,2.9323,2.9175,2.4790,3.3422,5.1416,3.7398,4.1056,8.3703,7.6938
2231,223.1000,rep3,2.9206,2.9677,1.8988,2.9786,5.1602,3.8425,3.6004,8.4448,7.6403
2232,223.2000,rep3,2.8738,2.8943,2.0919,2.8063,4.9776,3.5778,3.9303,8.4601,7.8436
2233,223.3000,rep3,2.7902,3.0407,1.9953,2.6906,5.0562,3.5602,3.5805,8.4950,7.9320
2234,223.4000,rep3,2.9229,2.7857,1.9301,3.0448,5.3947,3.6428,4.0706,8.3437,7.8338
2235,223.5000,rep3,2.7726,2.8490,1.9304,2.8165,5.0322,3.5599,4.2688,8.1270,7.6771
2236,223.6000,rep3,2.9856,3.0871,2.0437,2.7212,5.2455,3.9516,4.1061,8.0367,7.8570
2237,223.7000,rep3,2.9821,2.9327,2.0521,3.0680,5.0661,3.4768,4.1999,7.8602,7.7392
2238,223.8000,rep3,3.1542,2.6924,2.1132,3.0616,5.0670,3.2637,3.8982,7.9522,7.6626
2239,223.9000,rep3,2.7060,2.9660,2.3630,3.1246,5.0171,3.7147,4.3293,7.9489,7.6860
2240,224.0000,rep3,2.3177,3.5580,1.8745,2.8301,4.8449,3.7002,4.4388,8.0040,7.7161
2241,224.1000,rep3,2.9976,2.6373,1.8215,2.8269,5.1541,4.0400,3.6837,8.1075,7.6673
2242,224.2000,rep3,3.0445,2.8821,1.9575,3.2744,5.1658,3.7826,3.8380,8.1089,7.6215
2243,224.3000,rep3,2.8375,2.9218,2.1305,3.1634,5.0094,3.6408,4.3292,8.2156,7.6543
2244,224.4000,rep3,3.0587,2.8005,2.1313,2.7389,4.7568,3.7937,4.3814,8.2279,7.6846
2245,224.5000,rep3,2.5699,3.1785,1.8856,3.1576,4.9225,4.0985,4.7114,8.1859,7.5837
2246,224.6000,rep3,2.7155,3.1683,2.0694,2.5250,4.9820,4.8001,4.1847,8.3369,7.6586
2247,224.7000,rep3,2.9043,2.9163,2.0265,2.9702,5.0531,4.8299,4.4938,8.1249,7.8410
2248,224.8000,rep3,2.2153,3.7207,1.7557,2.6281,4.8547,4.3621,4.1739,8.0983,7.8389
2249,224.9000,rep3,2.4384,3.5039,1.9899,2.8734,4.8123,4.4809,3.8379,7.9630,7.9188
2250,225.0000,rep3,3.0631,2.8503,2.0921,2.5862,4.9989,4.3592,4.2187,7.8101,7.9516
2251,225.1000,rep3,2.8614,3.3459,1.8720,2.9912,5.0548,4.3191,4.3910,8.0070,7.8350
2252,225.2000,rep3,2.7029,3.3165,1.7367,2.8167,5.1309,4.2164,4.2051,8.1908,7.7673
2253,225.3000,rep3,2.7541,2.8948,1.8764,2.9962,5.0004,4.9405,4.7365,8.1657,7.7520
2254,225.4000,rep3,2.9549,2.9782,1.8829,2.7722,5.1818,4.4862,4.7869,8.1550,7.7831
2255,225.5000,rep3,2.9376,2.8248,2.0630,2.9269,5.2911,4.6012,4.5497,8.0621,7.7591
2256,225.6000,rep3,2.8696,2.6099,2.0606,3.1160,4.9800,4.4970,4.2081,8.0117,7.7216
2257,225.7000,rep3,2.9323,2.9784,1.9667,3.2453,5.2688,4.3434,4.2397,8.1099,7.7744
2258,225.8000,rep3,3.0505,2.7336,2.2596,3.2039,5.1942,4.3842,4.1582,8.0166,7.8131
2259,225.9000,rep3,2.6443,3.1519,2.1026,3.0128,4.9928,4.0246,4.1319,8.0266,7.7240
2260,226.0000,rep3,2.7828,3.0180,1.9562,2.8064,5.0300,3.5684,3.9025,8.2521,7.6534
2261,226.1000,rep3,2.6368,3.2244,2.2243,2.8704,4.7855,3.7242,4.0275,8.0937,7.6492
2262,226.2000,rep3,2.6233,3.0109,2.2638,2.9067,4.9628,3.9427,4.5654,8.0497,7.7141
2263,226.3000,rep3,2.5954,3.2092,2.0172,2.7911,5.0304,4.6907,4.9978,7.7928,7.7112
2264,226.4000,rep3,2.3507,3.1584,1.9451,2.6671,4.8203,4.8335,4.6779,7.5804,7.5533
2265,226.5000,rep3,2.6872,3.1308,2.1428,3.0354,5.1790,4.8860,4.8598,7.6381,7.5119
2266,226.6000,rep3,2.6945,3.4164,2.2319,2.6877,5.1317,4.8486,5.3438,7.7653,7.5121
2267,226.7000,rep3,2.7726,3.1396,2.0095,2.3870,5.0178,5.1533,4.5691,7.8865,7.6405
2268,226.8000,rep3,2.6570,3.2332,1.9548,3.0537,5.2869,4.4479,4.4063,8.0225,7.7645
2269,226.9000,rep3,3.2471,2.6401,1.9751,3.3556,4.9831,4.5092,3.8908,8.1955,7.6692
2270,227.0000,rep3,2.4012,3.4536,1.6671,2.4116,5.0028,4.4417,4.0531,8.2836,7.7240
2271,227.1000,rep3,2.1197,3.4598,1.9422,2.7891,4.9313,4.5681,4.3008,8.3576,7.7878
2272,227.2000,rep3,2.9767,2.5865,2.1985,3.2000,4.9445,4.6500,3.8669,8.4969,7.8619
2273,227.3000,rep3,2.9932,2.7663,1.8248,3.3325,5.1949,4.5700,4.0777,8.5285,7.9222
2274,227.4000,rep3,2.9987,2.7911,2.2386,3.1388,5.0622,4.4406,3.9590,8.1088,7.8502
2275,227.5000,rep3,2.5745,3.0889,2.0408,2.9509,4.8636,4.6043,4.0377,7.9502,7.7076
2276,227.6000,rep3,2.7815,3.1229,2.3000,2.9219,5.2369,4.8479,4.3016,7.7863,7.6713
2277,227.7000,rep3,2.4775,3.1493,1.9487,2.5553,5.1511,4.6639,3.8825,7.8433,7.7090
2278,227.8000,rep3,2.3747,3.3598,1.9149,2.4810,5.0093,4.6836,3.9775,8.0675,7.6931
2279,227.9000,rep3,2.8094,2.8852,1.8898,2.6841,5.0567,4.8500,3.5185,8.0156,8.0305
2280,228.0000,rep3,3.1680,2.8179,2.0137,3.1217,4.9958,4.5371,3.6805,7.9810,8.1999
2281,228.1000,rep3,2.3431,3.3100,1.8296,2.6530,4.9773,4.7054,3.5843,7.8941,8.0757
2282,228.2000,rep3,2.4942,3.0336,1.9419,2.5606,5.0539,4.5360,4.3697,7.7321,8.0547
2283,228.3000,rep3,2.6090,3.1166,1.9400,2.9789,4.9231,4.4998,4.8198,7.6668,7.9222
2284,228.4000,rep3,2.3186,3.5750,1.9099,2.5152,4.9469,4.4761,4.1577,7.8303,7.6187
2285,228.5000,rep3,2.4531,3.4883,2.0008,2.6332,4.9904,4.6467,3.6606,7.8239,7.4446
2286,228.6000,rep3,2.7419,3.2807,1.8565,2.9199,5.0593,4.3403,3.7373,8.0591,7.4054
2287,228.7000,rep3,2.6764,3.3062,2.0636,2.6058,5.3668,4.4038,3.3567,8.3754,7.5369
2288,228.8000,rep3,2.3404,3.1521,2.1267,2.5510,4.9869,4.5475,3.8244,8.5529,7.7046
2289,228.9000,rep3,2.6566,3.0943,2.1379,2.8695,5.0961,4.2809,4.4355,8.3627,7.7745
2290,229.0000,rep3,2.7315,2.9406,2.4311,2.7976,5.1778,4.7234,4.0510,8.1192,7.8059
2291,229.1000,rep3,2.7595,3.1679,2.1863,2.9254,4.9438,5.3385,4.1396,7.9932,7.7882
2292,229.2000,rep3,2.7558,3.1332,2.2082,3.0865,5.0429,4.9785,4.0185,8.0143,7.6838
2293,229.3000,rep3,2.5774,3.2000,2.1957,2.6829,5.1178,4.7829,4.0041,8.0708,7.8175
2294,229.4000,rep3,2.6971,3.3074,2.1153,2.6386,4.8360,4.7800,3.9968,8.1515,7.9415
2295,229.5000,rep3,2.7856,2.9068,1.8106,2.8671,5.0452,5.2148,4.2013,8.1562,7.9832
2296,229.6000,rep3,2.8969,2.9768,1.9725,2.9781,4.7864,5.0903,4.5022,8.1577,7.9326
2297,229.7000,rep3,2.6989,2.9564,2.2149,3.0717,4.9379,4.6258,3.9779,8.3366,7.7432
2298,229.8000,rep3,2.9795,3.3567,1.9661,2.7473,4.7370,4.1665,4.2671,8.4258,8.1408
2299,229.9000,rep3,2.5579,2.9069,2.1866,2.8558,5.0477,4.6564,3.9827,8.4635,8.4262
2300,230.0000,rep3,2.6638,3.3840,1.9350,2.7384,5.0329,4.9908,4.3659,8.4044,8.2352
2301,230.1000,rep3,2.7764,3.2316,2.0300,3.2077,5.0245,4.3794,3.5776,8.1609,7.8267
2302,230.2000,rep3,2.8605,2.8575,1.9386,3.1423,4.8695,4.3516,3.5960,7.8387,7.6592
2303,230.3000,rep3,2.9816,3.0413,2.1232,2.8076,4.9725,4.7982,3.1964,7.6969,7.6565
2304,230.4000,rep3,3.0205,3.0214,2.2004,3.2283,5.1505,4.4533,3.5044,7.7348,7.6719
2305,230.5000,rep3,2.6302,3.3654,1.7449,2.9480,5.0887,4.3678,4.0038,7.7440,7.6762
2306,230.6000,rep3,2.7301,2.9113,2.2057,3.1821,4.8654,4.7361,4.6311,7.6946,7.8641
2307,230.7000,rep3,2.3698,3.3759,1.7445,2.9688,5.0176,4.9726,3.9656,7.7610,7.8011
2308,230.8000,rep3,2.9075,3.0954,2.0630,3.0149,5.0681,4.5630,3.8367,7.8136,7.7776
2309,230.9000,rep3,3.0022,2.9338,2.0484,2.6983,5.0464,4.5163,3.8654,7.8238,7.5600
2310,231.0000,rep3,2.8819,3.0162,1.9044,2.7680,4.8974,4.6867,3.9172,8.0486,7.5916
2311,231.1000,rep3,2.5816,3.1359,2.0740,3.0680,4.8139,4.9434,3.8429,8.1136,7.3388
2312,231.2000,rep3,2.2748,3.3522,1.9658,3.1637,4.8920,4.5162,3.9250,8.3968,7.3302
2313,231.3000,rep3,2.7539,3.0117,2.0679,3.0095,4.8761,5.0514,3.9370,8.5420,7.3265
2314,231.4000,rep3,2.7951,2.8675,2.1726,2.8705,5.2789,4.6044,4.0098,8.4550,7.2633
2315,231.5000,rep3,2.6136,3.1626,2.0340,2.9959,5.1495,4.6466,3.8698,8.4733,7.2687
2316,231.6000,rep3,2.3958,3.4090,1.8903,2.7286,5.0595,4.6827,4.2855,8.4859,7.3842
2317,231.7000,rep3,2.7249,2.9372,1.9919,3.3503,4.8121,4.2636,4.3038,8.6135,7.6708
2318,231.8000,rep3,2.6191,3.3599,1.8878,3.3633,5.0856,4.5506,3.7829,8.4910,7.8329
2319,231.9000,rep3,2.6333,3.1977,2.4011,2.5003,5.2874,4.7033,3.8180,8.5055,7.7485
2320,232.0000,rep3,2.1930,3.5913,2.0256,3.2809,4.9542,4.6864,3.7382,8.3042,7.7143
2321,232.1000,rep3,2.2630,3.6690,2.0606,2.8093,5.2098,4.4138,3.7716,8.1921,7.7515
2322,232.2000,rep3,2.6186,3.2293,1.9782,2.6198,5.1163,4.7415,4.1243,8.1727,7.5594
2323,232.3000,rep3,2.7638,3.0736,2.0117,2.7504,5.0566,4.4938,4.2677,8.1588,7.7022
2324,232.4000,rep3,2.8981,2.9848,1.9079,2.9055,4.9856,4.3262,3.8959,8.2368,7.9356
2325,232.5000,rep3,2.8037,2.9667,1.9449,2.7495,4.9865,3.8911,3.6881,8.4403,8.1423
2326,232.6000,rep3,2.6259,3.0787,1.9190,2.8000,5.0322,4.0848,3.6120,8.3730,8.0425
2327,232.7000,rep3,2.7969,3.2291,1.9751,2.8438,5.1287,4.3290,3.3925,8.1804,7.7154
2328,232.8000,rep3,2.5363,3.2993,2.1318,2.7681,5.0837,4.3402,3.9437,8.1337,7.6143
2329,232.9000,rep3,2.9338,3.1013,1.8189,3.0923,5.1750,4.6932,3.8423,8.1086,7.6263
2330,233.0000,rep3,2.9521,2.9551,2.2047,2.8109,5.0335,4.5656,3.9465,8.1766,7.8613
2331,233.1000,rep3,2.7058,3.0882,2.0683,3.1540,5.0392,4.8532,4.2916,8.3208,7.6172
2332,233.2000,rep3,3.0054,2.8794,2.0748,2.9913,5.1407,4.7524,3.9828,8.4144,7.3489
2333,233.3000,rep3,3.0518,2.8746,2.3909,2.5469,5.0311,4.5281,4.2020,8.4863,7.2885
2334,233.4000,rep3,2.7596,3.0917,1.8223,3.0173,4.8850,4.8920,3.8303,8.4336,7.5408
2335,233.5000,rep3,2.7800,2.9144,2.1612,2.7014,4.9936,4.7472,4.1731,8.3725,7.6917
2336,233.6000,rep3,2.9561,2.9443,2.0948,3.0719,4.8907,5.3350,4.0463,8.1977,7.6785
2337,233.7000,rep3,2.5076,3.3248,1.8798,2.9056,4.8642,4.6050,3.8277,8.1215,7.7934
2338,233.8000,rep3,2.7985,2.9489,2.0094,2.8077,5.3087,4.6340,3.6189,8.0868,7.8037
2339,233.9000,rep3,2.6199,3.0270,2.3410,2.8326,5.2598,4.2334,3.7405,7.9760,7.6847
2340,234.0000,rep3,2.6555,3.0537,1.9606,2.9184,5.0733,4.4425,3.6807,7.9838,7.5170
2341,234.1000,rep3,3.1573,3.2582,2.2357,2.6828,5.1483,4.5119,3.6796,8.0069,7.5012
2342,234.2000,rep3,2.7910,2.8918,1.9323,2.9410,4.8959,4.3325,3.4757,8.1428,7.5538
2343,234.3000,rep3,2.5246,3.1965,2.0542,2.6098,5.1597,4.6466,4.3074,8.0284,7.4534
2344,234.4000,rep3,2.5787,2.7486,1.9969,3.0660,5.4042,4.8104,3.9863,7.7071,7.3518
2345,234.5000,rep3,2.9376,2.8287,2.2011,3.1230,5.0746,5.0005,4.2303,7.8233,7.3606
2346,234.6000,rep3,2.3913,3.0809,1.7736,3.4105,5.2174,4.6186,4.0820,8.0744,7.7380
2347,234.7000,rep3,2.6081,3.1829,1.8495,2.9169,4.8851,4.7353,4.4480,8.2406,7.9913
2348,234.8000,rep3,2.8349,2.8496,2.2180,3.0159,4.6016,4.6480,4.4687,8.2552,7.9585
2349,234.9000,rep3,2.6054,3.3480,2.6934,3.0412,4.5067,4.7116,4.3595,8.2732,7.8603
2350,235.0000,rep3,2.8127,3.0360,2.0601,3.0886,4.1775,4.4760,3.4262,8.0518,7.9092
2351,235.1000,rep3,2.6227,3.0336,1.9251,2.7595,3.5931,4.5188,3.7515,8.0244,7.9178
2352,235.2000,rep3,2.8698,3.0402,2.0761,2.9106,3.5482,4.4193,3.7776,8.4159,7.6408
2353,235.3000,rep3,2.3655,3.3606,2.2808,2.6890,3.4016,3.9556,3.8953,8.5612,7.5513
2354,235.4000,rep3,2.2812,3.1373,1.8485,2.4063,3.2873,4.3670,3.6969,8.5222,7.7025
2355,235.5000,rep3,2.5779,3.2303,1.8762,2.8931,3.1732,4.0199,3.5467,8.6175,7.9346
2356,235.6000,rep3,2.6827,3.1321,1.9495,3.0454,3.4495,3.8422,3.2758,8.4511,7.8395
2357,235.7000,rep3,3.4668,2.4639,2.3394,2.8765,3.6729,3.8266,3.2985,8.2264,7.5811
2358,235.8000,rep3,2.5919,3.0423,1.9009,3.2278,3.3500,3.7220,3.3993,8.0206,7.5763
2359,235.9000,rep3,2.7913,2.8640,2.1269,3.1812,3.2627,4.1947,3.6835,8.0594,7.4948
2360,236.0000,rep3,2.5106,3.2031,2.1170,2.6837,3.4246,3.9549,3.8993,8.1122,7.4436
2361,236.1000,rep3,3.0053,3.1116,2.1406,3.0000,3.3852,4.0111,3.3812,8.1361,7.4816
2362,236.2000,rep3,2.9061,2.8837,2.2290,3.0765,3.5350,4.1659,3.4565,8.1972,7.2662
2363,236.3000,rep3,2.9007,3.2354,2.2370,2.8460,3.6974,3.9043,3.6890,8.2526,6.9895
2364,236.4000,rep3,2.5291,3.0792,2.0275,3.0662,3.3384,3.3473,2.9818,8.2046,6.9259
2365,236.5000,rep3,2.5575,3.2824,2.1887,2.7564,3.3567,3.1630,3.3028,8.3662,7.1707
2366,236.6000,rep3,2.7650,2.9605,2.1369,3.0421,3.6813,2.8226,3.4925,8.3655,7.2450
2367,236.7000,rep3,3.1558,2.6122,2.3442,3.2675,3.1667,2.7746,3.0571,8.3639,7.3290
2368,236.8000,rep3,2.6688,3.1957,1.9439,2.7913,3.1990,2.9143,2.9847,8.2984,7.4591
2369,236.9000,rep3,2.7812,2.8943,2.2534,2.6397,3.2945,2.9901,2.7733,8.2159,7.5321
2370,237.0000,rep3,2.6831,2.7982,2.0603,3.5935,3.2489,2.5945,2.4516,8.3691,7.4420
2371,237.1000,rep3,2.9700,2.9510,2.1063,3.1100,3.3085,2.6133,2.2990,8.6489,7.5742
2372,237.2000,rep3,2.7628,2.9160,1.9554,2.9575,2.9286,3.0384,2.5093,8.6225,7.7068
2373,237.3000,rep3,2.6513,3.2352,2.0208,2.9460,2.5721,3.2721,1.9838,8.7078,7.5812
2374,237.4000,rep3,2.6168,3.1818,1.9013,2.8317,2.6754,3.6056,1.8843,8.6206,7.3168
2375,237.5000,rep3,3.1528,2.7685,2.5945,3.3483,2.6710,3.3378,2.0407,8.5868,7.0419
2376,237.6000,rep3,3.0264,2.8865,2.8089,3.0709,2.6606,3.8481,1.9815,8.6608,6.9169
2377,237.7000,rep3,2.9540,3.1855,2.1939,3.0466,2.5155,3.9809,2.2774,8.7659,7.1349
2378,237.8000,rep3,2.6324,3.1412,2.3067,3.0397,2.6646,3.4531,2.2579,9.0606,7.4004
2379,237.9000,rep3,2.8521,2.8358,1.9877,3.3039,2.5811,3.7935,2.4984,9.3259,7.5082
2380,238.0000,rep3,2.8073,3.5276,1.9618,2.8702,2.6355,3.4923,2.2754,9.2182,7.4397
2381,238.1000,rep3,2.7369,2.9756,2.0121,2.8762,2.5107,3.6284,1.9724,9.0793,7.3685
2382,238.2000,rep3,3.1189,2.6881,2.4084,2.8928,2.5564,3.2459,1.8915,8.9697,7.4242
2383,238.3000,rep3,2.7966,3.1640,2.0441,3.4105,2.5380,2.9316,2.0578,8.8109,7.6003
2384,238.4000,rep3,2.7316,2.8035,2.2364,3.0618,2.5064,3.3399,2.1002,8.6114,7.4848
2385,238.5000,rep3,2.8520,2.9119,2.2239,3.1976,2.7246,3.3459,2.2961,8.6085,7.4150
2386,238.6000,rep3,3.0003,2.8711,2.0702,3.0434,2.6476,3.5124,2.2095,8.3627,7.3357
2387,238.7000,rep3,2.6707,3.0230,2.1841,2.6847,2.7526,3.1087,1.7804,8.3600,7.4614
2388,238.8000,rep3,2.8129,3.1616,2.1302,2.8779,2.6844,3.1107,2.2950,8.3788,7.5216
2389,238.9000,rep3,2.4459,3.2676,2.0841,2.7683,2.6220,2.7274,1.8312,8.5674,7.3604
2390,239.0000,rep3,2.8189,2.9503,2.2800,2.9586,2.5588,3.0053,2.2253,8.4906,7.2774
2391,239.1000,rep3,2.9954,2.6894,2.0402,3.1255,2.7858,3.1394,2.0382,8.3691,7.2384
2392,239.2000,rep3,2.9062,2.8864,2.3764,2.8840,2.7661,2.8170,1.9210,8.1852,7.3425
2393,239.3000,rep3,2.7824,3.0732,2.5051,3.1808,2.9404,2.7861,2.1860,8.0960,7.8261
2394,239.4000,rep3,2.8615,3.0764,2.1018,2.7205,2.6035,2.8882,2.0095,7.9927,8.0186
2395,239.5000,rep3,3.0557,2.5693,2.2492,3.4273,2.5503,3.3523,2.2838,7.9228,7.8867
2396,239.6000,rep3,2.7688,3.1491,1.9128,3.2026,2.5853,3.2862,2.5336,7.9680,7.6277
2397,239.7000,rep3,3.1271,2.8053,2.2065,2.9767,2.8218,3.1338,2.6429,7.9047,7.3711
2398,239.8000,rep3,2.9017,2.8424,2.5579,2.8916,2.6839,2.9646,2.3180,8.2021,7.1919
2399,239.9000,rep3,2.7171,3.0922,2.0676,3.0741,2.6870,2.8425,2.4289,8.3930,7.3820
2400,240.0000,rep3,2.9553,3.2070,2.1474,3.0742,2.6028,2.7789,2.1872,8.5568,7.5108
2401,240.1000,rep3,2.8745,2.9339,2.1243,3.0761,2.6493,2.8914,2.0958,8.9639,7.5384
2402,240.2000,rep3,2.9644,2.8326,2.4288,2.9759,2.7761,3.0411,2.4007,8.9820,7.5560
2403,240.3000,rep3,2.4859,3.2570,1.8113,3.3576,2.6518,3.0897,2.3160,8.6339,7.4341
2404,240.4000,rep3,2.6416,3.1619,2.4364,3.2744,2.6440,3.1437,2.0151,8.3853,7.2605
2405,240.5000,rep3,3.0410,2.6523,2.2165,3.2205,2.6143,3.5173,2.2074,8.1184,7.4587
2406,240.6000,rep3,2.8531,3.0223,1.9970,2.9703,2.6620,3.3146,2.2881,7.9826,7.8105
2407,240.7000,rep3,2.9589,2.8497,2.1887,3.3162,2.6920,3.1637,2.0818,8.1080,7.8379
2408,240.8000,rep3,2.6158,3.0710,2.1221,3.3156,2.6477,3.3376,2.0225,8.1734,7.7048
2409,240.9000,rep3,2.5103,3.0611,1.9201,2.5500,2.6205,3.2656,2.2589,8.1375,7.6396
2410,241.0000,rep3,3.0760,2.9750,2.2837,3.2078,2.6224,3.2697,1.9469,8.2331,7.6556
2411,241.1000,rep3,2.9240,2.7303,2.5991,2.9869,2.5539,3.3709,1.9113,8.5531,7.5193
2412,241.2000,rep3,2.8551,2.7945,1.9758,3.1392,2.5439,2.6915,1.9095,8.7433,7.3241
2413,241.3000,rep3,3.3056,2.6780,2.4705,3.3091,2.5625,3.1515,2.0743,8.7074,7.2781
2414,241.4000,rep3,2.8115,3.0890,2.0021,3.2635,2.5806,3.5446,1.9972,8.4367,7.3962
2415,241.5000,rep3,2.8865,2.8762,2.4669,2.8933,2.6701,3.5179,1.8453,8.2972,7.6880
2416,241.6000,rep3,3.0448,2.8390,2.0045,3.5095,2.5448,3.2373,2.2192,8.1319,7.6434
2417,241.7000,rep3,2.6344,3.0018,2.1896,2.8947,2.5727,3.1657,1.9560,8.0920,7.6552
2418,241.8000,rep3,2.4617,3.2027,1.8598,2.7211,2.5966,3.2584,2.1197,7.9883,7.7750
2419,241.9000,rep3,3.0689,2.7869,2.2682,2.7434,2.5583,3.4110,2.2329,7.7605,7.8708
2420,242.0000,rep3,2.8010,2.8867,2.4896,3.1563,2.7868,3.1106,1.8942,7.6780,8.1006
2421,242.1000,rep3,2.3831,3.4685,1.8428,3.1161,2.6530,3.2443,2.1338,7.7540,7.8024
2422,242.2000,rep3,2.4744,3.2982,2.0582,2.8349,2.6988,3.3244,1.9768,8.0939,7.3987
2423,242.3000,rep3,2.5982,3.3389,1.7877,2.8839,2.5544,3.4417,2.1025,8.0718,7.1120
2424,242.4000,rep3,2.5316,3.2358,2.1002,2.8746,2.6858,3.2859,2.1052,7.9787,7.3255
2425,242.5000,rep3,3.0506,2.8109,2.2438,2.9332,2.6679,3.4336,1.9184,7.7838,7.5761
2426,242.6000,rep3,2.8129,3.3285,2.0965,3.0851,2.6054,3.2462,1.9124,7.7526,7.5806
2427,242.7000,rep3,2.3393,3.4915,2.0411,2.9498,2.8032,3.0245,2.0289,8.1264,7.3931
2428,242.8000,rep3,2.2748,3.5739,1.9640,3.3431,2.7962,3.3899,2.0781,8.1465,7.5237
2429,242.9000,rep3,2.5836,3.1776,2.4536,2.3978,2.7560,3.1194,1.8613,8.1843,7.4180
2430,243.0000,rep3,3.2950,2.5933,2.8571,3.2641,2.9155,2.9323,1.8710,8.2323,7.5009
2431,243.1000,rep3,2.7780,2.7826,2.9470,2.7800,2.8026,3.0251,2.0145,8.1770,7.3969
2432,243.2000,rep3,2.8453,2.9577,2.3712,2.9513,2.9389,2.8610,2.2363,7.9469,7.2884
2433,243.3000,rep3,2.5404,3.3454,1.9591,3.2961,2.6535,3.0367,2.0404,7.9857,7.4112
2434,243.4000,rep3,2.5880,3.1541,2.3346,3.2553,2.6029,3.0123,2.0165,8.0398,7.4653
2435,243.5000,rep3,3.0378,3.0626,2.3386,2.7024,2.7015,2.9827,1.9135,8.0775,7.7636
2436,243.6000,rep3,2.6529,3.3774,1.7806,3.0462,2.6212,3.0367,2.0636,8.0679,7.8607
2437,243.7000,rep3,2.8543,2.9199,1.9204,2.9307,2.7476,2.7209,1.9281,8.3197,7.9107
2438,243.8000,rep3,3.0732,2.8695,2.0071,2.8887,2.5054,2.8345,2.3451,8.3686,7.9053
2439,243.9000,rep3,2.7650,3.2029,1.9281,3.3908,2.6794,3.0129,2.3151,8.2998,7.8203
2440,244.0000,rep3,2.7584,3.0255,2.5169,3.3964,2.8757,3.1224,2.1306,8.2124,7.6668
2441,244.1000,rep3,2.6805,3.1433,2.5512,2.9874,2.6629,3.2152,2.0251,8.0361,7.5574
2442,244.2000,rep3,2.7888,3.2655,2.0312,3.0957,2.6354,3.2114,1.8778,7.9980,7.7066
2443,244.3000,rep3,2.6480,2.7550,2.2469,3.0986,2.5434,3.4042,1.8726,8.0046,7.6492
2444,244.4000,rep3,2.7066,2.9641,2.0708,3.3439,2.6195,3.1364,2.1016,7.9732,7.3516
2445,244.5000,rep3,2.7359,2.9840,2.0526,3.2759,2.9653,2.9766,2.5147,7.8431,7.0761
2446,244.6000,rep3,2.2978,3.6263,2.3164,3.0447,3.0497,3.3239,3.0560,8.0381,7.0736
2447,244.7000,rep3,2.5631,3.1936,2.1935,2.9223,2.8627,3.0937,2.7081,8.2224,7.3816
2448,244.8000,rep3,2.9163,2.8792,1.9515,3.2400,2.9472,3.0967,2.3935,8.3762,7.7226
2449,244.9000,rep3,2.8531,2.9048,2.1780,3.1000,3.2215,2.9323,2.4220,8.3075,7.4992
2450,245.0000,rep3,2.5658,3.0078,2.4650,3.3245,2.9476,3.1614,1.9403,8.1076,7.3293
2451,245.1000,rep3,3.1547,2.7745,2.6074,3.4923,2.8866,3.2492,2.1070,7.7365,7.2165
2452,245.2000,rep3,2.6123,3.1393,2.3497,2.9050,3.0936,3.3214,2.4569,7.6320,7.3327
2453,245.3000,rep3,2.7194,3.2329,2.1072,3.5615,3.2809,2.8636,1.9422,7.6419,7.3719
2454,245.4000,rep3,2.8749,2.7309,2.5312,3.2704,2.9132,3.1831,1.9509,7.8361,7.4259
2455,245.5000,rep3,2.3983,3.3542,1.7863,3.0307,3.2640,2.9896,2.0570,7.9141,7.3681
2456,245.6000,rep3,2.9823,2.8493,2.5302,2.9651,2.8475,2.8917,2.2391,7.9783,7.3541
2457,245.7000,rep3,2.9855,2.7920,2.6884,3.2494,3.0819,3.5018,2.0784,7.9509,7.3235
2458,245.8000,rep3,2.6512,3.0785,2.7306,3.3518,3.0726,3.3561,2.4787,7.9465,7.2031
2459,245.9000,rep3,3.0191,2.9752,2.3722,3.2078,3.0301,3.3040,2.9760,7.7886,7.2565
2460,246.0000,rep3,2.7705,2.9519,2.0607,2.5384,2.8635,3.3380,2.5775,7.9330,7.2893
2461,246.1000,rep3,2.9866,3.0414,1.8558,3.5202,2.9422,3.8851,2.3667,8.0101,7.5838
2462,246.2000,rep3,2.8038,2.9255,2.2835,2.6447,2.7576,3.6307,1.8654,8.1004,7.6485
2463,246.3000,rep3,2.9965,2.9215,2.2318,3.1389,2.6109,2.9855,1.7362,8.1109,7.6025
2464,246.4000,rep3,2.8976,3.0301,1.9068,3.0377,2.5542,3.2246,2.1777,8.1954,7.6651
2465,246.5000,rep3,3.0247,2.7913,2.4027,3.2908,2.5680,2.9411,1.9341,8.2255,7.4900
2466,246.6000,rep3,2.9012,3.0507,2.0869,3.5427,2.7087,2.7610,1.8354,8.3118,7.3570
2467,246.7000,rep3,2.5742,3.0068,2.0424,3.1441,2.5244,3.2214,2.1662,8.1742,7.0928
2468,246.8000,rep3,2.7952,2.8655,2.1749,3.2711,2.8097,3.3313,2.3882,8.1680,7.3756
2469,246.9000,rep3,2.2562,2.9218,2.0490,2.9050,2.6446,2.9627,2.2153,8.3455,7.4693
2470,247.0000,rep3,2.7548,2.9240,2.1556,3.0895,2.7188,2.7679,2.0125,8.3802,7.6370
2471,247.1000,rep3,2.9202,3.0377,1.9348,3.0052,2.7661,3.2757,2.2778,8.3709,7.5416
2472,247.2000,rep3,2.9011,2.6884,2.1868,2.8535,2.6822,3.1258,2.1926,8.4805,7.2334
2473,247.3000,rep3,2.7095,3.3475,1.8078,3.1256,2.6675,2.8206,2.0954,8.2067,7.0321
2474,247.4000,rep3,2.6763,3.2218,2.1010,3.1152,2.5904,2.8449,2.0361,8.1545,7.2162
2475,247.5000,rep3,2.6454,2.8117,1.9695,2.4345,2.6306,2.4374,2.2049,8.1804,7.5958
2476,247.6000,rep3,2.5726,3.3630,1.7984,2.7076,2.5794,3.0512,2.0537,8.3824,7.7607
2477,247.7000,rep3,2.5775,3.1640,1.9748,3.0964,2.9480,3.1181,2.0782,8.6511,7.6380
2478,247.8000,rep3,2.7772,3.3781,1.8472,3.0736,2.6970,2.8781,2.3936,8.6157,7.3296
2479,247.9000,rep3,3.0081,3.1007,2.3281,2.9867,3.2877,2.6095,2.6347,8.3488,7.3131
2480,248.0000,rep3,3.0269,2.9182,2.3197,3.2177,3.4690,3.1152,2.8371,8.2810,7.2468
2481,248.1000,rep3,2.5996,3.3384,2.0821,3.2253,3.1184,2.7940,3.0916,8.1062,7.4395
2482,248.2000,rep3,2.9506,2.6867,1.8755,3.0317,3.2913,3.2871,2.6753,7.8921,7.4731
2483,248.3000,rep3,2.2370,3.6379,2.1627,3.5494,2.7824,3.0522,2.1874,7.8063,7.4804
2484,248.4000,rep3,2.5774,3.5676,1.9381,3.7844,2.6757,2.6037,1.9706,7.9223,7.3737
2485,248.5000,rep3,3.0216,2.6772,2.5151,2.7620,2.6668,3.1809,2.3465,7.9581,7.5302
2486,248.6000,rep3,2.6581,3.0682,2.0092,3.3793,2.5121,3.2088,2.3905,7.7461,7.7433
2487,248.7000,rep3,2.7791,2.9909,1.8338,3.9810,2.7285,3.1619,2.6110,7.5138,7.7207
2488,248.8000,rep3,2.5761,3.0561,2.0034,2.9850,2.6839,2.8402,2.1641,7.5901,7.5565
2489,248.9000,rep3,2.6982,3.2051,1.9734,3.8193,2.5864,2.8207,2.0148,7.7769,7.4264
2490,249.0000,rep3,2.9134,2.9083,2.1165,3.0309,2.5088,2.9823,1.7983,8.1317,7.5227
2491,249.1000,rep3,2.8414,2.8435,1.8965,3.0224,2.6261,3.1307,2.3038,8.3509,7.5827
2492,249.2000,rep3,3.4919,2.3247,2.0134,3.3990,2.5643,3.3118,2.1221,8.5377,7.5281
2493,249.3000,rep3,2.7851,3.1088,1.9698,3.2436,2.5974,3.0196,2.2997,8.6453,7.3132
2494,249.4000,rep3,2.7163,3.0318,2.1563,2.8190,2.5919,2.9502,2.0560,8.5684,7.1988
2495,249.5000,rep3,2.9784,2.5744,2.2941,2.7776,2.7506,3.3823,1.9368,8.4519,7.1058
2496,249.6000,rep3,2.6308,2.9758,2.0720,3.5628,2.5181,3.5277,2.1270,8.3743,7.1155
2497,249.7000,rep3,2.7692,2.9284,1.9837,3.2726,2.5939,3.3555,2.3619,8.2030,7.1239
2498,249.8000,rep3,2.9260,2.7111,1.9763,3.0947,2.5408,3.2918,1.9958,8.0218,7.1928
2499,249.9000,rep3,2.9517,2.9726,2.2151,3.4311,2.6372,3.2951,1.8899,8.1032,7.3323
2500,250.0000,rep3,2.5560,3.1695,1.9829,3.2678,2.5485,3.1187,2.2445,7.8853,7.5671
2501,250.1000,rep3,2.5466,3.0708,2.1107,3.0340,2.4878,3.2818,2.2829,7.6300,7.4743
2502,250.2000,rep3,2.9669,2.7665,2.0719,3.0295,2.6846,2.9776,1.8066,7.6873,7.3360
2503,250.3000,rep3,2.4847,3.0473,1.8035,3.4815,2.6807,3.2136,1.7468,7.9682,7.3224
2504,250.4000,rep3,2.6057,2.9233,2.0818,3.4237,2.5329,3.5458,2.1492,8.2871,7.3543
2505,250.5000,rep3,3.0032,2.9849,2.1008,3.1972,2.6261,3.1760,2.5865,8.4333,7.4376
2506,250.6000,rep3,2.9794,2.6086,2.3407,3.2729,2.6354,3.3708,2.5615,8.5174,7.6323
2507,250.7000,rep3,2.7416,3.2086,2.0071,3.4659,2.5330,3.4731,2.9821,8.3276,7.8063
2508,250.8000,rep3,2.0769,3.6057,2.0857,3.5866,2.5693,2.9533,1.7509,7.9760,7.9694
2509,250.9000,rep3,2.7872,2.6310,2.1866,3.0537,2.5781,3.0472,2.0518,7.8766,7.8209
2510,251.0000,rep3,2.7802,2.7894,1.9777,3.2990,2.5181,2.8592,1.9830,8.0148,7.6070
2511,251.1000,rep3,3.3400,2.8284,2.5542,3.3620,2.6066,3.0166,2.1097,8.1822,7.5268
2512,251.2000,rep3,2.9163,2.8292,2.3870,2.8038,2.6383,2.7178,1.9257,8.4217,7.4660
2513,251.3000,rep3,2.8523,3.0634,1.9007,3.2456,2.5873,2.5125,1.8245,8.5263,7.4752
2514,251.4000,rep3,2.9850,3.0871,2.0964,3.1270,2.6279,2.5316,2.1363,8.6530,7.5499
2515,251.5000,rep3,2.6367,3.0107,1.9728,3.3380,2.7389,2.7772,1.9809,8.6822,7.3944
2516,251.6000,rep3,2.7724,2.9748,1.9054,2.9865,2.6468,2.8263,2.3576,8.8729,7.4587
2517,251.7000,rep3,2.6709,3.1603,1.9732,3.3493,2.5174,2.3010,1.9070,8.7927,7.5065
2518,251.8000,rep3,3.3869,2.5609,2.0997,3.2179,2.6179,2.9823,2.2846,8.4286,7.7195
2519,251.9000,rep3,2.7173,3.2843,1.9096,2.9774,2.5400,2.9388,2.4197,8.2714,7.8309
2520,252.0000,rep3,3.0090,3.1389,2.2039,3.5995,2.5657,2.9612,2.2230,8.0748,7.8326
2521,252.1000,rep3,2.9650,2.9965,1.7978,3.0533,2.5762,3.0855,2.1400,7.9010,8.0292
2522,252.2000,rep3,2.7857,2.9713,2.1402,2.8300,2.6219,2.7816,1.9579,7.9037,7.9905
2523,252.3000,rep3,3.1536,2.8027,2.0893,3.3409,2.8087,3.8098,2.5802,8.0206,7.9376
2524,252.4000,rep3,3.0117,2.8422,2.2361,3.1056,2.7042,3.8111,2.4669,8.0199,7.8159
2525,252.5000,rep3,2.4839,3.4149,1.8740,3.2729,2.5993,3.5574,2.1216,8.0057,7.5569
2526,252.6000,rep3,2.6943,3.1551,2.2629,3.4910,2.5788,3.7523,3.3655,8.0619,7.4511
2527,252.7000,rep3,2.4460,3.2946,1.9277,2.6885,2.6658,3.8483,4.2806,8.2358,7.2434
2528,252.8000,rep3,2.9166,2.9065,2.1133,2.8505,2.7152,3.6934,3.5841,7.9569,7.1636
2529,252.9000,rep3,2.7004,2.9310,1.8591,2.6979,2.7041,4.0183,3.0991,7.8755,7.2996
2530,253.0000,rep3,2.4446,3.3659,2.0313,3.0192,2.4709,3.5746,3.1955,7.8587,7.4585
2531,253.1000,rep3,2.5534,3.1476,2.1056,3.0468,2.6244,3.0157,2.0065,8.0306,7.6903
2532,253.2000,rep3,2.6031,3.3929,1.8422,3.0648,2.5749,3.6447,2.9304,8.3641,7.7501
2533,253.3000,rep3,2.5893,3.2204,2.2148,2.8939,2.5912,4.1950,3.0438,8.2993,7.8422
2534,253.4000,rep3,2.4277,3.4132,1.9145,2.8870,2.5769,3.6235,2.5099,8.1378,7.9107
2535,253.5000,rep3,2.9732,3.1241,2.1840,3.2060,2.6350,3.4855,2.1969,8.2036,8.1130
2536,253.6000,rep3,2.9304,2.8079,2.1846,2.8306,2.6587,3.9470,2.1527,8.3799,8.1301
2537,253.7000,rep3,2.9336,3.0987,2.1475,3.1225,2.5365,3.4668,1.9419,8.1528,7.9453
2538,253.8000,rep3,2.6060,3.1955,2.0599,2.8304,2.5784,3.0414,2.3765,8.0928,8.0523
2539,253.9000,rep3,2.8027,3.0653,2.0222,3.1047,2.5831,3.4581,2.8148,8.4049,7.8867
2540,254.0000,rep3,3.1078,2.6843,2.1391,3.0702,2.5225,3.3618,2.2432,8.3103,7.7702
2541,254.1000,rep3,2.9462,2.8153,1.8190,2.8348,2.6815,3.5537,2.3645,8.3198,7.6027
2542,254.2000,rep3,3.0102,2.7721,2.1575,3.4081,2.4939,3.4524,2.4314,8.4146,7.3860
2543,254.3000,rep3,2.7574,2.9235,1.9613,3.0106,2.6411,3.2140,2.7870,8.3943,7.2420
2544,254.4000,rep3,2.8855,3.0252,2.4401,3.2912,2.5853,3.6911,2.6585,8.4616,7.4002
2545,254.5000,rep3,2.6259,3.0455,2.3621,2.5586,2.6130,3.3367,1.8094,8.4768,7.6646
2546,254.6000,rep3,2.8140,3.1028,1.9704,2.8005,2.6012,3.0699,2.0167,8.4443,7.8484
2547,254.7000,rep3,3.2280,2.8108,2.1102,3.4583,2.5388,3.1426,1.8960,8.5146,7.6622
2548,254.8000,rep3,2.1323,3.5528,1.9992,2.8442,2.6038,3.2903,1.8789,8.7203,7.5510
2549,254.9000,rep3,2.5634,3.4283,1.8853,3.4002,2.6772,3.5528,2.2392,8.6526,7.3813
2550,255.0000,rep3,2.7743,3.0459,2.2801,3.0959,2.5990,3.5887,2.0485,8.5383,7.6174
2551,255.1000,rep3,2.7047,3.0312,1.8420,3.1780,2.5935,3.5912,2.2014,8.3363,7.7171
2552,255.2000,rep3,3.0534,2.9581,2.0459,3.4516,2.5288,3.2721,2.1261,8.2679,7.9738
2553,255.3000,rep3,2.6937,3.2841,2.3172,2.5966,2.5031,3.3083,2.2308,8.1821,7.9591
2554,255.4000,rep3,2.8255,3.1316,2.1426,2.9058,2.6073,3.4858,2.0192,7.8878,7.7643
2555,255.5000,rep3,2.7052,2.7192,2.4885,2.6890,2.6459,3.7292,2.6609,7.7138,7.6248
2556,255.6000,rep3,2.9784,2.9621,1.8778,2.8292,2.5561,3.4025,2.1412,7.5506,7.6601
2557,255.7000,rep3,3.0273,2.8685,1.9895,2.7063,2.4744,3.0071,2.1144,7.5573,7.5890
2558,255.8000,rep3,2.8252,2.8714,2.0730,3.0647,2.6047,3.5453,1.8857,7.7647,7.3027
2559,255.9000,rep3,2.2899,3.3484,1.9203,2.7299,2.5318,3.3526,1.8049,7.9674,7.2963
2560,256.0000,rep3,3.0291,3.0115,2.2049,3.0806,2.5610,3.8241,1.7905,7.9968,7.3570
2561,256.1000,rep3,2.7081,3.1417,1.8806,3.0970,2.6093,3.7935,1.8621,7.8901,7.5714
2562,256.2000,rep3,2.7056,2.9781,2.9370,2.8021,2.5325,3.9024,2.0964,7.8735,7.7824
2563,256.3000,rep3,2.7418,3.2843,1.9260,3.0800,2.6189,3.7599,1.9221,7.8662,7.7710
2564,256.4000,rep3,3.0799,2.6220,2.7238,2.8901,2.5705,3.2642,1.6863,7.8365,7.6563
2565,256.5000,rep3,2.8879,3.0722,2.3720,3.4039,2.5471,3.8609,2.1680,8.0216,7.6226
2566,256.6000,rep3,2.7524,3.2080,1.8815,3.2156,2.7279,3.3348,1.8976,8.1038,7.4996
2567,256.7000,rep3,2.7340,2.8980,2.4207,2.8208,2.5957,2.9820,1.5830,8.0633,7.4273
2568,256.8000,rep3,2.3084,3.3931,1.8843,3.3623,2.4939,3.4176,1.9974,7.9676,7.2347
2569,256.9000,rep3,2.7481,2.8284,2.1397,2.9769,2.8386,3.3529,1.7877,7.8762,7.2283
2570,257.0000,rep3,2.9260,2.6834,2.4321,3.1953,2.7394,3.5750,1.8519,8.1990,7.2311
2571,257.1000,rep3,2.8334,2.9957,1.9426,3.3668,2.5784,3.1677,1.8035,8.1546,7.4450
2572,257.2000,rep3,2.5513,3.2356,1.8358,3.3327,2.5989,3.2446,1.9943,8.1748,7.3145
2573,257.3000,rep3,2.7136,3.1457,2.2590,3.0411,2.5656,3.1495,2.2052,8.3023,7.1200
2574,257.4000,rep3,2.6673,2.7369,2.8684,2.8455,2.5620,2.7543,1.7438,8.4451,7.2415
2575,257.5000,rep3,2.7761,2.9197,2.5549,3.1558,2.6941,3.3693,1.8864,8.5873,7.4076
2576,257.6000,rep3,2.6451,3.0277,1.9155,3.5582,2.7686,3.5905,2.1828,8.4582,7.4426
2577,257.7000,rep3,2.5661,3.1234,2.1049,3.4421,2.7313,3.3721,1.7560,8.1961,7.4395
2578,257.8000,rep3,2.6660,3.3372,2.0982,3.1184,2.5652,3.5784,1.8603,8.2010,7.5559
2579,257.9000,rep3,3.3500,2.8521,2.1395,3.0061,2.6658,2.9698,1.8820,8.4411,7.7207
2580,258.0000,rep3,2.6970,3.1278,1.9739,3.0685,2.7133,3.1867,1.9876,8.5504,7.7933
2581,258.1000,rep3,3.0726,2.9132,2.5422,2.7008,2.8040,3.6249,1.9521,8.5560,7.7085
2582,258.2000,rep3,3.2604,2.5658,2.2645,3.2043,2.6140,3.5633,2.7465,8.5133,7.6215
2583,258.3000,rep3,2.7703,3.1229,1.9084,3.1013,2.5298,3.2832,2.3633,8.5990,7.6532
2584,258.4000,rep3,2.6315,3.0528,1.9639,2.8577,2.5969,3.2526,2.3916,8.5380,7.6730
2585,258.5000,rep3,2.8182,2.8095,2.0995,2.6468,2.6895,3.2367,1.8411,8.5420,7.4451
2586,258.6000,rep3,2.6982,3.0479,1.8902,2.9573,2.5734,3.4383,1.7608,8.5207,7.2474
2587,258.7000,rep3,2.8136,2.9265,2.0311,2.8481,2.5514,3.6766,2.4447,8.4414,7.0793
2588,258.8000,rep3,2.4163,3.2810,1.8888,3.2895,2.7149,4.0488,2.0072,8.2404,7.1614
2589,258.9000,rep3,3.0993,2.7466,2.2669,3.1834,2.5689,3.3656,1.7895,8.3481,7.3340
2590,259.0000,rep3,2.9549,2.6679,2.4870,2.8210,2.6827,3.5031,1.6501,8.2389,7.1921
2591,259.1000,rep3,2.7359,2.9921,2.1553,3.0396,2.5003,3.4414,2.2481,8.3132,6.9074
2592,259.2000,rep3,2.8607,2.9159,2.1469,3.0163,2.5700,3.6041,2.3104,8.3191,6.9661
2593,259.3000,rep3,1.9556,3.7400,1.6787,2.7805,2.7091,2.8635,1.8259,8.3249,7.3385
2594,259.4000,rep3,2.1232,3.5229,1.9307,2.8732,2.5552,3.5174,1.9207,8.2425,7.5126
2595,259.5000,rep3,2.5972,3.2775,1.8064,2.5512,2.6958,4.1819,2.3701,8.1707,7.4872
2596,259.6000,rep3,2.4903,3.2057,2.1063,2.6966,2.5309,3.5384,1.9444,8.0866,7.4592
2597,259.7000,rep3,2.3503,3.1007,2.4464,2.5410,2.6131,3.4689,2.1182,8.1240,7.6786
2598,259.8000,rep3,2.6109,3.2795,2.1364,2.6066,2.5628,3.2563,2.3653,8.2985,7.7058
2599,259.9000,rep3,2.7425,3.2298,1.9943,3.1124,2.5379,3.5862,1.8016,8.2524,7.6479
2600,260.0000,rep3,2.7963,2.9964,2.1387,3.0297,2.5888,3.4338,1.8332,8.3038,7.3811
2601,260.1000,rep3,2.5513,3.2308,2.0569,2.6809,2.5332,3.5648,1.8934,8.2676,7.2528
2602,260.2000,rep3,2.3500,3.1157,2.1111,3.1737,2.4967,3.3738,2.1509,8.3339,7.5111
2603,260.3000,rep3,3.0369,2.6161,2.3051,2.9240,2.7306,3.2303,1.9499,8.4353,7.7024
2604,260.4000,rep3,3.0940,2.9239,2.5788,2.9374,2.5140,3.4927,1.8892,8.4782,7.6648
2605,260.5000,rep3,2.3148,3.2348,1.8718,3.3120,2.6109,3.5306,1.8742,8.4556,7.5884
2606,260.6000,rep3,2.3381,3.3947,1.8638,3.0440,2.5248,3.4829,1.8709,8.2303,7.4919
2607,260.7000,rep3,2.7751,3.0443,1.9411,2.9030,2.5903,3.6397,2.0518,7.8571,7.3007
2608,260.8000,rep3,2.8412,3.0109,2.1346,3.1751,2.5486,3.3610,1.9555,7.9759,7.3396
2609,260.9000,rep3,2.7732,2.7992,2.2517,3.0141,2.6045,3.6942,1.9005,8.1112,7.6365
2610,261.0000,rep3,2.9478,3.2752,1.8966,3.0716,2.6873,4.0399,1.8365,8.0847,7.6817
2611,261.1000,rep3,2.4192,3.0196,1.9365,2.7399,2.6293,3.4596,1.7804,8.0270,7.6010
2612,261.2000,rep3,3.0132,2.9212,2.1480,3.0624,2.5863,3.6616,1.9638,8.0369,7.5593
2613,261.3000,rep3,2.7234,2.7566,2.1204,3.0480,2.5668,3.8150,1.8551,7.8827,7.7040
2614,261.4000,rep3,2.6554,3.1007,1.9351,3.0817,2.5608,3.5243,1.9346,7.8562,7.8741
2615,261.5000,rep3,2.5887,3.1921,1.8140,3.0575,2.5319,3.6572,1.9220,7.7488,7.9859
2616,261.6000,rep3,3.2918,2.9964,2.1785,3.0986,2.6826,3.3667,1.8818,7.6894,7.8407
2617,261.7000,rep3,2.8006,3.0430,2.4960,3.0596,2.5457,3.6759,1.8199,7.8812,7.7040
2618,261.8000,rep3,2.9054,3.0704,1.9917,3.0446,2.5810,3.3374,1.7667,8.1054,7.6107
2619,261.9000,rep3,2.9172,2.8753,2.1872,3.0035,2.6852,3.5036,1.8333,8.3110,7.6297
2620,262.0000,rep3,2.5665,2.9223,2.1291,2.9247,2.6999,3.9959,1.7649,8.3451,7.5987
2621,262.1000,rep3,2.9473,2.7432,2.2942,3.3641,2.5146,3.5645,2.2133,8.3545,7.4522
2622,262.2000,rep3,2.8435,3.0183,2.1010,2.8512,2.6120,3.3183,2.0436,8.3647,7.5651
2623,262.3000,rep3,3.0386,2.8206,1.9319,3.3127,2.4817,3.5110,2.0058,8.3968,7.5285
2624,262.4000,rep3,3.0249,2.7308,2.3006,2.7481,2.6759,3.2860,1.9244,8.4388,7.4376
2625,262.5000,rep3,2.8072,3.0015,2.0447,3.3216,2.6249,3.6004,2.5089,8.3583,7.4621
2626,262.6000,rep3,3.0182,2.8167,1.9656,3.2618,2.6024,3.4343,1.7122,8.3379,7.5450
2627,262.7000,rep3,3.1134,2.6307,1.8717,3.1783,2.6243,3.5452,1.8904,8.4320,7.4858
2628,262.8000,rep3,3.0241,2.7894,2.0429,3.2389,2.7970,3.4552,2.0907,8.4108,7.5165
2629,262.9000,rep3,2.8670,3.1286,2.2397,3.4397,2.5741,3.6321,1.9171,8.5538,7.6429
2630,263.0000,rep3,3.1884,2.6465,2.2215,2.5816,2.6387,3.4006,2.0401,8.6176,7.5409
2631,263.1000,rep3,3.2753,2.9247,1.7983,3.5110,2.5955,3.3334,1.8359,8.6476,7.2457
2632,263.2000,rep3,2.7226,3.0276,2.2377,3.1219,2.5864,3.3987,2.0981,8.7480,6.9145
2633,263.3000,rep3,3.1429,2.9499,2.0269,3.1836,2.5467,3.4617,2.3674,8.5944,6.8948
2634,263.4000,rep3,3.0751,2.9109,1.9612,3.2498,2.7851,3.1415,2.4242,8.6273,7.0674
2635,263.5000,rep3,3.0858,2.7327,2.2018,3.0716,2.5957,3.5932,2.2959,8.6077,7.1400
2636,263.6000,rep3,3.2218,3.0068,1.9323,3.2428,2.5310,3.1398,1.9368,8.6319,7.2237
2637,263.7000,rep3,3.0549,2.8858,2.0430,2.9383,2.6194,3.2635,2.1361,8.4294,7.3903
2638,263.8000,rep3,2.9338,3.1824,2.2610,3.5307,2.5488,3.6058,2.4843,8.3769,7.4964
2639,263.9000,rep3,3.1897,3.0668,2.4275,2.8905,2.5139,3.3708,2.0809,8.4166,7.5899
2640,264.0000,rep3,2.8753,2.9564,1.7231,2.6479,2.5536,3.6065,2.4396,8.2728,7.7809
2641,264.1000,rep3,2.8202,3.1708,2.0275,2.8234,2.6040,3.5584,2.6103,8.0974,7.9715
2642,264.2000,rep3,2.6602,3.0348,1.8280,3.0606,2.7224,3.8096,2.7381,7.9839,8.0951
2643,264.3000,rep3,2.9391,3.1213,2.0922,2.6876,2.5663,3.2285,2.5949,7.9889,8.0943
2644,264.4000,rep3,2.3244,3.3915,1.7703,2.8624,2.5641,3.2895,2.7225,8.3597,8.1846
2645,264.5000,rep3,2.8339,3.3908,1.8994,2.5095,2.5708,3.9715,2.4006,8.5395,8.1475
2646,264.6000,rep3,3.1057,3.0793,1.8439,3.1357,2.5701,3.6626,2.1047,8.5756,7.7914
2647,264.7000,rep3,3.1173,2.7915,2.3122,2.9126,2.5763,3.4398,2.3947,8.4791,7.4542
2648,264.8000,rep3,3.0054,2.8469,2.2669,3.2974,2.5751,3.4673,2.8580,8.3820,7.4798
2649,264.9000,rep3,2.5461,3.2587,1.9750,3.0698,2.5094,3.7235,2.8020,8.6445,7.3647
2650,265.0000,rep3,2.7811,3.2996,2.1391,3.3556,2.5598,3.4658,3.0509,8.9542,7.3343
2651,265.1000,rep3,2.8031,3.0909,1.9775,3.2261,2.5694,3.7369,2.7766,8.9670,7.3949
2652,265.2000,rep3,3.0360,2.7704,2.6010,2.9905,2.5033,3.8160,2.0112,8.8123,7.3837
2653,265.3000,rep3,2.7647,2.8455,2.2273,3.3682,2.5223,3.8469,2.0644,8.6021,7.2798
2654,265.4000,rep3,2.7116,3.3514,1.9572,3.3766,2.7305,3.7660,2.6396,8.4366,7.3266
2655,265.5000,rep3,2.7381,3.0747,1.9756,3.1393,2.6855,3.5049,2.2625,8.4075,7.3488
2656,265.6000,rep3,2.8115,2.9482,2.4037,3.0015,2.6490,3.1194,1.9517,8.4037,7.4055
2657,265.7000,rep3,2.4014,3.2993,1.8831,3.0681,2.6338,3.0802,2.0466,8.2714,7.4229
2658,265.8000,rep3,2.8517,3.0141,1.9798,3.0952,2.6238,3.2535,2.1805,8.2386,7.4311
2659,265.9000,rep3,2.5133,3.2865,1.8672,3.3198,2.6455,3.3118,2.8043,8.3682,7.4607
2660,266.0000,rep3,2.7578,2.9401,1.8808,3.2969,2.5268,3.7473,2.2350,8.4911,7.5770
2661,266.1000,rep3,3.0591,2.9555,1.9976,3.1117,2.6413,3.8292,2.7415,8.6415,7.7151
2662,266.2000,rep3,2.9094,2.9686,2.1468,3.4078,2.5625,3.6989,2.6213,8.7480,7.7306
2663,266.3000,rep3,2.7731,3.1926,2.0041,3.2010,2.6236,3.5201,3.0646,9.0618,7.6592
2664,266.4000,rep3,2.6590,2.9246,1.9431,2.5157,2.6024,3.6922,2.2586,9.0205,7.6768
2665,266.5000,rep3,2.8827,2.9839,2.5651,3.0534,2.6101,3.4601,2.1232,8.7245,7.6773
2666,266.6000,rep3,2.6131,3.2607,1.8157,3.0271,2.6441,3.8962,2.6310,8.6543,7.5569
2667,266.7000,rep3,3.1020,2.7911,2.2781,2.9286,2.5482,3.5773,3.0510,8.4238,7.3529
2668,266.8000,rep3,2.3798,3.2495,2.0263,3.1073,2.5841,3.7072,3.3335,8.4396,7.1454
2669,266.9000,rep3,2.5139,3.5253,2.0164,2.9289,2.5871,3.2444,2.4726,8.4251,7.0591
2670,267.0000,rep3,2.9399,2.7789,2.3168,3.1388,2.6701,3.2180,1.7917,8.5133,7.1205
2671,267.1000,rep3,2.7269,2.9876,2.1762,3.2172,2.5870,3.6195,2.1634,8.6396,7.2650
2672,267.2000,rep3,2.3927,3.1849,1.9260,3.0056,2.6132,3.5696,1.9456,8.5793,7.3445
2673,267.3000,rep3,2.6641,3.0112,1.9387,2.7664,2.5137,3.3885,1.8936,8.3863,7.2700
2674,267.4000,rep3,2.8671,3.0041,1.9786,2.8786,2.6464,3.2185,2.0183,8.3740,7.2846
2675,267.5000,rep3,2.7301,3.0184,2.1474,3.3725,2.6112,3.1359,1.8883,8.2599,7.3521
2676,267.6000,rep3,2.7330,3.2175,1.8879,2.7681,2.5813,3.1637,1.9830,8.1299,7.4138
2677,267.7000,rep3,2.7761,2.9711,2.0179,3.2987,2.5840,3.4975,2.5860,8.3250,7.2745
2678,267.8000,rep3,2.7720,2.9876,2.0939,3.6176,2.5594,3.3068,2.2358,8.3467,7.2967
2679,267.9000,rep3,2.7128,2.8681,2.0694,3.0955,2.6171,3.1048,1.7567,8.4392,7.0510
2680,268.0000,rep3,2.8311,2.7298,1.9600,3.1284,2.6342,3.0056,1.9732,8.5394,7.0427
2681,268.1000,rep3,2.7837,3.1121,1.8937,2.9914,2.5624,3.5913,2.6419,8.7200,7.2393
2682,268.2000,rep3,2.5994,2.8808,2.5397,3.2344,2.5915,4.0226,2.2475,8.8215,7.2507
2683,268.3000,rep3,3.4980,2.3374,2.3584,3.2061,2.5489,4.0109,2.4989,8.8121,7.4048
2684,268.4000,rep3,2.7953,3.3235,1.7330,2.8416,2.6970,3.1538,1.9518,8.9262,7.3797
2685,268.5000,rep3,2.6023,3.2697,2.1144,3.0050,2.7878,3.5339,2.1167,8.8760,7.2769
2686,268.6000,rep3,2.6708,3.0463,2.1702,2.7730,2.5444,3.2244,2.3864,8.5927,7.0941
2687,268.7000,rep3,2.6425,3.4849,1.9214,3.3823,2.6810,3.0608,2.3392,8.4146,6.9628
2688,268.8000,rep3,2.7400,3.5752,2.0467,2.9974,2.6604,3.3238,1.9049,8.4962,6.9798
2689,268.9000,rep3,2.9828,2.9284,2.1255,3.0091,2.6242,3.7934,2.1458,8.6699,7.0262
2690,269.0000,rep3,3.3516,2.6694,2.2271,3.3830,2.5343,3.7764,1.8288,8.4343,7.0908
2691,269.1000,rep3,2.5405,3.1253,1.7536,3.1265,2.6326,3.5038,2.1957,8.4524,7.1791
2692,269.2000,rep3,2.9107,2.5364,2.1524,3.0283,2.6808,3.6388,1.8696,8.4895,7.4697
2693,269.3000,rep3,3.1484,2.7494,1.8683,3.4222,2.6125,3.9573,2.1318,8.3702,7.5937
2694,269.4000,rep3,3.0922,2.6832,1.9944,3.0724,2.6322,3.5543,2.2649,8.4016,7.6145
2695,269.5000,rep3,2.9853,2.5685,2.1090,3.4105,2.5777,3.3318,1.8705,8.4188,7.5768
2696,269.6000,rep3,2.8225,3.0989,1.9185,3.5317,2.6520,3.2273,1.9362,8.3301,7.4448
2697,269.7000,rep3,2.6096,2.6079,2.2863,3.4358,2.5893,3.0759,2.0239,8.2696,7.4266
2698,269.8000,rep3,2.8700,2.8696,2.4330,3.3819,2.5938,3.4571,2.0528,8.3303,7.4822
2699,269.9000,rep3,2.7223,3.0872,2.1486,3.3042,2.6663,3.8157,1.7874,8.3139,7.6306
2700,270.0000,rep3,2.8209,2.8588,2.3392,2.9091,2.6300,4.0122,1.8390,8.3915,7.5549
2701,270.1000,rep3,2.3094,3.5316,1.9269,3.1220,2.5990,3.7646,1.6994,8.3199,7.4205
2702,270.2000,rep3,2.6509,3.1576,2.1180,3.0992,2.5783,3.6499,1.8663,8.2633,7.3423
2703,270.3000,rep3,2.6594,2.8996,1.9463,2.9871,2.6940,3.2304,1.6257,8.2358,7.4343
2704,270.4000,rep3,2.9038,2.9619,2.1093,3.1845,2.4629,2.9733,1.9508,8.3797,7.5030
2705,270.5000,rep3,2.9381,2.5827,2.1959,2.7841,2.5924,3.3904,2.0801,8.3594,7.4823
2706,270.6000,rep3,2.6324,3.0798,1.8799,3.1303,2.6592,3.2686,1.8524,8.2279,7.4852
2707,270.7000,rep3,2.7232,3.0770,2.0043,3.0167,2.5927,3.0257,2.0315,8.1875,7.3883
2708,270.8000,rep3,2.6243,3.1370,1.8108,3.0168,2.7606,3.3395,1.9708,8.0744,7.4949
2709,270.9000,rep3,2.4473,3.3933,1.9111,2.9066,2.6007,3.4182,1.8467,8.0569,7.2035
2710,271.0000,rep3,2.7395,2.7501,2.3871,2.8841,2.5348,3.3061,1.8546,8.2568,7.2489
2711,271.1000,rep3,2.7429,3.0549,1.8465,3.2275,2.6465,3.5427,2.9368,8.5867,7.3920
2712,271.2000,rep3,2.8151,2.8291,2.3081,3.0138,2.5378,3.6697,2.9225,8.5034,7.4699
2713,271.3000,rep3,2.7370,2.9162,1.8131,3.2096,2.5839,3.4901,2.7540,8.5808,7.6629
2714,271.4000,rep3,3.3015,2.3059,2.3665,2.9509,2.5730,3.0993,1.7939,8.4944,7.6723
2715,271.5000,rep3,2.8983,2.6847,1.9997,3.0518,2.5811,3.4165,2.0343,8.6553,7.8538
2716,271.6000,rep3,2.7828,3.0567,2.0192,2.8477,2.6918,3.4950,2.2643,9.0061,7.9022
2717,271.7000,rep3,2.9243,2.7655,2.0441,3.0720,2.5037,3.5667,2.4279,8.9918,7.9201
2718,271.8000,rep3,2.8697,2.7806,2.1655,3.2324,2.6776,3.1136,1.8548,9.0217,7.7525
2719,271.9000,rep3,2.5989,3.1753,2.3448,3.1426,2.6379,3.0317,2.2516,9.1170,7.4643
2720,272.0000,rep3,2.8402,2.7408,1.8755,3.1023,2.6007,3.7821,2.7608,9.1219,7.3430
2721,272.1000,rep3,3.1628,2.9387,1.9508,3.0749,2.6954,3.6298,2.7885,9.0056,7.2975
2722,272.2000,rep3,2.8821,2.7772,1.8277,3.3905,2.6865,3.2824,2.1773,8.9776,7.1426
2723,272.3000,rep3,2.8325,3.0947,2.4490,2.7065,2.7380,3.2175,2.2064,9.1681,7.0742
2724,272.4000,rep3,2.6393,3.2937,1.7939,3.2408,2.5944,3.4862,2.2691,9.4198,7.2065
2725,272.5000,rep3,2.8025,2.9279,2.1231,2.9565,2.6554,3.2532,2.0347,9.4975,7.2117
2726,272.6000,rep3,2.8674,2.9058,1.7533,3.0689,2.5914,3.4179,1.9170,9.3534,7.2444
2727,272.7000,rep3,2.8545,2.8374,2.3554,2.7383,2.6111,3.0550,2.3653,9.1301,7.1326
2728,272.8000,rep3,2.8190,2.8655,2.2908,2.7024,2.6062,3.2090,2.6174,9.1108,7.0724
2729,272.9000,rep3,2.5885,3.1266,1.8699,2.8075,2.9435,3.2023,3.6453,9.1085,7.1650
2730,273.0000,rep3,3.0939,2.8401,1.9096,2.9414,3.0801,3.5966,3.3624,8.9625,7.1874
2731,273.1000,rep3,2.7033,3.2131,2.0237,3.1313,3.3693,3.4139,2.2519,9.0753,7.3395
2732,273.2000,rep3,2.0659,3.7607,2.0703,2.7546,3.1468,3.0675,2.6840,9.1556,7.4385
2733,273.3000,rep3,2.4776,3.3763,2.2239,2.4187,3.2366,2.9378,2.8031,9.3673,7.3651
2734,273.4000,rep3,3.0607,2.7376,2.4313,3.2999,3.2497,2.9939,2.0593,9.5130,7.3504
2735,273.5000,rep3,2.9030,2.9744,1.9152,3.0621,2.8411,2.4409,2.2087,9.3386,7.1743
2736,273.6000,rep3,2.8192,3.0026,2.1609,2.9509,3.1945,2.5558,2.3315,9.1517,7.1707
2737,273.7000,rep3,2.7911,3.1193,2.1876,3.2876,3.2204,3.1008,2.1686,8.9742,7.1340
2738,273.8000,rep3,2.8890,2.7437,2.1880,3.0372,3.0193,2.9603,2.3157,8.9514,6.9153
2739,273.9000,rep3,2.9619,2.9437,1.8790,3.6077,3.3251,3.1101,1.9008,9.2108,6.8072
2740,274.0000,rep3,2.8643,3.0023,2.1377,2.8393,3.1430,3.3620,2.8095,9.2990,6.7937
2741,274.1000,rep3,2.9192,2.8576,1.9896,3.1253,2.9104,3.4617,3.6034,9.4247,7.0273
2742,274.2000,rep3,3.2320,2.4965,2.1061,3.4165,3.0223,3.4059,2.6926,9.4913,7.1954
2743,274.3000,rep3,2.9458,2.9103,2.0176,3.0349,3.2807,3.3671,2.8913,9.6564,7.2408
2744,274.4000,rep3,3.1601,2.9085,2.2998,2.9036,3.1669,3.2983,2.8142,9.6002,7.3476
2745,274.5000,rep3,2.7978,3.1310,1.9401,3.3361,2.8720,2.9201,2.5943,9.1274,7.3523
2746,274.6000,rep3,2.9671,2.8998,2.0827,2.8648,2.9134,3.3940,2.8576,8.8323,7.3343
2747,274.7000,rep3,3.0436,3.2691,2.0986,3.5482,3.1303,3.3811,2.7972,8.6179,7.2939
2748,274.8000,rep3,2.8378,2.8072,2.1778,2.8999,3.1487,3.8702,2.5834,8.8081,7.2575
2749,274.9000,rep3,3.0887,2.7882,2.0876,3.4243,3.1557,3.2605,3.3431,9.0873,7.2345
2750,275.0000,rep3,3.1297,2.9892,1.9818,3.3133,3.2698,2.8392,2.5608,8.9485,6.9724
2751,275.1000,rep3,2.8477,2.8865,2.0051,3.5297,2.8409,2.9390,2.1064,8.8831,7.1742
2752,275.2000,rep3,2.5975,3.0186,2.0354,3.1505,2.8977,2.8245,2.3513,8.6866,7.3498
2753,275.3000,rep3,2.7024,3.1351,1.9673,3.3702,3.0866,3.0315,2.2516,8.7665,7.2083
2754,275.4000,rep3,3.0761,2.8651,2.1712,2.9938,2.9355,2.7043,1.9432,8.8746,7.0975
2755,275.5000,rep3,3.1125,2.9695,2.0613,3.0535,2.9598,2.8844,2.5550,8.8077,7.1370
2756,275.6000,rep3,2.9349,2.8695,2.3589,2.9257,3.3321,3.4456,3.2726,8.8319,7.2598
2757,275.7000,rep3,2.9856,2.8333,2.0279,3.0965,3.1952,3.5994,3.0028,8.8689,7.2301
2758,275.8000,rep3,2.9465,2.9164,2.2459,3.2012,3.4006,3.2595,3.1838,8.8874,7.1863
2759,275.9000,rep3,2.6984,3.0956,2.3688,2.7392,3.3728,3.3975,2.8276,9.0602,7.4259
2760,276.0000,rep3,2.8624,2.9740,2.2624,2.7628,3.1950,3.5798,3.2487,9.1492,7.5009
2761,276.1000,rep3,2.8073,3.1132,1.9337,3.1918,3.3418,3.3334,2.6096,9.0062,7.6903
2762,276.2000,rep3,3.3403,2.4934,2.0150,2.9476,3.1123,2.9535,2.2810,8.9800,7.8757
2763,276.3000,rep3,3.2713,2.7101,2.0338,3.2073,2.9845,3.2545,2.7579,8.8932,7.7340
2764,276.4000,rep3,2.6571,3.0090,2.3176,2.6924,3.1479,3.6640,3.7054,8.8133,7.6362
2765,276.5000,rep3,2.7356,2.7206,2.0698,2.9473,3.3573,3.2793,2.8267,8.7910,7.5090
2766,276.6000,rep3,3.2035,2.7948,2.1613,2.9929,2.9480,2.9456,2.1123,8.6090,7.5800
2767,276.7000,rep3,3.1809,2.7774,1.9731,2.9293,2.7182,2.9464,2.1499,8.4744,7.6001
2768,276.8000,rep3,2.9889,2.8385,1.9553,3.3008,2.7688,3.1337,2.8058,8.5585,7.5333
2769,276.9000,rep3,2.7183,2.9512,2.1691,2.5469,2.4873,3.4738,2.4406,8.7200,7.6549
2770,277.0000,rep3,2.9284,3.1651,1.9531,2.8082,2.6733,3.2376,2.5462,8.7403,7.3412
2771,277.1000,rep3,2.8844,2.6538,2.1866,2.7789,2.5470,3.0414,1.9954,8.8245,7.2119
2772,277.2000,rep3,2.7756,3.1015,1.7501,2.8764,2.6585,2.9519,2.1614,8.7097,7.0358
2773,277.3000,rep3,2.7215,3.0770,2.2155,2.7322,2.6423,3.2422,1.7616,8.5337,7.1059
2774,277.4000,rep3,2.7013,2.9070,2.0921,2.9368,2.6521,3.1599,1.9532,8.5697,7.2043
2775,277.5000,rep3,2.6818,3.0005,2.3677,3.0123,2.6275,3.2034,2.3159,8.8477,7.5030
2776,277.6000,rep3,3.2155,2.7964,2.0648,3.3177,2.5818,3.3721,2.6338,8.8380,7.8492
2777,277.7000,rep3,2.8737,2.7542,1.9632,3.3518,2.5840,3.3916,2.9407,8.8926,8.1599
2778,277.8000,rep3,2.7775,2.9413,2.2508,3.1263,2.6100,3.2371,2.2816,8.9420,8.2241
2779,277.9000,rep3,2.8723,3.2166,2.0959,3.6380,2.5060,3.5950,1.9228,8.8698,8.1015
2780,278.0000,rep3,2.6306,3.3250,1.9740,2.8323,2.5535,3.2741,1.9845,8.9601,7.8697
2781,278.1000,rep3,3.2732,2.5681,2.3058,3.3177,2.5904,3.5128,2.0518,9.0778,7.6125
2782,278.2000,rep3,2.9430,3.1093,1.8997,3.3461,2.6293,3.4903,2.0455,9.0134,7.4635
2783,278.3000,rep3,3.2023,2.5083,2.3247,3.0013,2.6398,3.4996,1.9716,8.7711,7.3869
2784,278.4000,rep3,3.1812,2.9757,1.7339,3.6450,2.6173,3.0058,1.6224,8.7102,7.3990
2785,278.5000,rep3,2.8036,2.8599,2.3971,2.7643,2.5276,3.5156,2.3122,8.7294,7.3554
2786,278.6000,rep3,3.0417,3.0862,2.1088,3.0641,2.6904,2.9123,2.4327,8.3716,7.4822
2787,278.7000,rep3,2.5296,3.1675,2.0698,2.7761,2.4849,2.8322,2.0066,8.2699,7.5683
2788,278.8000,rep3,2.7047,3.3723,1.8269,2.9410,2.5046,3.0120,1.9614,8.4435,7.6782
2789,278.9000,rep3,3.0182,2.7390,2.1488,3.1275,2.6776,3.0814,2.4674,8.5381,7.7826
2790,279.0000,rep3,2.7358,3.1335,1.8731,2.9832,2.6541,3.0546,1.9385,8.5920,7.6557
2791,279.1000,rep3,2.8049,2.9100,1.8369,2.9102,2.5586,2.9955,2.2307,8.8449,7.4126
2792,279.2000,rep3,2.9636,2.7683,1.9799,2.8393,2.6597,3.2295,2.3854,9.0589,7.1841
2793,279.3000,rep3,2.6894,3.1516,2.1315,3.0910,2.5396,3.1856,2.0760,9.0625,7.1575
2794,279.4000,rep3,3.0351,2.6811,2.1477,2.8689,2.7525,3.1191,2.2283,8.8281,7.2110
2795,279.5000,rep3,3.0116,2.7623,1.9740,3.2553,2.5262,3.1773,2.2953,8.8506,7.0459
2796,279.6000,rep3,2.6028,3.1217,1.9664,3.0948,2.6202,3.1369,2.2212,8.9757,6.9794
2797,279.7000,rep3,2.9867,2.9433,1.9707,2.9753,2.6713,3.0955,2.5903,8.9076,6.8403
2798,279.8000,rep3,3.0377,3.1837,1.8229,2.9689,2.7853,2.8663,2.0143,8.7549,6.7427
2799,279.9000,rep3,2.5677,3.5336,2.0611,3.4709,2.8656,2.9203,2.1775,8.7249,6.7269
2800,280.0000,rep3,2.8243,3.0719,1.8755,3.3694,3.0933,3.4231,2.8423,8.7741,7.0820
2801,280.1000,rep3,3.0974,2.8934,2.4522,2.8050,2.9491,3.8823,2.1962,8.8170,7.3094
2802,280.2000,rep3,3.0892,3.3458,2.1080,3.0215,2.7720,3.6371,2.1933,8.7873,7.5354
2803,280.3000,rep3,3.3104,2.7087,2.4878,3.0671,2.9011,3.5003,2.3362,8.7084,7.7928
2804,280.4000,rep3,3.0014,2.5779,2.3078,3.1962,2.5395,3.6010,2.5387,8.8652,7.9171
2805,280.5000,rep3,3.0402,2.7747,2.0714,3.1178,2.6939,3.5907,1.9892,8.9898,7.8898
2806,280.6000,rep3,2.8334,2.7521,2.2851,3.6990,2.8703,3.2484,2.1601,8.8881,7.8394
2807,280.7000,rep3,2.8651,3.0145,2.1845,3.6518,2.5616,3.1011,2.0964,8.6491,7.6442
2808,280.8000,rep3,3.3259,2.6783,2.0632,3.1200,2.6979,3.2359,2.2313,8.7121,7.4932
2809,280.9000,rep3,3.2671,2.8156,2.1412,2.8751,2.6423,3.5078,2.8902,8.7560,7.1412
2810,281.0000,rep3,2.9391,3.1824,1.9120,2.9505,2.7974,3.6410,2.4438,8.8443,6.9238
2811,281.1000,rep3,3.0524,2.6789,2.2370,2.9280,2.6702,3.0809,2.0927,9.1446,6.9562
2812,281.2000,rep3,2.5681,3.0929,1.9062,2.7935,2.7672,2.9964,2.0316,9.1037,7.2581
2813,281.3000,rep3,3.1890,3.0644,2.0032,2.8242,2.4887,3.1990,2.1010,9.0786,7.4537
2814,281.4000,rep3,2.9458,2.9162,1.7442,3.1255,2.6509,3.1215,2.2336,8.9680,7.6030
2815,281.5000,rep3,2.9803,2.8626,2.0955,3.2362,2.5745,3.4320,2.0783,8.6350,7.6212
2816,281.6000,rep3,2.8472,2.8298,2.3079,3.1850,2.5935,3.1221,2.2071,8.6160,7.6820
2817,281.7000,rep3,3.5921,2.6505,2.4776,3.2420,2.6560,3.1303,2.1939,8.5189,7.4472
2818,281.8000,rep3,2.6206,3.0359,2.3856,2.9630,2.5931,3.1815,2.6830,8.4027,7.5477
2819,281.9000,rep3,3.0228,2.8370,1.9477,3.9220,2.5489,3.6211,2.7300,8.3434,7.5643
2820,282.0000,rep3,2.7987,3.1410,1.8757,3.2413,2.5678,3.6949,2.1781,8.6275,7.3994
2821,282.1000,rep3,2.8961,2.8740,2.5110,3.3470,2.5819,3.3990,2.3325,8.5456,7.3414
2822,282.2000,rep3,2.6460,3.2344,2.1892,3.5091,2.6231,3.4419,2.0171,8.4363,7.2716
2823,282.3000,rep3,2.4772,3.1226,2.0528,2.6716,2.6418,3.4883,2.1341,8.1842,7.0397
2824,282.4000,rep3,2.9857,3.0264,1.9948,3.5423,2.6439,3.4124,2.0542,8.4010,7.2609
2825,282.5000,rep3,2.9728,2.8353,1.8735,3.0329,2.5610,3.1166,2.3997,8.5991,7.3144
2826,282.6000,rep3,2.7915,3.1423,2.1119,2.9686,2.6262,3.4317,2.0709,8.7088,7.3817
2827,282.7000,rep3,2.8825,2.9001,2.1306,3.1511,2.6086,3.6922,2.4376,8.7951,7.3631
2828,282.8000,rep3,2.9041,2.9753,2.1062,3.0324,2.5314,3.5703,3.2601,8.5583,7.2063
2829,282.9000,rep3,2.5773,3.1589,2.0367,3.2502,2.7386,3.8520,2.9459,8.5413,7.1957
2830,283.0000,rep3,3.0035,2.9881,1.7924,2.9485,2.5018,3.5971,2.5567,8.9153,7.0736
2831,283.1000,rep3,3.0622,2.6963,2.1631,3.1488,2.7182,3.3560,2.0502,9.0937,6.8983
2832,283.2000,rep3,3.1212,3.0598,1.8580,2.9747,2.5224,3.2584,2.0094,9.1438,6.9023
2833,283.3000,rep3,2.6601,2.9340,2.0750,3.3132,2.6273,2.9551,2.0768,9.0279,7.0012
2834,283.4000,rep3,2.9102,2.5591,2.1783,3.1923,2.5550,2.7776,1.9923,8.9393,6.9808
2835,283.5000,rep3,2.5740,3.0840,2.2546,2.9719,2.8006,3.1811,2.2311,8.8412,6.8416
2836,283.6000,rep3,2.4762,3.2039,1.8182,2.8769,2.6235,3.0377,2.1277,8.7590,6.7514
2837,283.7000,rep3,2.7818,2.9417,2.1613,2.7512,2.9727,3.2684,1.9076,8.8743,6.9370
2838,283.8000,rep3,2.8437,2.8213,1.9776,2.7987,2.5881,3.4081,2.2262,8.8954,7.3596
2839,283.9000,rep3,2.5510,3.3129,1.7803,3.4345,2.5565,3.3381,3.1858,8.9714,7.5691
2840,284.0000,rep3,2.4169,3.7035,1.8168,3.0435,2.6518,3.5384,2.6912,9.1075,7.4526
2841,284.1000,rep3,2.9138,3.1092,2.0434,3.3123,2.6011,3.1457,2.0917,9.0086,7.2584
2842,284.2000,rep3,2.7058,3.0242,1.9614,3.3209,2.6357,3.2559,2.1737,8.9313,7.3095
2843,284.3000,rep3,2.6277,3.5052,2.0531,3.0896,2.6008,3.4947,2.0967,8.7777,7.3463
2844,284.4000,rep3,2.1568,3.4612,1.8161,2.8814,2.6676,3.2846,2.1676,8.4889,7.3975
2845,284.5000,rep3,2.6367,3.1828,1.9824,3.0302,2.7104,3.4552,1.8428,8.5489,7.4072
2846,284.6000,rep3,2.5689,3.3316,1.8110,3.2852,2.6405,3.2768,2.0366,8.5216,7.2155
2847,284.7000,rep3,2.5678,3.0879,2.4355,3.3996,2.4974,3.6534,2.9350,8.3621,7.2591
2848,284.8000,rep3,2.5403,2.8274,2.1743,2.9400,2.7412,3.4013,2.6512,8.4082,7.4391
2849,284.9000,rep3,2.4699,3.2537,1.9643,2.7204,2.6592,3.0093,1.7134,8.3190,7.4285
2850,285.0000,rep3,2.4916,3.1102,2.1775,2.8396,2.5433,2.9063,1.9684,8.2316,7.4176
2851,285.1000,rep3,2.9021,3.0509,1.9791,3.2794,2.5875,3.4822,2.5175,8.2813,7.4016
2852,285.2000,rep3,2.7401,2.6590,2.1063,2.9132,2.5831,3.4117,3.3019,8.2239,7.5319
2853,285.3000,rep3,2.6592,3.2148,2.1642,2.8991,2.7479,3.3005,2.6871,8.1864,7.4768
2854,285.4000,rep3,2.6070,3.1661,2.1945,2.9868,2.6479,3.6192,2.7878,8.4599,7.4944
2855,285.5000,rep3,2.9164,2.9163,2.0608,3.2999,2.5917,3.4230,1.8881,8.5128,7.5038
2856,285.6000,rep3,2.8438,2.8806,2.0772,3.0628,2.5050,3.1982,1.9390,8.5358,7.1592
2857,285.7000,rep3,2.6466,2.9877,2.1707,3.3195,2.7688,3.5995,2.6977,8.6306,7.2804
2858,285.8000,rep3,2.5523,3.0467,1.8842,3.3565,2.5568,4.1324,2.8703,8.7549,7.5267
2859,285.9000,rep3,2.7988,2.9973,2.0793,3.4194,2.7518,3.8889,2.4092,8.8233,7.6107
2860,286.0000,rep3,2.6633,3.0671,1.9923,3.4763,2.5496,3.8999,2.3669,8.6278,7.4850
2861,286.1000,rep3,2.4697,3.2837,2.1461,2.6876,2.8412,4.0729,2.1039,8.4143,7.5577
2862,286.2000,rep3,2.0788,3.8145,1.8948,2.7715,2.8246,3.7478,2.0755,8.4957,7.5421
2863,286.3000,rep3,2.2121,3.2803,2.0427,2.9946,2.5314,3.5767,2.3199,8.5638,7.4186
2864,286.4000,rep3,2.3909,3.2630,1.8681,2.9558,2.6421,3.5847,2.5648,8.6613,7.5155
2865,286.5000,rep3,2.3598,3.2250,2.0576,2.7148,2.6293,3.2512,2.7834,8.6489,7.5366
2866,286.6000,rep3,2.5458,3.5072,1.9232,3.0768,2.7856,3.6897,2.1715,8.7657,7.4133
2867,286.7000,rep3,3.1019,2.8326,1.8596,3.0373,2.6971,3.6238,1.9713,8.6663,7.4204
2868,286.8000,rep3,2.8249,3.0913,2.0587,3.2741,2.5454,3.2431,1.7824,8.6479,7.3694
2869,286.9000,rep3,2.9587,2.9749,2.0243,2.9840,2.6605,3.6447,1.9960,8.6300,7.2742
2870,287.0000,rep3,2.7024,2.9492,1.9928,2.6454,2.7007,3.3749,2.2669,8.5411,7.5482
2871,287.1000,rep3,2.3191,3.4457,2.0581,2.5287,2.7639,3.9621,2.5126,8.6111,7.6346
2872,287.2000,rep3,2.6567,2.9867,2.1581,2.6174,2.6484,3.6062,2.3852,8.6547,7.6689
2873,287.3000,rep3,2.8797,2.7312,1.9760,2.7724,2.5414,3.2146,1.9650,8.5107,7.5192
2874,287.4000,rep3,2.4796,3.4175,1.9932,3.0887,2.6119,3.2732,2.0898,8.3840,7.6973
2875,287.5000,rep3,2.6955,3.1439,1.8078,3.1058,2.6760,3.7313,1.8887,8.4270,7.7819
2876,287.6000,rep3,3.0780,3.0462,2.2449,3.2401,2.6848,3.9227,1.9052,8.8279,7.8745
2877,287.7000,rep3,2.3271,3.5108,1.8560,2.4580,2.5694,3.5820,1.6419,9.1827,7.9429
2878,287.8000,rep3,2.5341,3.3917,2.1226,3.2028,2.6227,3.8415,1.9895,9.2820,7.9456
2879,287.9000,rep3,3.0873,2.8440,1.9295,3.4797,2.6750,4.4832,1.9849,9.1186,7.6305
2880,288.0000,rep3,2.6887,3.1321,2.0701,2.8178,2.5794,4.0320,1.9676,9.0029,7.6605
2881,288.1000,rep3,2.5910,3.2500,2.1127,3.0928,2.7315,3.8069,2.1164,8.7056,7.9330
2882,288.2000,rep3,2.6550,2.9213,2.0587,3.6541,2.5500,3.4977,1.9965,8.5639,7.9152
2883,288.3000,rep3,2.5659,3.1492,1.9124,2.9180,2.7034,3.5756,2.2515,8.4854,7.8345
2884,288.4000,rep3,2.9769,3.0853,2.0357,3.0374,2.5150,3.7449,2.1527,8.4896,7.7998
2885,288.5000,rep3,2.8299,2.8255,2.5051,3.5923,2.6788,3.6187,1.9020,8.6052,7.6639
2886,288.6000,rep3,2.7568,3.1874,2.1197,3.1693,2.5300,3.9184,1.9054,8.8870,7.5415
2887,288.7000,rep3,3.1416,2.6888,2.1739,3.0407,2.4825,3.5148,1.7871,8.8629,7.3226
2888,288.8000,rep3,3.3006,2.8717,2.1178,3.1381,2.5631,3.2485,1.7605,8.7922,7.3415
2889,288.9000,rep3,2.9529,3.1270,2.2802,3.4887,2.6245,3.4977,2.3204,8.7203,7.3914
2890,289.0000,rep3,2.6652,2.9634,2.5676,3.2173,2.6623,3.3649,2.1032,8.4599,7.3727
2891,289.1000,rep3,2.7785,3.1071,1.7275,2.6466,2.7916,3.1926,1.9466,8.5788,7.4311
2892,289.2000,rep3,3.0562,2.9831,1.9358,3.5603,2.6718,3.4122,1.8675,8.6136,7.5717
2893,289.3000,rep3,2.3797,3.2369,2.0444,2.9264,2.5757,3.9905,1.8556,8.5070,7.6762
2894,289.4000,rep3,3.0860,2.8686,2.2434,3.0780,2.6348,3.8715,1.9853,8.4121,7.6097
2895,289.5000,rep3,2.5268,3.2762,1.9479,2.6183,2.5337,3.7941,1.8994,8.2825,7.5543
2896,289.6000,rep3,2.2273,3.4758,2.0478,2.9904,2.6317,3.9578,1.8591,8.5568,7.6753
2897,289.7000,rep3,2.6971,3.3125,1.8022,2.8521,2.5482,3.5148,2.1581,8.9138,8.0781
2898,289.8000,rep3,2.9400,2.5278,2.2256,2.8557,2.5797,3.4429,1.7497,9.3836,8.2950
2899,289.9000,rep3,2.7206,3.5464,1.8600,3.3813,2.6307,3.6973,2.2086,9.3497,8.3340
2900,290.0000,rep3,2.8472,3.2444,2.2397,3.0890,2.8371,3.8067,1.9688,9.3224,8.1313
2901,290.1000,rep3,2.8463,3.1895,2.3520,3.1342,2.7369,3.6264,1.8072,9.1816,7.7901
2902,290.2000,rep3,3.0886,2.9346,2.4865,3.4612,2.6749,3.8055,1.9813,9.1036,7.6134
2903,290.3000,rep3,2.7894,2.6800,2.6136,3.1786,2.5834,3.8644,2.0715,9.1218,7.4162
2904,290.4000,rep3,2.5550,3.4343,2.0007,3.0024,2.5835,3.5963,1.9745,9.0519,7.3667
2905,290.5000,rep3,2.4338,3.3733,1.9008,2.4348,2.6140,3.4775,2.3308,8.8946,7.2453
2906,290.6000,rep3,2.7500,2.8722,1.9531,2.7548,2.6920,3.9641,2.4469,8.5760,7.1659
2907,290.7000,rep3,2.4690,3.3490,2.0022,2.8243,2.6476,3.6405,2.2678,8.3096,7.2775
2908,290.8000,rep3,2.6685,2.8969,2.1711,3.1542,2.5221,3.7635,1.8602,8.2802,7.3854
2909,290.9000,rep3,2.8722,3.0394,2.0200,2.6293,2.6557,3.7907,1.8875,8.2371,7.4087
2910,291.0000,rep3,2.5537,3.3123,1.8464,2.8295,2.6507,3.9127,1.9404,7.9903,7.4257
2911,291.1000,rep3,2.5826,3.0626,2.3822,3.0122,2.6635,3.8374,1.8883,8.0381,7.5794
2912,291.2000,rep3,2.5545,3.2794,1.8454,2.9676,2.6197,3.7143,1.8630,8.0564,7.7975
2913,291.3000,rep3,3.2266,2.9827,1.9862,2.9262,2.5014,3.7278,1.9208,8.1959,7.6299
2914,291.4000,rep3,2.6899,2.9675,1.9525,2.8664,2.5994,3.4599,1.6797,8.2708,7.4154
2915,291.5000,rep3,2.4012,3.5056,2.2849,2.6107,2.5783,3.7142,1.7984,8.3733,7.3292
2916,291.6000,rep3,2.5092,3.1895,1.9524,2.7690,2.6092,3.9655,1.8842,8.3784,7.6139
2917,291.7000,rep3,2.4596,3.1165,2.2257,2.4460,2.6154,3.7227,1.7429,8.4715,7.8279
2918,291.8000,rep3,2.7228,3.0879,1.8935,2.8628,2.5547,3.8404,1.6903,8.6662,7.7258
2919,291.9000,rep3,2.4242,3.2204,2.0913,2.6649,2.5890,3.8163,1.8831,8.9554,7.7703
2920,292.0000,rep3,2.6234,3.2716,2.1338,3.0241,2.5994,3.5569,2.0734,8.9601,7.7428
2921,292.1000,rep3,2.4029,3.3695,2.1438,3.0440,2.5733,3.7196,1.9145,8.7556,7.6869
2922,292.2000,rep3,2.6493,3.0864,2.1720,2.5183,2.5831,3.6536,1.9764,8.7514,7.6565
2923,292.3000,rep3,3.0274,2.9871,2.0123,3.3058,2.6509,3.7116,1.8718,8.6932,7.6386
2924,292.4000,rep3,2.7875,3.2034,1.9209,2.9558,2.5908,3.7259,1.8582,8.7216,7.4909
2925,292.5000,rep3,2.5924,2.9608,2.0405,2.7950,2.5282,3.7251,2.7226,8.7908,7.4846
2926,292.6000,rep3,2.6194,3.2759,1.9339,3.0931,2.5436,3.4328,1.6674,8.6986,7.4065
2927,292.7000,rep3,2.1930,3.3780,1.9202,2.5138,2.5487,3.5687,2.0418,8.5880,7.3849
2928,292.8000,rep3,2.4204,3.4521,2.0804,2.7690,2.5963,3.5412,1.8287,8.6503,7.4728
2929,292.9000,rep3,2.7571,3.0931,2.0842,3.0922,2.5864,3.2443,1.7882,8.7389,7.3656
2930,293.0000,rep3,2.8669,3.0005,2.0658,2.7887,2.5024,3.6123,1.6993,8.8592,7.2431
2931,293.1000,rep3,2.7022,3.1537,1.9563,2.5484,2.4687,4.0243,1.9747,9.0567,7.1477
2932,293.2000,rep3,2.7231,3.0541,2.0038,2.7723,2.5629,3.9902,1.8594,9.2859,7.2256
2933,293.3000,rep3,2.5861,3.1133,2.3119,2.5904,2.5760,3.8321,1.8268,9.4936,7.2924
2934,293.4000,rep3,2.6729,3.0933,1.9286,2.5520,2.5528,3.5820,1.9932,9.6460,7.4301
2935,293.5000,rep3,2.5732,3.0942,1.8087,2.9985,2.7111,3.2854,1.7647,9.6640,7.2671
2936,293.6000,rep3,2.5675,2.9885,2.1860,2.7028,2.5553,3.6687,2.1037,9.6090,7.0270
2937,293.7000,rep3,2.5930,3.3893,1.8449,3.0265,2.7196,3.4707,1.8751,9.3187,6.9526
2938,293.8000,rep3,2.6885,3.1034,1.8465,3.0633,2.5976,3.2826,1.9304,9.0834,7.1517
2939,293.9000,rep3,2.5656,3.0016,2.1825,2.7765,2.7751,3.4700,2.2508,8.9384,7.3725
2940,294.0000,rep3,2.4083,3.2848,1.7447,2.9025,2.5042,3.4231,2.1030,8.8996,7.4391
2941,294.1000,rep3,2.4411,3.3404,2.0887,2.9101,2.7430,3.3033,1.9657,8.8766,7.5077
2942,294.2000,rep3,2.6326,3.1182,1.8776,2.9502,2.5983,3.4171,2.2024,8.6611,7.6933
2943,294.3000,rep3,2.5012,3.1651,2.2789,2.9441,2.5811,3.4531,1.8821,8.8219,7.7630
2944,294.4000,rep3,2.3679,3.1302,2.2383,2.6342,2.6713,3.6938,2.0129,8.7879,7.6750
2945,294.5000,rep3,3.0641,3.0454,2.0931,3.1549,2.5790,4.0912,1.7611,8.9864,7.7251
2946,294.6000,rep3,2.9480,2.9544,2.0535,2.6916,2.5089,4.2147,1.8498,9.1562,7.8468
2947,294.7000,rep3,2.2235,3.6200,1.8370,2.5057,2.8208,4.2653,2.0577,9.1516,7.7478
2948,294.8000,rep3,2.4564,3.4959,2.0705,3.3659,2.5857,4.4603,2.0497,9.2860,7.4838
2949,294.9000,rep3,2.8714,2.9102,2.2740,3.0988,2.5351,4.3076,2.0707,9.5459,7.2812
2950,295.0000,rep3,2.7392,3.1300,2.2915,2.9099,2.5962,4.3290,1.9890,9.8023,7.3653
2951,295.1000,rep3,2.4930,3.2148,2.1710,3.1505,2.6432,4.3238,1.9123,9.8622,7.3576
2952,295.2000,rep3,2.2564,3.5191,1.8416,2.6684,2.5884,4.4456,2.1308,9.6473,7.1954
2953,295.3000,rep3,3.1546,2.9329,1.8854,3.2573,2.5362,4.3947,2.5232,9.3132,7.1304
2954,295.4000,rep3,2.8968,2.6432,2.3016,2.9430,2.5598,3.9490,2.1262,8.8759,7.2011
2955,295.5000,rep3,2.8120,2.9322,2.0920,3.3982,2.4816,4.2606,1.7275,8.7244,7.3631
2956,295.6000,rep3,2.9275,3.0349,1.9151,3.0826,2.7362,4.0389,1.6440,8.5304,7.5979
2957,295.7000,rep3,2.3903,3.3107,1.9952,3.0451,2.5138,3.8728,1.8592,8.4466,7.4649
2958,295.8000,rep3,2.8501,3.1483,2.1468,4.0496,2.8070,3.6609,1.9018,8.3371,7.2065
2959,295.9000,rep3,2.9846,2.7008,2.3860,2.8507,2.6143,3.7804,2.3343,8.4463,7.2635
2960,296.0000,rep3,2.5149,3.2061,2.3382,2.8486,2.5739,3.8911,1.9577,8.4176,7.2328
2961,296.1000,rep3,2.6087,3.6645,1.9153,3.1988,2.7626,3.5035,1.8976,8.5389,7.3349
2962,296.2000,rep3,2.8024,3.1269,2.1908,2.8732,2.5122,2.8477,1.9507,8.4645,7.6406
2963,296.3000,rep3,2.7173,2.9989,2.0890,3.0199,2.5570,3.4196,1.8708,8.3504,7.7437
2964,296.4000,rep3,2.4244,3.5300,1.8864,2.8179,2.3897,3.4410,1.8844,8.3534,7.8125
2965,296.5000,rep3,2.7335,3.1675,2.1737,2.9744,2.5759,3.5123,1.7075,8.0434,7.6417
2966,296.6000,rep3,2.9759,3.2979,2.0040,2.6772,2.6785,3.3980,1.7856,7.9325,7.6756
2967,296.7000,rep3,2.5169,3.2938,1.7909,2.6549,2.4718,3.4731,1.7437,7.6622,7.4770
2968,296.8000,rep3,2.2823,3.3115,2.1489,2.9652,2.5004,3.4911,1.6310,7.7702,7.3695
2969,296.9000,rep3,2.2121,3.8175,2.0169,3.0123,2.6326,3.5878,1.8011,7.9974,7.2732
2970,297.0000,rep3,2.8325,2.9420,2.0755,2.9518,2.4630,3.7853,1.9023,8.1721,7.2889
2971,297.1000,rep3,2.8248,2.9374,2.0987,3.1257,2.5632,3.1935,1.8625,8.4620,7.4283
2972,297.2000,rep3,2.6633,2.8640,2.0779,3.6744,2.5466,3.6460,1.9157,8.4292,7.5013
2973,297.3000,rep3,2.6442,3.2028,1.9519,3.2133,2.5736,3.3805,1.8855,8.2892,7.6660
2974,297.4000,rep3,2.4874,3.2146,2.2932,2.5394,2.6281,3.7338,1.7653,8.3143,7.5709
2975,297.5000,rep3,2.5437,3.1988,1.8616,2.9116,2.4927,3.7921,1.8281,8.3950,7.7037
2976,297.6000,rep3,3.0603,2.8083,2.3368,3.2166,2.6942,3.6617,1.6726,8.2269,7.7066
2977,297.7000,rep3,2.6493,3.1700,2.5628,2.7517,2.5489,3.8065,1.8205,8.1369,7.6334
2978,297.8000,rep3,2.4405,3.1842,2.1675,2.8290,2.5132,4.2558,1.8671,8.0829,7.4631
2979,297.9000,rep3,2.3116,3.2458,2.1904,2.5879,2.6118,3.9112,1.8616,8.1840,7.3440
2980,298.0000,rep3,2.1747,3.3151,1.8086,2.4165,2.5763,3.7578,1.7718,8.2229,7.2755
2981,298.1000,rep3,2.6527,3.2724,2.3044,2.7177,2.6067,3.4848,1.7007,8.1570,7.1943
2982,298.2000,rep3,2.5990,3.0698,2.2098,2.8394,2.5743,4.1128,1.7292,8.0690,7.3022
2983,298.3000,rep3,2.8644,3.1269,2.2053,2.8096,2.5542,3.7820,1.8060,8.1470,7.3754
2984,298.4000,rep3,2.5247,3.0469,2.2996,2.7748,2.5161,3.7047,1.8816,8.3566,7.4568
2985,298.5000,rep3,2.6065,3.2867,2.1110,3.4294,2.5580,3.8693,1.8875,8.4527,7.5293
2986,298.6000,rep3,3.0047,2.7210,1.9428,3.2381,2.6092,3.6595,1.7652,8.3743,7.5870
2987,298.7000,rep3,2.8181,3.1634,1.9002,3.3307,2.5508,3.8668,1.6829,8.2768,7.4229
2988,298.8000,rep3,2.7675,3.0810,2.3219,3.2795,2.5704,3.6454,1.8887,8.4239,7.3175
2989,298.9000,rep3,2.7740,3.0063,2.1135,3.4226,2.5739,3.6519,1.9090,8.7619,7.4339
2990,299.0000,rep3,2.7023,3.2897,2.1652,3.1529,2.5295,4.1380,1.9536,8.7663,7.5838
2991,299.1000,rep3,2.3768,3.3383,2.3641,2.8983,2.5324,3.9215,2.0422,8.6833,7.4509
2992,299.2000,rep3,2.8863,2.8886,2.2671,2.7350,2.5335,3.7541,1.9178,8.8296,7.3821
2993,299.3000,rep3,2.6176,3.1318,2.1206,2.8971,2.6028,3.2579,1.7538,8.8431,7.2124
2994,299.4000,rep3,2.4795,3.3199,2.3773,2.5073,2.6103,3.5107,1.9011,8.8474,7.0603
2995,299.5000,rep3,2.8980,2.9169,1.8740,3.0034,2.6724,3.5692,1.8900,9.0474,7.1893
2996,299.6000,rep3,2.7516,3.1313,2.1375,2.9389,2.6900,3.8492,1.6789,9.0156,7.0918
2997,299.7000,rep3,2.6140,3.3280,2.0380,3.0108,2.5720,3.6948,1.9195,8.9504,7.0476
2998,299.8000,rep3,2.9465,3.1769,2.3469,3.1162,2.5306,3.6022,2.0193,8.9259,7.3070
2999,299.9000,rep3,2.5891,3.3441,1.8645,3.0921,2.5784,3.5815,1.8545,8.9517,7.3553
