frame,time,hb_NH1_HH12_OD1,hb_NH1_HH12_OD1_angle,hb_NH1_HH12_OD1_present,hb_water_OD2,hb_water_OD2_angle,hb_water_OD2_present,hb_HH12_OD2,hb_HH12_OD2_angle,hb_HH12_OD2_present,hb_HH12_ASP16,hb_HH12_ASP16_angle,hb_HH12_ASP16_present,hb_TYR115_OD1,hb_TYR115_OD1_angle,hb_TYR115_OD1_present
0,0.0000,5.9167,72.8404,False,2.5544,162.0275,True,2.5544,45.0653,False,2.7104,161.3340,True,2.6731,156.9878,True
1,0.1000,6.1782,77.2825,False,2.5868,148.9477,False,2.5868,73.6715,False,2.9325,153.3382,True,2.7569,170.2108,True
2,0.2000,5.9411,78.7840,False,2.5630,172.3835,True,2.5630,58.2364,False,2.7888,164.8553,True,3.0153,158.1415,True
3,0.3000,6.2797,78.1617,False,2.6586,146.4099,False,2.6586,69.0626,False,2.8354,148.2247,False,2.8136,163.5990,True
4,0.4000,6.5458,81.9166,False,2.6878,178.6516,True,2.6878,56.4647,False,2.9343,162.0384,True,2.6702,166.0044,True
5,0.5000,6.3949,75.6255,False,2.6715,170.3772,True,2.6715,57.1280,False,2.7728,154.6849,True,2.8456,163.5399,True
6,0.6000,5.8615,75.4719,False,2.6654,170.8032,True,2.6654,60.9237,False,2.8451,168.4997,True,2.8984,178.4314,True
7,0.7000,5.7664,75.4550,False,2.4644,164.8223,True,2.4644,69.6389,False,2.8335,177.4835,True,2.8553,156.7057,True
8,0.8000,5.8998,74.8671,False,2.5933,141.4325,False,2.5933,71.5416,False,2.8650,141.8258,False,2.6851,165.8620,True
9,0.9000,6.3323,79.2571,False,2.7199,176.2971,True,2.7199,64.6109,False,2.8120,165.3363,True,2.6941,159.5802,True
10,1.0000,6.2554,76.5067,False,2.6247,144.5548,False,2.6247,66.4768,False,2.6441,164.6385,True,2.7237,155.8767,True
11,1.1000,6.1497,75.3480,False,2.6189,167.3722,True,2.6189,65.8780,False,2.6857,165.8190,True,2.6330,152.5984,True
12,1.2000,6.2274,75.4828,False,2.5850,165.3087,True,2.5850,62.9361,False,2.6989,160.2997,True,2.7375,170.2882,True
13,1.3000,6.4614,78.4717,False,2.5967,160.2368,True,2.5967,56.3173,False,2.8373,172.3617,True,2.8469,167.0048,True
14,1.4000,6.3129,77.7639,False,2.7651,164.9469,True,2.7651,59.8618,False,2.7726,163.7273,True,2.6636,158.9155,True
15,1.5000,6.3162,76.7981,False,2.6291,170.3384,True,2.6291,64.4539,False,2.6938,170.8302,True,2.9161,166.4425,True
16,1.6000,6.3890,83.2590,False,2.4988,159.7029,True,2.4988,67.0343,False,2.7560,171.4961,True,3.0375,157.0389,True
17,1.7000,6.1231,83.1896,False,2.4339,133.1027,False,2.4339,76.4585,False,2.8443,154.9267,True,2.8356,163.7138,True
18,1.8000,6.2338,78.3831,False,2.6171,157.8776,True,2.6171,63.8388,False,2.9494,170.9851,True,2.5903,153.8300,True
19,1.9000,6.1894,75.4781,False,2.9520,169.3738,True,2.9520,54.8443,False,2.6793,159.8537,True,2.7125,162.0635,True
20,2.0000,5.9402,72.2876,False,2.7305,167.5358,True,2.7305,65.0619,False,2.7138,152.8304,True,2.8758,147.0875,False
21,2.1000,5.8353,72.9619,False,2.6619,158.3986,True,2.6619,64.9473,False,2.8895,176.0718,True,3.0539,165.6996,True
22,2.2000,6.2062,75.1371,False,2.7427,174.9368,True,2.7427,53.3780,False,2.6829,152.4603,True,2.7245,162.6455,True
23,2.3000,6.6665,77.0131,False,2.8494,150.8828,True,2.8494,58.2306,False,2.7190,151.6651,True,2.7277,163.6726,True
24,2.4000,6.5600,77.8793,False,2.6465,172.7010,True,2.6465,57.0093,False,2.7932,163.8016,True,2.7219,161.7403,True
25,2.5000,6.4316,80.6254,False,2.5058,150.1560,True,2.5058,73.6962,False,2.8478,152.5009,True,2.8308,176.9738,True
26,2.6000,6.0698,77.9355,False,2.5836,155.4354,True,2.5836,54.7924,False,2.8017,171.2709,True,2.5532,164.5010,True
27,2.7000,6.3079,86.4633,False,2.6369,147.7321,False,2.6369,77.3385,False,2.6474,154.1671,True,2.7582,155.4951,True
28,2.8000,6.2211,74.9023,False,2.6074,147.4178,False,2.6074,68.3023,False,2.6888,138.0494,False,2.6243,162.0485,True
29,2.9000,6.0511,76.3430,False,2.6209,166.0512,True,2.6209,52.2403,False,2.7745,174.9461,True,2.6591,170.4267,True
30,3.0000,6.1364,78.5466,False,2.7228,166.9874,True,2.7228,67.5204,False,2.8286,146.0583,False,2.8043,156.8142,True
31,3.1000,6.0992,77.9777,False,2.7597,162.6535,True,2.7597,60.9989,False,2.9219,155.2953,True,2.6300,160.1201,True
32,3.2000,6.6340,83.4639,False,2.9146,164.6854,True,2.9146,66.5027,False,2.7084,162.8357,True,2.6559,176.9866,True
33,3.3000,6.8349,80.5852,False,2.6281,151.3748,True,2.6281,65.0473,False,2.6343,157.0315,True,2.6371,159.7323,True
34,3.4000,6.2812,67.2382,False,2.7230,152.7037,True,2.7230,44.4343,False,2.6702,148.7509,False,2.5672,164.8833,True
35,3.5000,6.3382,70.4017,False,2.6994,158.5340,True,2.6994,64.4423,False,2.7571,165.1283,True,2.7063,165.6506,True
36,3.6000,6.2078,60.6872,False,2.5364,157.1106,True,2.5364,44.6660,False,3.1935,137.8305,False,2.7631,167.6489,True
37,3.7000,6.6060,64.9906,False,2.6687,174.3809,True,2.6687,49.7849,False,3.1598,130.8026,False,2.7543,171.7958,True
38,3.8000,6.7459,71.0212,False,2.5352,164.8521,True,2.5352,41.4299,False,2.7017,152.4219,True,2.6588,161.1218,True
39,3.9000,6.7607,70.4087,False,2.6185,149.1187,False,2.6185,39.8936,False,3.0023,128.5347,False,2.6074,167.0541,True
40,4.0000,6.0391,64.0987,False,2.6701,153.8483,True,2.6701,63.5689,False,3.0382,127.6545,False,2.6281,167.7331,True
41,4.1000,6.2008,66.1254,False,2.6420,151.7967,True,2.6420,36.0682,False,2.7609,127.5633,False,2.6596,172.7136,True
42,4.2000,6.5559,84.9924,False,2.7487,117.8888,False,2.7487,81.7696,False,2.9103,145.3642,False,2.7613,172.0849,True
43,4.3000,6.3114,81.3703,False,2.5851,128.1229,False,2.5851,55.2440,False,2.6327,169.6349,True,2.8667,151.4664,True
44,4.4000,5.8933,82.4197,False,2.6149,151.2108,True,2.6149,73.9550,False,2.8973,148.1498,False,2.6585,168.7839,True
45,4.5000,5.6617,70.9376,False,2.6400,150.1319,True,2.6400,58.4013,False,2.8452,156.4606,True,2.7852,169.6261,True
46,4.6000,6.0027,74.6118,False,2.7013,146.6153,False,2.7013,81.5607,False,2.7959,140.6989,False,2.6909,154.2915,True
47,4.7000,5.8233,74.4425,False,2.5550,159.8321,True,2.5550,57.7812,False,2.8935,174.9566,True,2.6410,161.5988,True
48,4.8000,5.8567,71.4878,False,2.7069,163.8110,True,2.7069,71.1207,False,2.7430,141.8082,False,2.6549,169.6267,True
49,4.9000,5.8614,72.4144,False,2.6983,170.2054,True,2.6983,60.0684,False,2.7590,157.2037,True,2.6190,167.2218,True
50,5.0000,5.9672,77.9863,False,2.7243,154.4517,True,2.7243,70.8200,False,2.6657,167.2000,True,2.7536,150.5234,True
51,5.1000,5.6637,73.0508,False,2.6369,167.7675,True,2.6369,63.0429,False,2.8328,170.6668,True,2.6221,162.4453,True
52,5.2000,6.0771,77.7342,False,2.6265,158.9264,True,2.6265,63.6281,False,2.6265,171.3258,True,3.0000,171.7718,True
53,5.3000,6.1945,77.3331,False,2.7063,139.4988,False,2.7063,70.3750,False,2.6487,166.9361,True,2.8837,166.8832,True
54,5.4000,5.7569,71.9411,False,2.6398,155.4990,True,2.6398,70.5612,False,2.8312,162.6277,True,2.6785,167.0835,True
55,5.5000,5.6381,67.9359,False,2.6556,150.9758,True,2.6556,64.6927,False,2.7683,165.9302,True,2.7409,174.9379,True
56,5.6000,5.7648,68.8389,False,2.6805,173.6294,True,2.6805,64.5121,False,2.7239,158.2717,True,3.0313,173.3082,True
57,5.7000,5.4579,68.0733,False,2.5858,135.7704,False,2.5858,79.1576,False,3.0070,156.6927,True,2.6698,155.0613,True
58,5.8000,4.9623,61.0795,False,2.6117,158.0044,True,2.6117,64.4825,False,2.6856,161.4628,True,2.8682,161.2956,True
59,5.9000,5.0201,65.2678,False,2.7361,135.7157,False,2.7361,83.7462,False,2.9803,130.1526,False,2.8508,163.9325,True
60,6.0000,5.6097,68.3772,False,2.6728,169.9561,True,2.6728,56.8626,False,2.6968,161.2658,True,2.6144,167.7106,True
61,6.1000,6.4461,81.3166,False,2.6625,162.7592,True,2.6625,62.5965,False,2.7471,169.3835,True,2.6320,158.3722,True
62,6.2000,6.2848,77.8094,False,2.5772,161.9840,True,2.5772,56.3039,False,2.6201,163.0852,True,2.7157,172.2111,True
63,6.3000,6.3357,77.5821,False,2.6578,158.8343,True,2.6578,68.8861,False,2.6729,156.3685,True,2.6088,178.2289,True
64,6.4000,6.7933,84.8476,False,2.7187,154.3797,True,2.7187,59.8371,False,2.9771,172.5348,True,2.6480,157.3452,True
65,6.5000,6.0289,76.6954,False,2.7390,140.5243,False,2.7390,71.3517,False,2.8171,161.6732,True,2.6510,168.9529,True
66,6.6000,5.2739,70.0393,False,2.4939,123.2041,False,2.4939,82.4245,False,2.8618,140.0053,False,2.8397,168.7947,True
67,6.7000,5.4592,64.7690,False,2.6316,166.4936,True,2.6316,62.4101,False,2.6831,162.0674,True,2.8117,164.7664,True
68,6.8000,5.3685,65.5075,False,2.5304,159.4513,True,2.5304,66.5076,False,2.8311,158.2632,True,2.6831,167.4036,True
69,6.9000,5.5858,70.0783,False,2.5094,141.9738,False,2.5094,73.2004,False,2.9391,152.2618,True,2.7216,167.0580,True
70,7.0000,5.9816,76.6064,False,2.6882,166.5463,True,2.6882,64.4528,False,2.6693,169.3354,True,2.7445,169.0420,True
71,7.1000,6.0829,81.1470,False,2.7002,124.4180,False,2.7002,91.2063,False,2.6487,135.2164,False,2.7907,159.7047,True
72,7.2000,5.9105,77.5933,False,2.4914,121.6071,False,2.4914,69.7042,False,2.8598,174.8995,True,2.6813,159.5822,True
73,7.3000,5.7289,71.0407,False,2.6382,169.7634,True,2.6382,58.9002,False,2.8243,160.1008,True,2.6019,166.3499,True
74,7.4000,5.8133,69.8722,False,2.7126,174.0172,True,2.7126,60.9190,False,2.8233,157.2473,True,2.8764,162.9982,True
75,7.5000,5.6880,70.1802,False,2.6627,157.6286,True,2.6627,62.1916,False,2.9907,163.3349,True,2.6112,156.3197,True
76,7.6000,6.0859,79.4596,False,2.6395,140.2450,False,2.6395,67.4564,False,2.7262,168.3946,True,2.9011,166.4110,True
77,7.7000,6.0907,75.9960,False,2.9094,119.4594,False,2.9094,85.0003,False,2.7563,156.1205,True,2.7545,136.6476,False
78,7.8000,5.5850,74.3204,False,2.6256,124.1680,False,2.6256,77.6973,False,2.8827,161.6847,True,2.7851,147.7462,False
79,7.9000,5.0940,68.4524,False,2.6638,125.6362,False,2.6638,77.2367,False,2.9337,166.8425,True,2.6852,161.2095,True
80,8.0000,5.3495,63.1900,False,2.6868,168.7812,True,2.6868,51.2902,False,2.7047,148.7274,False,2.7455,152.7653,True
81,8.1000,5.8790,74.9892,False,2.8260,131.7031,False,2.8260,91.6805,False,3.0343,148.7564,False,2.9282,166.2728,True
82,8.2000,5.9060,73.9290,False,2.5461,149.3646,False,2.5461,68.7823,False,2.6417,168.0006,True,2.9860,165.5473,True
83,8.3000,5.8176,75.7072,False,2.6104,137.9835,False,2.6104,85.6855,False,3.0080,152.5483,True,2.6659,165.6041,True
84,8.4000,6.1643,72.2425,False,2.7284,158.4252,True,2.7284,67.8931,False,2.7596,174.0446,True,2.8431,159.6152,True
85,8.5000,6.2168,77.6302,False,2.7406,146.4535,False,2.7406,67.9798,False,2.8388,167.2312,True,2.6363,160.8509,True
86,8.6000,6.2390,78.3523,False,2.6438,135.8571,False,2.6438,84.8219,False,2.9643,152.8280,True,2.7354,158.2582,True
87,8.7000,6.2158,77.7485,False,2.6734,157.9654,True,2.6734,54.7832,False,2.7854,165.6715,True,2.5586,166.0879,True
88,8.8000,6.0656,79.9820,False,2.7065,154.0267,True,2.7065,68.3576,False,3.0054,171.3197,True,2.6477,152.9532,True
89,8.9000,6.1177,72.9165,False,2.6677,177.2310,True,2.6677,54.0797,False,2.8838,148.6273,False,2.8263,167.2470,True
90,9.0000,6.0121,73.9478,False,2.9522,163.2360,True,2.9522,71.7108,False,2.7425,170.5675,True,2.5647,169.1491,True
91,9.1000,6.4040,75.8920,False,2.7163,137.2744,False,2.7163,61.3559,False,2.9080,130.5495,False,2.7621,151.0184,True
92,9.2000,5.9931,77.9016,False,2.5349,126.4508,False,2.5349,68.4922,False,2.8499,166.3507,True,2.8163,147.6361,False
93,9.3000,5.7099,67.8221,False,2.6528,160.0851,True,2.6528,50.7293,False,2.7311,148.0378,False,2.7143,152.7751,True
94,9.4000,5.4773,74.2247,False,2.6064,137.5291,False,2.6064,73.2473,False,2.9168,169.1917,True,2.5758,169.3630,True
95,9.5000,6.2196,76.1246,False,2.6266,145.7634,False,2.6266,74.7043,False,2.9219,130.3790,False,3.1257,157.1680,True
96,9.6000,6.4062,74.8724,False,2.6730,145.0010,False,2.6730,70.0968,False,2.7716,119.5505,False,2.8406,164.6914,True
97,9.7000,6.6952,79.4739,False,2.8129,144.2015,False,2.8129,76.5945,False,3.0884,122.2262,False,2.5746,175.3999,True
98,9.8000,6.5925,84.5355,False,2.8174,140.7432,False,2.8174,82.3891,False,2.7892,141.7224,False,2.6967,149.9329,False
99,9.9000,6.3497,77.5385,False,2.5561,163.9632,True,2.5561,49.8264,False,2.7583,159.0041,True,2.6587,171.0512,True
100,10.0000,5.9897,78.0752,False,2.4087,145.2148,False,2.4087,59.0584,False,2.7613,173.1963,True,2.8612,154.6403,True
101,10.1000,6.2103,78.1147,False,2.4662,159.1791,True,2.4662,53.4933,False,2.8088,170.9455,True,2.8010,159.8519,True
102,10.2000,6.4592,76.7634,False,2.6311,139.0165,False,2.6311,69.4823,False,2.9936,153.3568,True,2.8083,168.3128,True
103,10.3000,6.7443,79.8656,False,2.6206,159.6530,True,2.6206,62.4549,False,2.9199,148.9018,False,2.6020,161.0056,True
104,10.4000,6.5349,80.2881,False,2.7559,139.4834,False,2.7559,72.8204,False,2.8028,166.4191,True,2.5561,163.5534,True
105,10.5000,6.2255,76.8730,False,2.7235,165.3721,True,2.7235,65.5618,False,3.0884,164.2786,True,2.7401,164.2886,True
106,10.6000,6.1987,77.3538,False,2.6849,159.9677,True,2.6849,66.6380,False,2.9364,150.4887,True,2.7359,160.5978,True
107,10.7000,6.2073,73.7047,False,2.6591,168.3290,True,2.6591,61.2485,False,2.8537,145.9190,False,2.6508,166.0767,True
108,10.8000,6.0327,68.5899,False,2.6214,170.2997,True,2.6214,53.7210,False,2.9026,140.9104,False,2.6063,157.7632,True
109,10.9000,6.2414,74.3213,False,2.6716,166.4141,True,2.6716,60.3633,False,3.0086,140.8687,False,2.7993,163.8542,True
110,11.0000,6.2100,76.8534,False,2.6664,159.3774,True,2.6664,66.4745,False,2.8628,164.4281,True,2.5668,153.4775,True
111,11.1000,6.5454,73.2998,False,2.7027,152.0855,True,2.7027,56.8171,False,2.8168,133.1265,False,2.7177,159.4216,True
112,11.2000,6.3148,74.2697,False,2.6620,165.4911,True,2.6620,51.4239,False,2.7362,159.5307,True,2.5564,149.7393,False
113,11.3000,6.0911,78.5672,False,2.6814,168.8530,True,2.6814,62.9556,False,2.7519,164.7999,True,2.8675,168.8462,True
114,11.4000,6.6477,79.9680,False,2.8431,148.0522,False,2.8431,63.8444,False,2.8830,158.9794,True,2.6284,152.4087,True
115,11.5000,6.9241,86.5018,False,2.9022,167.9798,True,2.9022,66.1737,False,2.7200,173.4583,True,2.7962,166.4810,True
116,11.6000,6.9174,88.0114,False,2.6945,147.7441,False,2.6945,74.3583,False,2.9027,166.6076,True,2.8221,166.7234,True
117,11.7000,7.0017,88.2170,False,2.8994,150.8185,True,2.8994,74.5269,False,2.8121,175.2657,True,2.5565,151.7081,True
118,11.8000,7.1018,83.7605,False,2.7358,176.3407,True,2.7358,50.4009,False,3.0219,143.5241,False,2.7807,150.9679,True
119,11.9000,6.6545,83.6994,False,2.7363,145.0465,False,2.7363,71.9298,False,2.7417,173.0273,True,2.5993,151.7751,True
120,12.0000,6.7160,84.4758,False,2.8893,163.5272,True,2.8893,60.6810,False,2.7749,158.1407,True,2.6753,162.6812,True
121,12.1000,6.7242,84.0947,False,2.7009,161.6766,True,2.7009,62.0690,False,3.1570,161.2214,True,2.6755,174.5432,True
122,12.2000,6.5357,80.7570,False,2.5962,145.7967,False,2.5962,71.8851,False,2.7684,148.8647,False,2.6616,152.1844,True
123,12.3000,6.1493,77.9733,False,2.6715,155.0711,True,2.6715,73.4550,False,2.7840,160.6086,True,2.6303,146.9605,False
124,12.4000,5.9795,75.8761,False,2.6939,152.7313,True,2.6939,71.0871,False,2.9982,161.2188,True,2.5865,158.8588,True
125,12.5000,5.9234,71.7535,False,2.6470,175.7279,True,2.6470,56.9267,False,2.7327,157.8276,True,2.7038,150.0842,True
126,12.6000,5.7993,75.1341,False,2.6248,135.8053,False,2.6248,77.5256,False,2.9011,164.1035,True,2.6814,151.4224,True
127,12.7000,5.8214,70.9634,False,2.7944,144.1231,False,2.7944,76.1646,False,2.7313,158.1732,True,2.8867,142.1838,False
128,12.8000,5.9941,73.0084,False,2.7199,154.3985,True,2.7199,62.4393,False,2.8760,170.0191,True,2.6614,137.5820,False
129,12.9000,6.2334,75.2472,False,2.7159,135.4740,False,2.7159,61.9712,False,2.9573,162.3090,True,2.5806,161.2443,True
130,13.0000,6.8873,84.9550,False,2.8236,158.9726,True,2.8236,61.0998,False,2.8719,151.4601,True,2.7360,154.3627,True
131,13.1000,6.5925,77.4358,False,2.7636,154.4372,True,2.7636,60.3193,False,3.0010,162.0455,True,2.6125,148.1746,False
132,13.2000,6.3281,76.3931,False,2.9552,149.0869,False,2.9552,71.4981,False,2.8065,170.2918,True,2.7446,177.4144,True
133,13.3000,5.7972,72.3908,False,2.7241,135.6915,False,2.7241,72.8704,False,2.7783,153.2977,True,2.5248,155.2806,True
134,13.4000,6.1986,73.0470,False,2.6727,162.9102,True,2.6727,67.7775,False,3.0003,158.8401,True,2.8557,154.6691,True
135,13.5000,6.2668,74.9818,False,2.7284,153.1981,True,2.7284,61.2240,False,2.7584,161.9924,True,2.8119,165.6965,True
136,13.6000,6.4451,80.2249,False,2.7563,152.5798,True,2.7563,61.7822,False,3.0522,173.0870,True,2.6229,156.0061,True
137,13.7000,6.2511,74.8296,False,2.8143,162.4422,True,2.8143,69.2626,False,2.8814,160.8203,True,2.9857,158.3754,True
138,13.8000,6.1738,72.8795,False,2.7811,160.5086,True,2.7811,68.6367,False,2.6540,151.8268,True,2.8441,149.4416,False
139,13.9000,6.2365,75.5649,False,2.6670,161.8872,True,2.6670,59.7475,False,2.8880,158.2629,True,2.7393,155.3109,True
140,14.0000,6.1973,73.8677,False,2.8542,167.1170,True,2.8542,62.2964,False,2.7927,167.7357,True,2.6836,149.3351,False
141,14.1000,6.5038,77.5909,False,2.7485,167.2353,True,2.7485,63.0602,False,2.7692,162.1658,True,2.6372,152.2575,True
142,14.2000,6.3367,79.8872,False,2.6483,169.9834,True,2.6483,67.6324,False,2.8257,158.4445,True,2.7290,148.7355,False
143,14.3000,6.4508,81.3573,False,2.6827,137.9667,False,2.6827,73.0708,False,3.0308,154.4208,True,2.5902,149.7864,False
144,14.4000,6.7593,79.8532,False,2.8565,162.2483,True,2.8565,63.4676,False,2.8194,156.2012,True,2.6651,150.7263,True
145,14.5000,6.3891,78.3768,False,2.7631,157.9948,True,2.7631,66.3347,False,2.8064,168.8176,True,2.6292,155.1551,True
146,14.6000,6.3090,73.7859,False,2.6344,173.8880,True,2.6344,53.6538,False,2.7894,149.7352,False,2.6556,151.0709,True
147,14.7000,6.5947,79.4998,False,2.6274,164.7718,True,2.6274,55.3674,False,2.9747,161.2379,True,2.8184,174.7888,True
148,14.8000,6.2959,72.8385,False,2.6196,173.6049,True,2.6196,59.9217,False,2.7928,163.5717,True,2.7487,147.0367,False
149,14.9000,6.1462,76.5267,False,2.7558,130.0763,False,2.7558,77.9705,False,2.8086,169.8410,True,2.8993,144.4691,False
150,15.0000,6.0497,79.4791,False,2.5882,100.2948,False,2.5882,89.2981,False,2.9752,161.3333,True,2.7807,136.1171,False
151,15.1000,6.3146,77.0104,False,2.7065,131.4793,False,2.7065,87.1743,False,2.8083,141.5906,False,2.9908,138.7248,False
152,15.2000,6.3799,74.6669,False,2.7994,140.9379,False,2.7994,72.5919,False,2.7365,154.4380,True,2.8528,162.0800,True
153,15.3000,6.2948,75.9282,False,2.7080,170.6268,True,2.7080,57.2986,False,2.8820,155.8780,True,2.6187,126.1106,False
154,15.4000,6.4074,78.1754,False,2.6348,162.9951,True,2.6348,57.3307,False,2.8013,154.0289,True,2.7266,151.4172,True
155,15.5000,6.3123,80.4410,False,2.8834,143.9381,False,2.8834,76.5702,False,3.0639,166.4442,True,2.5897,152.8504,True
156,15.6000,6.1476,76.0548,False,2.8441,169.2153,True,2.8441,66.3864,False,2.7729,170.6696,True,2.8530,154.6297,True
157,15.7000,6.1176,72.6581,False,2.6852,138.8319,False,2.6852,64.7727,False,3.0486,161.3542,True,2.6623,176.3546,True
158,15.8000,6.1069,77.2048,False,2.7515,135.7403,False,2.7515,82.9910,False,2.7090,163.8790,True,2.8778,155.5850,True
159,15.9000,6.2083,73.1753,False,2.5542,172.3108,True,2.5542,54.3689,False,2.8789,140.3167,False,2.6482,168.2254,True
160,16.0000,6.3338,78.8248,False,2.7145,148.8447,False,2.7145,70.2451,False,2.8494,173.0145,True,2.6986,174.8298,True
161,16.1000,6.3437,77.4596,False,2.7098,152.5933,True,2.7098,71.5007,False,2.7056,155.1158,True,2.6789,153.2718,True
162,16.2000,6.4160,77.8649,False,2.6689,137.3534,False,2.6689,76.3563,False,2.8170,156.1962,True,2.7484,162.3443,True
163,16.3000,6.5351,76.5648,False,3.0644,148.1380,False,3.0644,66.3589,False,2.7560,170.1694,True,2.8204,165.1992,True
164,16.4000,6.2784,84.4902,False,2.5099,134.5913,False,2.5099,79.5294,False,3.0305,159.8059,True,2.5968,158.3865,True
165,16.5000,5.9951,68.2818,False,2.5840,144.9037,False,2.5840,62.2151,False,2.6945,159.0338,True,2.6645,165.5034,True
166,16.6000,6.5523,80.1038,False,2.8289,135.7746,False,2.8289,83.8459,False,3.0288,165.1602,True,2.8262,144.8304,False
167,16.7000,6.5810,76.0058,False,2.9221,169.0892,True,2.9221,63.0799,False,2.7400,173.3563,True,2.8105,154.0244,True
168,16.8000,6.1184,72.4901,False,2.5262,160.2410,True,2.5262,60.3797,False,2.7708,163.5125,True,2.6039,153.9939,True
169,16.9000,6.0212,73.0866,False,2.6147,162.1250,True,2.6147,64.0172,False,2.9488,178.9870,True,2.7371,165.7219,True
170,17.0000,6.1957,75.1804,False,2.7056,152.9490,True,2.7056,70.7420,False,2.9341,165.8735,True,2.7675,159.0305,True
171,17.1000,6.0339,71.4568,False,2.9156,161.9724,True,2.9156,66.9530,False,2.7315,171.0894,True,2.9966,164.0874,True
172,17.2000,6.4495,80.6332,False,2.6167,150.8181,True,2.6167,62.4171,False,2.9221,170.5910,True,2.7791,136.3249,False
173,17.3000,6.3152,79.9986,False,2.7489,149.5218,False,2.7489,68.7597,False,2.8485,171.3486,True,2.8072,155.8899,True
174,17.4000,5.9363,73.0947,False,2.6168,174.0930,True,2.6168,59.7475,False,2.7498,154.9836,True,3.0566,163.2348,True
175,17.5000,6.6333,80.3117,False,2.7834,163.3868,True,2.7834,68.3401,False,2.9588,165.4425,True,3.0353,153.6573,True
176,17.6000,6.5616,80.9484,False,2.6974,149.7977,False,2.6974,67.8796,False,2.9556,160.5567,True,2.6852,162.1585,True
177,17.7000,6.5505,81.4327,False,2.4808,159.7883,True,2.4808,63.8131,False,2.9775,155.5143,True,2.7239,166.8478,True
178,17.8000,5.9739,72.6375,False,2.4905,174.0023,True,2.4905,56.1335,False,3.0784,149.8181,False,2.5289,169.2618,True
179,17.9000,6.2314,76.5613,False,2.5667,164.8687,True,2.5667,68.0315,False,2.9465,176.2293,True,2.8180,149.2332,False
180,18.0000,6.0143,71.0093,False,2.6951,167.0733,True,2.6951,67.2117,False,2.9770,146.9880,False,2.4726,160.0044,True
181,18.1000,6.2309,82.0167,False,2.8462,140.7591,False,2.8462,78.9680,False,2.7516,171.8634,True,2.8221,166.6833,True
182,18.2000,6.6745,81.3350,False,2.6728,145.7428,False,2.6728,72.2394,False,3.0150,155.7717,True,2.6874,159.4031,True
183,18.3000,6.4768,78.9784,False,2.6201,174.3227,True,2.6201,60.3652,False,2.9248,174.5210,True,2.6170,169.4731,True
184,18.4000,6.4432,79.1483,False,2.6351,175.5875,True,2.6351,53.2703,False,2.7585,153.6294,True,2.6668,142.0752,False
185,18.5000,6.2078,75.8351,False,2.6782,152.5229,True,2.6782,72.3215,False,2.9489,152.5662,True,2.7220,154.0965,True
186,18.6000,6.2255,76.2701,False,2.7010,148.1933,False,2.7010,64.9000,False,2.8788,152.3227,True,2.6866,170.4734,True
187,18.7000,6.3252,76.2580,False,2.6916,167.7000,True,2.6916,60.4425,False,2.7900,152.7824,True,2.7224,157.9770,True
188,18.8000,6.0231,75.1160,False,2.6187,159.4541,True,2.6187,66.5350,False,2.7715,163.5323,True,2.6502,156.7386,True
189,18.9000,6.1114,71.1567,False,2.7092,152.0548,True,2.7092,66.2193,False,2.7302,143.7301,False,2.9046,157.6329,True
190,19.0000,6.2173,74.0655,False,2.7075,168.1756,True,2.7075,59.8332,False,2.6880,149.1090,False,2.6006,159.1367,True
191,19.1000,6.0887,76.4943,False,2.5093,146.6256,False,2.5093,68.5060,False,2.8511,155.7906,True,2.6557,152.2888,True
192,19.2000,6.1947,76.6645,False,2.4521,137.6636,False,2.4521,67.8030,False,2.7876,160.1620,True,2.6593,151.8644,True
193,19.3000,5.9076,71.2758,False,2.5577,177.0493,True,2.5577,60.3473,False,2.9795,172.6073,True,2.7393,166.9069,True
194,19.4000,5.7108,67.0441,False,2.6532,151.7677,True,2.6532,70.5478,False,2.8971,174.2668,True,2.8424,151.1284,True
195,19.5000,6.1856,68.9195,False,2.6685,174.0922,True,2.6685,54.8265,False,2.6483,145.0179,False,2.6292,162.1039,True
196,19.6000,6.2674,75.5686,False,2.5797,169.9446,True,2.5797,53.5242,False,2.7742,141.3932,False,2.6401,164.8604,True
197,19.7000,6.6005,79.8696,False,2.7515,151.4687,True,2.7515,60.9566,False,2.6545,169.6635,True,2.6402,162.4131,True
198,19.8000,6.8565,83.2686,False,2.7738,169.4696,True,2.7738,63.3070,False,2.8227,154.0897,True,2.7725,148.7859,False
199,19.9000,6.6936,83.2840,False,2.7131,154.4946,True,2.7131,69.5143,False,3.0055,157.5966,True,2.6680,156.0199,True
200,20.0000,6.3785,79.5011,False,2.7239,153.9137,True,2.7239,62.2863,False,2.8054,166.1658,True,2.6036,159.2678,True
201,20.1000,6.2432,72.4842,False,2.7970,163.4377,True,2.7970,66.2358,False,2.7014,147.8956,False,2.8659,159.1945,True
202,20.2000,6.5956,81.2384,False,2.7740,167.5565,True,2.7740,55.5963,False,2.7988,162.4351,True,2.6526,166.3365,True
203,20.3000,6.1950,74.7093,False,2.7277,149.3035,False,2.7277,71.2652,False,2.8252,167.6250,True,2.6439,165.8258,True
204,20.4000,6.6518,79.5904,False,2.5802,148.3192,False,2.5802,71.8023,False,2.9007,157.5502,True,2.7501,163.0249,True
205,20.5000,6.3951,79.2532,False,2.9320,151.4016,True,2.9320,73.2892,False,2.7358,163.8453,True,2.7542,157.7811,True
206,20.6000,6.1914,70.9787,False,2.6682,158.6488,True,2.6682,58.5469,False,2.7739,171.5613,True,2.6456,159.5512,True
207,20.7000,6.4889,82.7224,False,2.5550,150.3467,True,2.5550,71.9745,False,2.8515,162.3141,True,2.9236,166.4502,True
208,20.8000,6.5313,75.9827,False,2.7765,161.0184,True,2.7765,56.5716,False,2.7881,171.4488,True,2.7212,150.8027,True
209,20.9000,6.0736,71.1776,False,2.8130,164.8217,True,2.8130,64.7546,False,2.8579,152.1447,True,2.8107,169.4690,True
210,21.0000,5.6616,68.3109,False,2.6838,156.5394,True,2.6838,66.2842,False,2.8921,168.0417,True,2.8638,165.5971,True
211,21.1000,6.0291,73.6433,False,2.7561,158.7555,True,2.7561,65.1135,False,2.9659,173.1345,True,2.6890,148.5377,False
212,21.2000,6.3615,74.8726,False,2.7759,150.8390,True,2.7759,61.2914,False,2.6971,152.7252,True,2.6909,158.6326,True
213,21.3000,6.3301,81.9112,False,2.5686,140.7946,False,2.5686,88.8591,False,2.8390,153.7446,True,2.9049,158.0668,True
214,21.4000,6.7742,86.1518,False,2.5529,135.7840,False,2.5529,68.6116,False,2.7897,150.9573,True,2.7487,143.3930,False
215,21.5000,6.5900,80.6556,False,2.8187,170.9242,True,2.8187,61.7642,False,2.9297,160.5717,True,2.5505,158.4219,True
216,21.6000,5.8557,71.8406,False,2.6657,155.2414,True,2.6657,73.3295,False,2.8119,155.1348,True,2.9155,159.6549,True
217,21.7000,5.8054,77.7959,False,2.6201,144.3269,False,2.6201,62.8682,False,2.8643,163.6021,True,3.1359,165.5843,True
218,21.8000,6.0965,74.9279,False,2.8379,158.6026,True,2.8379,61.1682,False,2.7457,163.1010,True,2.9973,155.2151,True
219,21.9000,6.1901,76.4078,False,2.7627,162.4080,True,2.7627,66.6333,False,2.7735,161.0807,True,2.7010,160.6848,True
220,22.0000,6.2078,74.2068,False,2.7491,167.7291,True,2.7491,52.3248,False,2.7066,161.9895,True,2.7113,171.1748,True
221,22.1000,6.6348,78.6782,False,2.7273,170.1006,True,2.7273,57.9135,False,2.8710,167.0722,True,2.7287,165.5075,True
222,22.2000,6.6281,82.0271,False,2.8218,132.5252,False,2.8218,85.2454,False,3.0511,158.3370,True,2.6349,164.7100,True
223,22.3000,6.7761,83.0759,False,2.8263,129.3311,False,2.8263,69.9373,False,2.7650,173.3036,True,2.8778,154.5375,True
224,22.4000,6.3011,73.0401,False,2.5775,175.2845,True,2.5775,60.4795,False,2.8768,163.5886,True,2.5838,156.6693,True
225,22.5000,6.1105,64.2680,False,2.7663,161.3050,True,2.7663,53.5678,False,2.8955,145.7376,False,2.6605,163.0562,True
226,22.6000,6.2298,71.7021,False,2.9226,152.6609,True,2.9226,58.7344,False,2.7808,166.8300,True,2.7039,158.5661,True
227,22.7000,6.0211,77.0584,False,2.7931,152.6284,True,2.7931,60.7902,False,3.0740,168.3047,True,2.8805,154.9896,True
228,22.8000,6.2766,69.5732,False,2.8488,173.8667,True,2.8488,58.7129,False,2.6491,158.3997,True,2.7525,161.9668,True
229,22.9000,6.3474,70.5749,False,2.8320,159.7318,True,2.8320,72.1224,False,2.9999,176.1576,True,2.6901,153.3472,True
230,23.0000,5.9494,71.0843,False,2.7833,136.4825,False,2.7833,77.9733,False,2.9403,168.7404,True,2.5869,147.1108,False
231,23.1000,6.2105,73.6889,False,2.6314,144.5152,False,2.6314,68.4098,False,2.7477,175.8686,True,2.9803,163.3376,True
232,23.2000,6.3745,76.8369,False,2.7269,161.8538,True,2.7269,65.4965,False,2.7284,166.6107,True,2.6120,157.8877,True
233,23.3000,6.3187,76.6359,False,2.6231,154.9661,True,2.6231,65.0912,False,2.7624,176.3486,True,2.9162,150.5060,True
234,23.4000,6.6053,76.7836,False,2.7868,166.5985,True,2.7868,55.4064,False,2.8269,156.9392,True,2.6293,162.0496,True
235,23.5000,6.3535,71.0175,False,2.9335,153.7348,True,2.9335,63.2449,False,2.7639,159.1688,True,2.7404,164.8995,True
236,23.6000,6.2450,75.4857,False,2.6149,134.5586,False,2.6149,86.0214,False,2.9511,148.2319,False,2.8500,143.9398,False
237,23.7000,6.3072,77.7797,False,2.5099,129.3602,False,2.5099,80.0991,False,3.0313,166.8911,True,2.9370,148.7734,False
238,23.8000,6.2684,72.8209,False,2.8445,151.3803,True,2.8445,62.7361,False,2.6640,174.1422,True,2.6020,167.9888,True
239,23.9000,6.4269,78.3040,False,2.7668,153.7923,True,2.7668,74.2792,False,3.0753,167.9495,True,2.6767,156.0013,True
240,24.0000,6.4970,75.6294,False,2.9936,146.8037,False,2.9936,70.7795,False,2.9244,166.3771,True,3.0165,158.4420,True
241,24.1000,6.6872,80.9489,False,3.1782,110.0267,False,3.1782,85.7031,False,2.8466,158.6167,True,2.5788,160.4234,True
242,24.2000,6.4884,78.6441,False,2.8167,156.8673,True,2.8167,69.9039,False,2.7860,167.2091,True,2.6385,161.3307,True
243,24.3000,6.7243,78.9386,False,2.7876,154.4168,True,2.7876,67.8910,False,2.8979,171.2307,True,2.8326,160.1898,True
244,24.4000,6.5910,73.1397,False,2.7735,156.1455,True,2.7735,63.1364,False,2.7622,164.4679,True,2.7848,155.8104,True
245,24.5000,6.2696,76.5065,False,2.7015,145.9082,False,2.7015,77.4313,False,2.6602,159.6402,True,3.0156,157.8197,True
246,24.6000,6.4066,77.8728,False,2.6758,151.8766,True,2.6758,62.5513,False,2.7606,170.3876,True,3.0034,152.2294,True
247,24.7000,6.2708,73.4550,False,2.9287,154.2513,True,2.9287,62.8669,False,2.9794,175.5813,True,2.7656,162.2261,True
248,24.8000,5.8818,67.3407,False,2.6833,172.4692,True,2.6833,49.5281,False,2.6480,168.9325,True,2.5766,163.6207,True
249,24.9000,6.4146,76.0781,False,2.9029,163.7941,True,2.9029,52.4962,False,2.8404,175.3535,True,2.7182,163.1667,True
250,25.0000,6.8087,82.5356,False,2.7764,166.7384,True,2.7764,57.0607,False,3.0345,167.0613,True,2.7725,167.4399,True
251,25.1000,6.5142,75.2948,False,2.8248,170.8999,True,2.8248,49.8053,False,2.7131,162.1259,True,2.6831,162.2639,True
252,25.2000,6.0504,81.7502,False,2.5766,124.5168,False,2.5766,77.6018,False,3.1298,148.9975,False,2.7514,158.7401,True
253,25.3000,6.0245,74.4338,False,2.7104,142.6587,False,2.7104,78.6089,False,2.6950,147.1384,False,2.6255,157.2651,True
254,25.4000,6.3225,79.8656,False,2.6689,123.6028,False,2.6689,73.3246,False,2.8258,152.3821,True,2.6068,168.0195,True
255,25.5000,7.0042,87.3177,False,2.7718,165.2819,True,2.7718,49.1403,False,3.0327,157.6803,True,2.5008,158.8739,True
256,25.6000,7.2630,87.4796,False,2.8054,152.4611,True,2.8054,56.9915,False,2.7938,159.6997,True,2.5097,154.6026,True
257,25.7000,7.2526,88.8619,False,2.6645,167.4540,True,2.6645,44.6180,False,2.7620,158.3606,True,2.8140,160.9718,True
258,25.8000,6.7352,82.3509,False,2.6663,145.7683,False,2.6663,44.8514,False,2.8836,174.9372,True,2.5877,156.8851,True
259,25.9000,6.2366,90.7286,False,2.6576,141.1245,False,2.6576,76.3769,False,2.8444,132.9102,False,2.7424,166.4190,True
260,26.0000,6.5735,79.6082,False,2.6645,152.4885,True,2.6645,49.2136,False,2.9848,152.6794,True,2.5876,165.3342,True
261,26.1000,6.4051,84.7131,False,2.8045,168.1214,True,2.8045,59.4061,False,2.7940,150.6941,True,2.6875,139.2566,False
262,26.2000,6.1387,73.2654,False,2.7835,160.2881,True,2.7835,55.3770,False,2.8665,156.7458,True,2.5769,163.3974,True
263,26.3000,6.2504,80.4181,False,2.5735,167.1529,True,2.5735,62.1412,False,2.8557,153.8038,True,2.7167,166.0619,True
264,26.4000,6.1906,78.7100,False,2.6177,169.2093,True,2.6177,54.1710,False,2.7939,166.0157,True,2.6745,150.1484,True
265,26.5000,6.3961,79.1457,False,2.6544,162.8329,True,2.6544,58.6446,False,2.8805,150.4846,True,2.6497,157.2451,True
266,26.6000,6.4357,76.5273,False,2.9436,174.7283,True,2.9436,60.7340,False,2.7291,165.4420,True,2.5244,166.8860,True
267,26.7000,6.5198,81.8951,False,2.6844,156.3791,True,2.6844,70.7519,False,2.8301,164.6847,True,2.8578,150.1829,True
268,26.8000,6.4289,78.8753,False,2.5609,165.5869,True,2.5609,57.1094,False,2.8786,151.8425,True,2.6244,165.8354,True
269,26.9000,6.5035,83.7288,False,2.6234,176.4345,True,2.6234,52.1658,False,2.7758,149.3557,False,2.7118,169.1326,True
270,27.0000,6.5731,78.6403,False,2.7114,161.5926,True,2.7114,49.1939,False,2.9038,171.1313,True,2.8007,159.1716,True
271,27.1000,6.2034,75.2644,False,2.8169,171.9177,True,2.8169,60.9654,False,2.7014,166.8469,True,2.5120,150.3553,True
272,27.2000,5.9642,76.6177,False,2.6668,153.8368,True,2.6668,66.6401,False,2.7453,173.4641,True,2.8293,160.6544,True
273,27.3000,6.0886,75.1379,False,2.8136,174.8683,True,2.8136,49.8271,False,2.8735,149.9729,False,2.6693,152.4114,True
274,27.4000,5.9698,74.6619,False,2.8531,143.5542,False,2.8531,75.6545,False,2.7511,151.4543,True,2.6058,158.1485,True
275,27.5000,6.1511,80.1857,False,2.7224,122.7499,False,2.7224,72.8336,False,3.0926,143.6724,False,2.7248,151.1300,True
276,27.6000,6.4168,79.4805,False,2.7127,173.3059,True,2.7127,64.6912,False,2.6050,170.5630,True,2.8246,155.9104,True
277,27.7000,6.4090,75.0358,False,2.6208,150.8429,True,2.6208,47.7725,False,2.7008,161.1851,True,2.7667,143.4614,False
278,27.8000,6.1635,72.7020,False,2.7539,155.2087,True,2.7539,66.1443,False,2.9449,159.9107,True,2.5903,162.9444,True
279,27.9000,6.5618,77.2452,False,2.9416,168.2647,True,2.9416,56.1742,False,2.7717,174.5635,True,2.6637,152.9402,True
280,28.0000,6.8385,83.7911,False,2.8086,166.4041,True,2.8086,62.4011,False,2.8515,165.4857,True,2.7084,151.9113,True
281,28.1000,6.4683,78.1981,False,2.6584,147.1670,False,2.6584,60.9094,False,2.6827,161.8927,True,2.7293,154.7656,True
282,28.2000,5.9410,72.6020,False,2.6955,175.1664,True,2.6955,53.8229,False,2.8991,159.7932,True,2.6454,162.9436,True
283,28.3000,6.1206,75.3186,False,2.9674,142.3992,False,2.9674,79.2362,False,2.9118,147.3209,False,2.7039,161.6253,True
284,28.4000,6.1724,73.0301,False,2.7170,157.6706,True,2.7170,54.9068,False,2.8023,171.0254,True,2.7472,139.9427,False
285,28.5000,6.4184,79.5729,False,2.6916,135.2376,False,2.6916,62.1640,False,2.7824,163.5397,True,2.5840,151.5153,True
286,28.6000,6.6212,85.5384,False,2.5946,174.4919,True,2.5946,58.1299,False,2.6877,159.2544,True,2.7025,142.3962,False
287,28.7000,6.6486,79.1037,False,2.6988,165.5441,True,2.6988,50.9260,False,2.7208,173.0629,True,2.7003,146.4118,False
288,28.8000,6.0443,74.4807,False,2.6495,159.9947,True,2.6495,70.0093,False,2.9110,150.4129,True,2.4943,151.2338,True
289,28.9000,6.0707,73.8897,False,2.8348,159.6403,True,2.8348,58.1107,False,2.9731,165.8815,True,2.7177,146.9048,False
290,29.0000,6.0470,78.3374,False,2.7177,155.9569,True,2.7177,63.3537,False,2.7369,172.3972,True,2.5875,160.6143,True
291,29.1000,5.9804,78.8150,False,2.5168,124.9046,False,2.5168,75.2473,False,3.1100,158.6934,True,2.6162,147.9139,False
292,29.2000,6.3186,77.9389,False,2.7494,152.6863,True,2.7494,63.8303,False,2.7339,178.2867,True,2.7044,165.1862,True
293,29.3000,6.3240,79.3450,False,2.7380,152.6197,True,2.7380,58.8167,False,2.7972,163.3315,True,2.5910,141.0344,False
294,29.4000,6.4556,77.8307,False,2.7837,158.2721,True,2.7837,50.7852,False,2.8739,168.0360,True,2.5340,168.0310,True
295,29.5000,6.5108,79.8099,False,2.7353,167.4624,True,2.7353,57.9427,False,2.7723,162.9857,True,2.7540,167.9414,True
296,29.6000,6.1648,74.2195,False,2.7306,160.1334,True,2.7306,63.1820,False,2.9068,169.2440,True,2.5498,160.5229,True
297,29.7000,6.0012,71.1358,False,2.9163,160.5904,True,2.9163,73.3406,False,2.8270,161.2901,True,2.6882,164.8252,True
298,29.8000,6.1506,74.2279,False,2.7258,141.4059,False,2.7258,66.0958,False,2.7790,164.6021,True,2.9565,140.7429,False
299,29.9000,6.0840,79.1026,False,2.7964,167.4421,True,2.7964,73.7321,False,2.9228,162.7757,True,2.7172,152.1796,True
300,30.0000,6.1844,69.6698,False,2.7826,156.0419,True,2.7826,61.3648,False,2.7411,163.6348,True,2.7913,159.9770,True
301,30.1000,6.5229,72.7866,False,2.6800,150.7832,True,2.6800,47.7387,False,2.7216,173.3241,True,2.8835,156.3331,True
302,30.2000,6.4479,74.2671,False,3.0293,152.4351,True,3.0293,66.6328,False,2.6885,156.1167,True,2.5865,159.9411,True
303,30.3000,6.0139,72.2821,False,3.0422,140.6563,False,3.0422,78.3728,False,3.1154,172.2351,True,2.6180,163.0990,True
304,30.4000,5.7626,68.3596,False,2.8024,164.9154,True,2.8024,45.7951,False,2.6618,161.1886,True,2.6158,158.3857,True
305,30.5000,5.8448,72.6379,False,2.9358,112.7359,False,2.9358,91.9607,False,3.0349,148.5463,False,2.7945,163.2281,True
306,30.6000,5.9809,83.9938,False,2.9138,73.2386,False,2.9138,126.8629,False,3.3157,126.0282,False,2.8812,132.7191,False
307,30.7000,6.1983,90.2790,False,2.6892,70.3135,False,2.6892,149.6152,False,3.6348,101.3048,False,2.8490,159.3140,True
308,30.8000,6.1150,94.4993,False,2.7322,61.0384,False,2.7322,149.6770,False,3.7655,96.1653,False,2.6016,172.5292,True
309,30.9000,5.8419,90.3823,False,2.7431,56.0544,False,2.7431,166.8398,True,3.7240,93.1111,False,2.6567,159.4681,True
310,31.0000,5.7366,76.8093,False,2.5455,123.3530,False,2.5455,95.4684,False,3.2137,137.9910,False,2.9100,133.7785,False
311,31.1000,5.7454,67.0564,False,3.0161,160.2009,True,3.0161,67.0216,False,2.6669,164.1700,True,2.5571,143.6700,False
312,31.2000,6.1434,71.6048,False,2.7024,174.6783,True,2.7024,58.4861,False,3.4347,156.9870,True,2.5709,166.5085,True
313,31.3000,6.4058,78.5928,False,2.6483,140.9873,False,2.6483,69.4621,False,3.5782,155.8125,False,2.7928,158.3867,True
314,31.4000,6.6604,74.9841,False,3.0754,164.8639,True,3.0754,59.5218,False,2.6479,164.4463,True,2.7526,156.8886,True
315,31.5000,6.1570,77.7159,False,2.5978,177.4553,True,2.5978,60.4417,False,3.0957,174.3831,True,2.5982,153.3618,True
316,31.6000,5.8923,73.2721,False,2.8306,148.3773,False,2.8306,65.4399,False,2.8019,175.1984,True,2.6524,159.1669,True
317,31.7000,6.3628,74.3458,False,2.7518,152.6017,True,2.7518,51.8215,False,2.7353,159.7239,True,2.6344,156.2290,True
318,31.8000,6.4887,75.9039,False,2.8390,134.9095,False,2.8390,78.0212,False,2.7545,157.1387,True,2.6687,161.2481,True
319,31.9000,6.2051,68.2694,False,2.6599,152.5052,True,2.6599,55.9482,False,2.7054,144.8130,False,2.5659,168.7846,True
320,32.0000,6.1439,76.7965,False,2.6939,127.9514,False,2.6939,82.5390,False,3.1583,155.3476,True,2.7259,156.4704,True
321,32.1000,6.4438,79.3019,False,3.1333,121.4773,False,3.1333,100.0296,False,3.1551,134.6985,False,2.6595,162.8583,True
322,32.2000,6.0968,76.9861,False,2.6551,137.3206,False,2.6551,74.3604,False,2.8038,167.1738,True,2.7226,151.7258,True
323,32.3000,6.0538,73.7765,False,2.5683,143.0797,False,2.5683,69.3143,False,2.9885,161.2414,True,2.5932,160.0067,True
324,32.4000,6.8106,79.4583,False,2.9080,163.8792,True,2.9080,49.7491,False,3.0165,166.2780,True,2.7091,163.1154,True
325,32.5000,6.5935,80.2836,False,2.6973,169.7120,True,2.6973,59.5012,False,2.9820,156.1397,True,2.7465,157.7614,True
326,32.6000,6.2904,77.0418,False,2.7082,171.7474,True,2.7082,54.9836,False,2.8432,156.8453,True,2.5644,152.6383,True
327,32.7000,6.1392,77.2850,False,2.5445,148.8706,False,2.5445,65.0454,False,2.9962,166.4464,True,2.6512,156.2639,True
328,32.8000,6.1377,69.1908,False,2.8023,138.8982,False,2.8023,61.7846,False,2.8400,156.2385,True,2.7787,134.7592,False
329,32.9000,6.3758,76.0793,False,2.9004,144.7090,False,2.9004,71.3415,False,2.9170,170.6740,True,3.2056,159.3758,True
330,33.0000,6.2242,74.7511,False,2.8587,176.5740,True,2.8587,64.6180,False,2.7757,170.4896,True,2.7522,148.5392,False
331,33.1000,5.7286,73.7547,False,2.7702,135.1661,False,2.7702,79.3441,False,2.9346,163.9738,True,2.5197,143.1199,False
332,33.2000,5.9131,68.4189,False,2.8642,155.4241,True,2.8642,74.8783,False,2.8466,143.7616,False,2.8253,157.8499,True
333,33.3000,5.9556,74.2234,False,2.6931,152.2225,True,2.6931,73.0355,False,2.8157,156.1371,True,2.5848,163.9260,True
334,33.4000,6.1411,90.4163,False,2.8445,72.4978,False,2.8445,158.5866,True,2.9078,83.7261,False,2.8338,149.6904,False
335,33.5000,6.0084,84.1673,False,2.9044,68.0322,False,2.9044,156.5050,True,3.1773,93.2047,False,2.7154,136.9011,False
336,33.6000,5.9136,84.5155,False,2.7252,94.9689,False,2.7252,107.0831,False,3.1476,122.1234,False,2.6898,158.3568,True
337,33.7000,5.7424,78.5705,False,2.7644,138.3244,False,2.7644,81.1605,False,2.8665,151.3980,True,2.7306,165.5893,True
338,33.8000,5.9537,76.4793,False,2.6810,163.3722,True,2.6810,60.4930,False,2.9663,172.9887,True,2.8000,163.9255,True
339,33.9000,6.1716,77.6145,False,2.8599,156.5100,True,2.8599,58.6277,False,2.7222,167.7922,True,2.7802,144.3908,False
340,34.0000,6.1027,73.3517,False,2.7090,153.5298,True,2.7090,60.1234,False,3.0136,151.5530,True,2.9607,161.4056,True
341,34.1000,5.8949,72.9130,False,2.7239,138.8234,False,2.7239,81.7244,False,2.7934,147.5580,False,3.0063,148.3732,False
342,34.2000,5.9322,73.1437,False,2.9519,119.4389,False,2.9519,95.5388,False,3.0462,145.1497,False,2.9949,143.2299,False
343,34.3000,6.4244,81.5281,False,2.9592,127.5955,False,2.9592,82.0208,False,2.9800,160.0183,True,3.1940,142.8798,False
344,34.4000,6.1731,74.0532,False,2.6455,150.0143,True,2.6455,57.9689,False,2.7912,145.2907,False,3.1779,114.6043,False
345,34.5000,6.0432,74.4056,False,2.8004,143.9030,False,2.8004,73.4605,False,2.9454,159.6230,True,3.1592,151.2341,True
346,34.6000,5.9409,72.1678,False,3.0200,157.9326,True,3.0200,58.5104,False,2.9649,158.0838,True,2.7384,146.5180,False
347,34.7000,6.1801,75.4592,False,2.7262,156.6568,True,2.7262,56.8346,False,2.7695,170.7303,True,3.1609,122.3904,False
348,34.8000,5.9330,67.9124,False,2.6020,163.3481,True,2.6020,61.6642,False,2.7915,172.4358,True,3.3421,130.4873,False
349,34.9000,5.7309,66.0611,False,2.8093,163.3971,True,2.8093,63.7285,False,2.7323,167.7334,True,3.6207,156.5382,False
350,35.0000,5.6584,72.6227,False,2.6512,133.9891,False,2.6512,64.5055,False,2.8585,172.7094,True,3.5893,143.6868,False
351,35.1000,5.6587,66.0168,False,2.8002,147.6370,False,2.8002,60.9754,False,2.7861,173.4682,True,3.3515,158.5927,True
352,35.2000,6.1499,73.4478,False,2.6835,154.6559,True,2.6835,68.0963,False,2.8052,167.5158,True,3.1082,161.7390,True
353,35.3000,5.9683,70.6913,False,2.8598,168.9791,True,2.8598,58.7459,False,2.7031,173.2146,True,2.5484,153.4457,True
354,35.4000,6.1213,72.4430,False,2.7759,167.1992,True,2.7759,58.5831,False,2.9845,167.0132,True,2.6596,157.0595,True
355,35.5000,5.8749,67.8260,False,2.7999,171.4677,True,2.7999,58.0106,False,2.6949,154.8021,True,2.8076,165.1973,True
356,35.6000,6.1411,75.0334,False,2.9053,160.0245,True,2.9053,61.7029,False,2.9086,149.0864,False,2.6982,152.5725,True
357,35.7000,6.4740,77.3511,False,2.6393,148.1075,False,2.6393,57.3840,False,2.9809,152.2052,True,2.5508,155.7852,True
358,35.8000,6.3643,80.4556,False,2.8212,154.8437,True,2.8212,75.2326,False,2.6228,152.3973,True,2.8660,172.4750,True
359,35.9000,6.0451,71.4052,False,2.6759,150.9566,True,2.6759,46.2308,False,2.9157,162.2869,True,2.7920,158.3198,True
360,36.0000,6.1028,73.6631,False,2.9130,158.8887,True,2.9130,58.5083,False,2.8431,167.4459,True,2.5544,166.4577,True
361,36.1000,6.3900,77.9891,False,2.8153,154.0881,True,2.8153,62.2012,False,2.6763,174.0927,True,2.8973,157.7831,True
362,36.2000,6.2949,82.4172,False,2.6788,125.8028,False,2.6788,70.8365,False,2.7486,157.2056,True,2.6209,172.7144,True
363,36.3000,6.4613,76.2712,False,2.9372,130.8481,False,2.9372,72.0999,False,2.7789,143.9209,False,2.7921,140.1346,False
364,36.4000,6.2173,72.9126,False,2.8366,165.9360,True,2.8366,59.4550,False,2.7727,157.7254,True,2.6722,154.0756,True
365,36.5000,6.1373,72.2734,False,2.8763,177.9805,True,2.8763,54.0352,False,2.7167,163.4590,True,2.5350,160.6769,True
366,36.6000,6.1499,76.2098,False,2.5441,157.2818,True,2.5441,53.0362,False,2.7354,169.4036,True,2.8482,160.5566,True
367,36.7000,5.9562,73.2811,False,2.8347,149.3079,False,2.8347,70.0891,False,2.7001,133.0765,False,2.6519,151.7178,True
368,36.8000,5.9147,70.4630,False,2.8956,164.3308,True,2.8956,56.6455,False,2.7965,152.1525,True,2.6515,147.1616,False
369,36.9000,5.9077,72.3392,False,2.6629,167.7474,True,2.6629,52.0934,False,2.8727,175.6359,True,2.6303,158.0070,True
370,37.0000,6.3375,72.6735,False,3.0266,167.3587,True,3.0266,52.7384,False,2.6736,157.7021,True,2.8396,140.5073,False
371,37.1000,6.2896,75.1079,False,2.7139,156.6746,True,2.7139,61.0771,False,2.7619,176.3575,True,2.6282,166.1745,True
372,37.2000,5.7634,71.3285,False,2.6524,153.2890,True,2.6524,63.3067,False,2.9545,157.3086,True,2.6826,165.6227,True
373,37.3000,6.0939,71.9535,False,2.7715,154.0799,True,2.7715,47.7362,False,2.7843,164.0533,True,2.5253,155.9298,True
374,37.4000,5.8663,72.3284,False,2.8544,143.6911,False,2.8544,68.7791,False,3.1725,163.8603,True,2.7750,170.6132,True
375,37.5000,5.4831,63.8014,False,2.8239,165.9533,True,2.8239,53.7565,False,2.7806,159.2510,True,2.7860,155.3138,True
376,37.6000,5.8506,72.7043,False,2.6218,133.0504,False,2.6218,75.0913,False,3.0213,145.3888,False,2.7411,157.5242,True
377,37.7000,6.3214,76.3011,False,2.8164,158.4222,True,2.8164,62.1086,False,2.9461,171.1700,True,2.6860,152.5470,True
378,37.8000,6.4948,78.2222,False,2.7286,164.6168,True,2.7286,62.2884,False,2.8072,171.8487,True,2.6041,161.3541,True
379,37.9000,6.1569,67.9398,False,2.5595,165.6735,True,2.5595,56.4459,False,2.7654,152.2301,True,2.6415,151.1030,True
380,38.0000,6.0457,73.3520,False,2.6976,151.4924,True,2.6976,62.9877,False,2.7793,179.0355,True,2.8091,153.2671,True
381,38.1000,5.6567,69.1360,False,2.7337,143.2784,False,2.7337,53.7393,False,2.7615,172.8922,True,2.6826,155.1662,True
382,38.2000,5.8529,68.4248,False,2.7054,157.4438,True,2.7054,50.7494,False,2.8376,162.8500,True,2.7285,172.9491,True
383,38.3000,5.5891,63.8736,False,2.7537,158.4661,True,2.7537,49.1780,False,2.6616,157.9573,True,2.8611,157.1207,True
384,38.4000,5.5940,70.6092,False,2.6939,158.9723,True,2.6939,61.0997,False,2.9527,177.4926,True,3.1351,156.9779,True
385,38.5000,5.3714,62.8619,False,2.7493,143.4985,False,2.7493,70.7793,False,2.7419,138.5294,False,2.5778,154.6455,True
386,38.6000,5.5477,64.2940,False,2.9661,165.7228,True,2.9661,58.6557,False,2.7244,150.9200,True,2.7216,155.8889,True
387,38.7000,5.9052,70.7452,False,2.6773,142.3774,False,2.6773,65.7734,False,2.7093,156.3832,True,2.9348,141.1191,False
388,38.8000,5.6487,72.4833,False,2.7080,162.0910,True,2.7080,67.1129,False,2.6756,168.2297,True,2.6207,174.3295,True
389,38.9000,5.9136,66.6801,False,2.6257,160.3190,True,2.6257,58.5515,False,2.7170,153.7543,True,2.7170,150.0051,True
390,39.0000,6.1680,72.3495,False,2.7965,154.5638,True,2.7965,64.5193,False,2.7265,170.5597,True,2.7033,154.2266,True
391,39.1000,5.9785,73.7383,False,2.8003,149.7448,False,2.8003,58.0126,False,2.7934,166.9791,True,2.6968,150.3407,True
392,39.2000,5.7050,69.8886,False,2.6519,142.7766,False,2.6519,57.8185,False,2.9473,168.1137,True,2.6149,148.3312,False
393,39.3000,5.6116,68.8255,False,2.8022,159.8254,True,2.8022,66.1150,False,2.9182,154.2139,True,2.8735,157.7567,True
394,39.4000,5.5277,66.5028,False,2.6264,150.3377,True,2.6264,67.4589,False,2.8050,154.5466,True,2.5858,175.4880,True
395,39.5000,5.9553,73.3469,False,2.8206,149.6073,False,2.8206,74.4937,False,2.6669,171.9421,True,2.6942,157.8678,True
396,39.6000,6.2281,71.5578,False,2.7767,157.4788,True,2.7767,57.7527,False,2.9099,148.2188,False,2.7539,139.0050,False
397,39.7000,6.5332,84.2538,False,2.7056,141.7342,False,2.7056,79.8202,False,2.8266,148.0244,False,2.4276,147.2050,False
398,39.8000,6.1887,76.4300,False,2.7112,148.2583,False,2.7112,60.3823,False,2.7117,150.8940,True,2.9577,147.1546,False
399,39.9000,6.2304,77.5715,False,2.6645,148.8476,False,2.6645,76.7917,False,2.9376,148.4926,False,2.7293,147.7774,False
400,40.0000,6.1334,75.4952,False,2.9313,147.5534,False,2.9313,80.8037,False,3.2444,161.5559,True,2.6531,157.8811,True
401,40.1000,6.3909,75.1260,False,2.7103,153.4361,True,2.7103,67.4667,False,3.2074,143.0529,False,2.7388,175.3729,True
402,40.2000,5.9440,70.9669,False,2.7557,164.1325,True,2.7557,58.9820,False,2.8012,166.8987,True,2.6952,163.6510,True
403,40.3000,5.9892,72.4185,False,2.6257,151.1418,True,2.6257,65.3379,False,2.9650,172.3397,True,2.5158,150.3668,True
404,40.4000,6.0460,74.0287,False,2.7938,162.4837,True,2.7938,58.2409,False,2.8068,163.9028,True,2.6612,154.0523,True
405,40.5000,6.0094,73.6189,False,2.8786,142.7005,False,2.8786,55.4831,False,2.9909,172.7811,True,2.6668,147.8319,False
406,40.6000,5.5074,67.1432,False,2.6932,151.2713,True,2.6932,55.3363,False,2.6910,175.0992,True,2.5989,142.3568,False
407,40.7000,5.7841,69.7033,False,2.7624,170.7129,True,2.7624,56.0393,False,2.6182,142.8729,False,2.6434,165.3418,True
408,40.8000,5.9100,69.4143,False,2.7351,147.2254,False,2.7351,59.4596,False,3.0677,151.7517,True,2.7448,156.4310,True
409,40.9000,5.5752,75.1125,False,2.6786,137.7370,False,2.6786,77.9112,False,3.0375,158.5329,True,2.5371,164.8365,True
410,41.0000,5.8638,70.5941,False,2.9068,142.3887,False,2.9068,62.6604,False,2.7907,153.6578,True,2.8344,153.3358,True
411,41.1000,5.9052,80.8060,False,2.6321,137.7854,False,2.6321,67.6897,False,2.7137,156.3855,True,2.8687,131.0685,False
412,41.2000,6.0806,72.8389,False,2.9321,146.5835,False,2.9321,55.3075,False,2.9955,167.9212,True,2.5626,165.0121,True
413,41.3000,6.3283,77.4639,False,2.6967,146.4590,False,2.6967,62.7968,False,2.7607,163.5811,True,2.7367,153.8990,True
414,41.4000,5.8322,69.1250,False,2.6983,159.4758,True,2.6983,53.5544,False,2.7827,156.2576,True,2.7575,165.7411,True
415,41.5000,6.3648,82.5824,False,2.8473,137.3568,False,2.8473,71.0144,False,2.8155,140.9169,False,2.7862,144.5712,False
416,41.6000,6.0218,73.7189,False,2.9176,121.8728,False,2.9176,67.8023,False,2.8333,177.6533,True,2.6384,150.1885,True
417,41.7000,5.9906,78.9867,False,2.6823,135.6663,False,2.6823,72.8987,False,2.5817,151.8690,True,2.5596,165.2056,True
418,41.8000,6.0200,70.7190,False,3.4253,145.2242,False,3.4253,77.9560,False,2.7440,171.4670,True,2.5754,166.2434,True
419,41.9000,5.7935,84.5324,False,3.1853,80.0222,False,3.1853,141.6019,False,3.2228,109.9803,False,2.9485,148.6388,False
420,42.0000,5.8571,72.8703,False,2.6621,165.6528,True,2.6621,52.7951,False,3.0902,147.7079,False,2.5832,153.6136,True
421,42.1000,5.9311,71.8426,False,2.6181,162.3683,True,2.6181,53.0753,False,2.7697,148.9873,False,2.7401,158.2776,True
422,42.2000,5.5249,73.2931,False,2.6371,161.3430,True,2.6371,60.2336,False,2.7839,147.2457,False,2.7125,164.5704,True
423,42.3000,5.5395,66.7682,False,2.7990,154.5604,True,2.7990,68.5908,False,2.6368,159.4713,True,2.7050,154.9626,True
424,42.4000,5.6072,71.6409,False,2.8392,122.6583,False,2.8392,83.7590,False,2.8636,141.3784,False,2.5640,155.7454,True
425,42.5000,5.6892,67.5019,False,2.6957,164.1624,True,2.6957,59.7902,False,2.7307,150.3699,True,2.7914,157.7155,True
426,42.6000,5.8154,70.1393,False,2.7712,160.8079,True,2.7712,62.0480,False,2.7367,150.1939,True,2.5735,145.3529,False
427,42.7000,5.9049,68.3492,False,2.7982,163.2540,True,2.7982,65.2213,False,2.9400,129.5761,False,2.7447,153.4838,True
428,42.8000,5.8830,74.7394,False,2.7799,140.1205,False,2.7799,76.9712,False,2.7256,157.5257,True,2.6496,156.7903,True
429,42.9000,6.0978,69.4687,False,2.6819,133.3653,False,2.6819,55.8519,False,2.8584,142.3514,False,2.5938,158.8383,True
430,43.0000,6.1454,73.4837,False,2.7779,132.0256,False,2.7779,70.3605,False,2.8074,153.7058,True,2.9299,162.3686,True
431,43.1000,6.2962,78.0653,False,2.7385,165.5727,True,2.7385,62.5843,False,2.7665,147.3621,False,2.6981,150.3223,True
432,43.2000,6.0166,71.2485,False,2.9422,167.5040,True,2.9422,58.4039,False,2.7528,161.8038,True,2.6723,148.2263,False
433,43.3000,6.0622,74.6314,False,3.0754,145.4886,False,3.0754,79.8670,False,2.7785,149.9531,False,2.7115,156.6712,True
434,43.4000,6.3318,77.4318,False,2.7517,161.0570,True,2.7517,65.4717,False,2.8146,152.2942,True,2.8987,168.4307,True
435,43.5000,5.9495,73.8196,False,2.7305,149.5202,False,2.7305,70.1326,False,2.8065,157.9409,True,2.7166,154.8580,True
436,43.6000,5.7660,75.2391,False,2.6596,149.4383,False,2.6596,78.7620,False,2.7472,152.5660,True,2.7178,163.1549,True
437,43.7000,6.2312,78.9304,False,2.6751,120.8512,False,2.6751,92.2263,False,2.8647,149.6733,False,2.5529,159.0687,True
438,43.8000,6.7540,77.3559,False,2.8251,167.2234,True,2.8251,49.0124,False,2.6671,135.6009,False,2.7538,161.3792,True
439,43.9000,6.3998,81.0091,False,2.5818,170.0484,True,2.5818,64.1620,False,2.8136,164.4248,True,2.6667,148.7587,False
440,44.0000,6.1305,72.5589,False,2.9289,151.7287,True,2.9289,64.4552,False,2.8635,158.4716,True,2.6051,154.6989,True
441,44.1000,6.2230,71.8747,False,2.8434,167.1138,True,2.8434,58.1485,False,2.7478,160.5404,True,2.7968,164.7666,True
442,44.2000,6.2441,74.5402,False,2.7466,158.4774,True,2.7466,70.0713,False,2.6748,160.3574,True,2.5905,153.7310,True
443,44.3000,6.6036,85.3855,False,2.5513,139.6005,False,2.5513,76.7041,False,2.9116,149.8495,False,2.5929,141.4560,False
444,44.4000,6.5328,78.9009,False,2.9720,145.9971,False,2.9720,73.2858,False,2.8223,158.4144,True,2.7741,171.5530,True
445,44.5000,6.4220,79.2127,False,2.5622,155.6362,True,2.5622,56.1600,False,2.9770,153.7265,True,2.6414,142.8054,False
446,44.6000,6.2824,72.7179,False,2.8220,163.8723,True,2.8220,50.2989,False,2.6715,144.4085,False,2.7887,156.3589,True
447,44.7000,6.6045,78.4723,False,2.9190,147.7660,False,2.9190,65.5196,False,2.9869,173.4229,True,2.5972,176.1079,True
448,44.8000,6.1451,71.0825,False,2.8235,176.8435,True,2.8235,57.7348,False,2.7665,161.5316,True,2.6472,161.0663,True
449,44.9000,6.4222,79.2260,False,2.6811,145.2089,False,2.6811,75.0216,False,2.9532,173.9767,True,2.8220,148.4386,False
450,45.0000,6.0550,73.4685,False,2.8212,149.3292,False,2.8212,78.7308,False,2.9897,146.6628,False,2.7001,159.7384,True
451,45.1000,6.4166,82.6393,False,2.8510,163.8499,True,2.8510,67.1202,False,2.8095,168.1227,True,2.5598,163.2820,True
452,45.2000,6.5080,79.1728,False,2.6069,153.9924,True,2.6069,63.8755,False,2.8921,143.4697,False,2.8660,156.8958,True
453,45.3000,6.2743,75.8595,False,2.6454,158.5305,True,2.6454,67.3627,False,2.9299,146.8740,False,2.6235,164.8764,True
454,45.4000,6.3439,77.0120,False,2.8068,157.4207,True,2.8068,71.8483,False,2.8403,138.1296,False,2.5347,158.6824,True
455,45.5000,6.5013,80.5671,False,2.7405,157.4465,True,2.7405,66.3903,False,2.8945,157.5317,True,2.9357,139.6787,False
456,45.6000,6.5197,82.3888,False,2.7946,146.3291,False,2.7946,68.6113,False,2.8167,169.4503,True,2.7992,152.9916,True
457,45.7000,6.0875,78.4517,False,2.6942,150.6022,True,2.6942,66.3524,False,2.9168,173.9465,True,2.6355,165.7987,True
458,45.8000,6.4856,80.5771,False,2.6988,153.4714,True,2.6988,65.5519,False,2.8823,162.1710,True,2.6748,167.8212,True
459,45.9000,6.3538,79.2637,False,2.7726,157.6777,True,2.7726,66.6098,False,2.6978,169.8577,True,2.7302,151.6015,True
460,46.0000,5.9818,75.0793,False,2.6785,157.3637,True,2.6785,67.4360,False,3.1499,169.4854,True,2.6749,147.9817,False
461,46.1000,6.1935,75.4639,False,2.7983,151.7313,True,2.7983,47.5385,False,2.9159,152.6143,True,2.6335,136.7088,False
462,46.2000,6.5251,80.6277,False,2.7589,142.9597,False,2.7589,80.4558,False,3.1392,129.8128,False,2.7182,159.7904,True
463,46.3000,6.3483,76.2890,False,2.7376,150.7092,True,2.7376,62.8544,False,2.6955,160.0142,True,2.8256,165.3267,True
464,46.4000,6.1195,77.1727,False,2.5136,136.6921,False,2.5136,71.2807,False,2.9925,163.9081,True,2.6553,153.7025,True
465,46.5000,6.6110,80.2262,False,2.9944,148.0746,False,2.9944,81.7848,False,2.7524,152.7257,True,2.6381,174.8022,True
466,46.6000,6.7799,83.8510,False,2.7481,147.9980,False,2.7481,65.0012,False,2.7386,154.7851,True,2.6304,165.1966,True
467,46.7000,6.4857,80.4622,False,2.7427,169.0167,True,2.7427,59.2370,False,2.8254,156.8164,True,2.5509,159.5526,True
468,46.8000,6.1181,77.2725,False,2.7834,149.5175,False,2.7834,77.0604,False,2.7228,164.0428,True,2.8636,156.6358,True
469,46.9000,6.2525,75.3484,False,2.7343,152.8521,True,2.7343,69.6337,False,2.7981,152.6606,True,2.5025,154.8541,True
470,47.0000,6.2303,71.9852,False,2.8101,160.4936,True,2.8101,63.3428,False,2.8624,160.0462,True,2.9108,154.0717,True
471,47.1000,6.0341,74.1612,False,2.7699,164.0140,True,2.7699,67.6710,False,2.7725,172.7670,True,2.7343,162.7387,True
472,47.2000,6.0754,79.2199,False,2.6615,142.6196,False,2.6615,70.6079,False,2.8803,174.7213,True,2.6899,162.7101,True
473,47.3000,6.1003,74.0533,False,2.6327,145.0624,False,2.6327,67.2354,False,2.9494,135.7124,False,2.6328,162.8937,True
474,47.4000,6.3464,80.2356,False,3.0720,131.2875,False,3.0720,84.4369,False,2.7915,135.7552,False,2.6001,149.7352,False
475,47.5000,6.5359,82.9775,False,3.2400,115.1928,False,3.2400,85.5747,False,2.7713,153.9645,True,2.7074,165.2137,True
476,47.6000,6.6407,80.4373,False,2.9375,152.7760,True,2.9375,69.6212,False,2.7721,150.1201,True,2.6719,164.4629,True
477,47.7000,6.2746,80.6184,False,2.9014,150.1286,True,2.9014,63.1762,False,2.9468,164.9609,True,2.8392,159.6001,True
478,47.8000,6.6642,80.5689,False,2.9584,169.6718,True,2.9584,55.7334,False,2.8123,151.8444,True,2.5944,161.7286,True
479,47.9000,6.8302,81.5882,False,2.7637,144.0790,False,2.7637,61.2456,False,2.7428,152.1077,True,2.5830,156.0985,True
480,48.0000,6.4783,82.1980,False,2.7806,126.8827,False,2.7806,87.6604,False,2.9051,134.6511,False,2.5505,158.4738,True
481,48.1000,6.4075,79.6479,False,2.7899,134.6667,False,2.7899,80.1347,False,2.7166,140.7834,False,2.8033,157.8840,True
482,48.2000,5.7680,69.7375,False,2.7918,160.0284,True,2.7918,63.6498,False,2.7393,157.7756,True,2.6016,157.8103,True
483,48.3000,6.0374,74.8007,False,2.8350,139.6515,False,2.8350,70.6298,False,2.6611,167.0756,True,2.6308,156.3433,True
484,48.4000,6.5143,82.1774,False,2.7729,145.8775,False,2.7729,66.5723,False,2.7201,173.5210,True,2.7936,155.5397,True
485,48.5000,5.9648,71.3355,False,2.8231,153.8746,True,2.8231,62.9451,False,2.8008,174.9930,True,2.7124,165.6888,True
486,48.6000,6.0552,72.5259,False,2.7176,175.9558,True,2.7176,55.2643,False,2.7587,158.5637,True,2.7776,152.5471,True
487,48.7000,6.5978,75.2784,False,2.9493,173.0851,True,2.9493,57.1294,False,2.7315,162.5688,True,2.6287,162.7310,True
488,48.8000,6.6123,85.2110,False,2.7931,159.7570,True,2.7931,71.0581,False,2.7918,157.8616,True,2.6455,152.8130,True
489,48.9000,6.4295,78.6582,False,2.7668,140.9686,False,2.7668,68.6397,False,2.5893,156.0437,True,2.8459,149.4717,False
490,49.0000,6.6518,82.5791,False,2.5916,161.3128,True,2.5916,64.9389,False,3.1022,174.5628,True,2.7513,149.1283,False
491,49.1000,6.5207,74.4617,False,2.7017,155.0915,True,2.7017,59.1170,False,2.7461,152.8961,True,2.6618,161.8895,True
492,49.2000,5.9312,72.9485,False,2.6730,155.0709,True,2.6730,63.2258,False,2.6677,163.6648,True,2.7447,145.3890,False
493,49.3000,6.1303,75.5596,False,2.6417,140.5559,False,2.6417,72.7445,False,2.6246,155.9899,True,3.2825,141.0818,False
494,49.4000,6.1409,74.5657,False,2.7822,144.3349,False,2.7822,73.4229,False,2.8236,158.3816,True,3.1802,128.0624,False
495,49.5000,5.8867,69.9459,False,2.8038,160.8604,True,2.8038,59.9442,False,2.6868,175.5487,True,2.5690,156.7151,True
496,49.6000,6.1256,76.3312,False,2.7373,158.8053,True,2.7373,62.0413,False,2.8735,154.0037,True,2.6990,154.5814,True
497,49.7000,6.3668,85.0457,False,2.9644,93.8621,False,2.9644,89.6291,False,2.9450,152.8049,True,2.8170,159.7556,True
498,49.8000,6.2245,71.5103,False,2.7706,161.2272,True,2.7706,69.1934,False,2.9116,99.6786,False,2.5289,175.9223,True
499,49.9000,6.2879,80.7752,False,2.6775,167.1922,True,2.6775,58.6502,False,2.7983,158.9107,True,2.8278,158.7305,True
500,50.0000,6.7468,80.5723,False,2.6668,168.8914,True,2.6668,49.1785,False,2.9173,161.9483,True,2.6417,155.9082,True
501,50.1000,6.3906,80.3890,False,2.7855,143.2877,False,2.7855,62.7796,False,3.0383,163.0797,True,2.7394,157.6652,True
502,50.2000,6.1186,86.5801,False,2.7889,77.9271,False,2.7889,137.3579,False,3.1607,96.2087,False,2.7391,163.6553,True
503,50.3000,6.0565,92.2638,False,2.5932,61.0290,False,2.5932,153.1376,True,3.5447,82.8233,False,2.6586,145.4844,False
504,50.4000,6.4670,102.8485,False,2.6262,67.8750,False,2.6262,146.3189,False,3.4682,87.7526,False,2.6333,144.3365,False
505,50.5000,6.0706,81.6430,False,3.0904,104.0047,False,3.0904,106.3034,False,2.8563,124.8996,False,2.7209,167.5154,True
506,50.6000,6.1580,73.8461,False,2.7162,154.4634,True,2.7162,52.0024,False,2.8170,160.8075,True,2.7878,146.5909,False
507,50.7000,5.9552,73.1601,False,2.7768,165.3978,True,2.7768,57.1505,False,2.6393,164.4302,True,2.9628,153.3603,True
508,50.8000,6.1232,76.4387,False,2.9283,161.2582,True,2.9283,64.6666,False,2.7810,164.4872,True,2.7135,162.9354,True
509,50.9000,6.3744,75.8633,False,2.6810,144.9599,False,2.6810,60.5045,False,3.2169,127.2033,False,2.6602,150.7315,True
510,51.0000,6.3023,77.1983,False,2.7363,156.9500,True,2.7363,69.4046,False,2.9185,145.6864,False,2.6120,142.3332,False
511,51.1000,5.8687,75.0473,False,2.7220,138.6618,False,2.7220,79.4018,False,2.8942,158.3409,True,2.6719,169.2319,True
512,51.2000,5.7242,73.9094,False,2.6722,158.2531,True,2.6722,66.3812,False,2.8943,160.1653,True,2.7143,156.7907,True
513,51.3000,6.3513,75.7569,False,2.8911,158.2662,True,2.8911,67.9060,False,2.8078,148.1488,False,2.6217,154.2505,True
514,51.4000,6.7411,81.0892,False,2.6594,150.2078,True,2.6594,59.6377,False,2.6812,162.3356,True,2.6434,134.4825,False
515,51.5000,6.7115,76.8150,False,3.1356,176.5869,True,3.1356,55.8506,False,2.7463,148.7607,False,2.7252,144.8111,False
516,51.6000,6.2349,72.4602,False,2.5702,142.3590,False,2.5702,66.5684,False,3.0235,147.6411,False,2.6530,157.9915,True
517,51.7000,6.2631,76.6099,False,2.9889,115.1326,False,2.9889,95.8348,False,2.9975,143.1274,False,2.5486,154.4036,True
518,51.8000,6.2266,75.1637,False,2.5995,158.7430,True,2.5995,62.4847,False,2.6998,137.1961,False,2.6494,150.3656,True
519,51.9000,6.8851,80.0650,False,3.0654,160.6440,True,3.0654,77.2033,False,2.9159,139.5877,False,2.7417,155.1544,True
520,52.0000,6.7847,80.3288,False,2.6572,118.4450,False,2.6572,47.6162,False,3.0867,132.4744,False,2.6872,143.8669,False
521,52.1000,6.4246,81.1159,False,2.9337,150.5841,True,2.9337,65.8663,False,2.8423,156.3212,True,2.6633,150.9401,True
522,52.2000,5.7823,72.8802,False,2.6933,170.0053,True,2.6933,58.8595,False,2.8370,153.9084,True,2.8435,152.6528,True
523,52.3000,5.8920,78.1867,False,2.6492,136.3729,False,2.6492,82.5282,False,3.0620,124.8049,False,2.6019,175.1847,True
524,52.4000,6.1040,74.7575,False,2.8865,143.2525,False,2.8865,71.6760,False,3.0507,145.2755,False,2.7627,159.7322,True
525,52.5000,6.6054,79.0631,False,2.9733,142.4973,False,2.9733,65.2972,False,2.6437,148.7224,False,2.8579,135.9009,False
526,52.6000,6.5008,77.1967,False,3.2048,147.1195,False,3.2048,70.5968,False,2.6576,153.1591,True,2.5571,152.1731,True
527,52.7000,5.9427,73.9284,False,2.7015,142.9988,False,2.7015,69.3387,False,3.2764,124.7832,False,2.9874,149.3009,False
528,52.8000,5.8275,75.9696,False,2.6186,132.7178,False,2.6186,81.1767,False,3.1947,137.2841,False,3.0659,135.2326,False
529,52.9000,5.9269,70.3490,False,2.7710,159.8688,True,2.7710,68.9281,False,2.7817,143.7952,False,2.8567,142.8934,False
530,53.0000,6.0250,72.8334,False,2.8810,145.8993,False,2.8810,66.3031,False,2.7728,141.5931,False,2.6414,147.4639,False
531,53.1000,5.9859,76.2354,False,2.7210,117.7847,False,2.7210,81.2589,False,3.0267,136.0759,False,2.5316,162.6213,True
532,53.2000,6.1312,71.0467,False,2.7451,163.2035,True,2.7451,65.7877,False,3.0734,121.5339,False,2.7823,156.1295,True
533,53.3000,6.3677,81.3636,False,2.8726,147.4223,False,2.8726,76.6397,False,3.0708,151.2552,True,2.6046,158.2696,True
534,53.4000,6.0311,70.8463,False,2.9193,142.3409,False,2.9193,64.0950,False,2.7047,161.3854,True,2.6843,172.1917,True
535,53.5000,6.3266,83.7354,False,2.9109,98.6852,False,2.9109,103.9941,False,3.3223,133.6292,False,2.6355,149.2897,False
536,53.6000,6.2171,88.8826,False,2.8011,80.1264,False,2.8011,127.7882,False,3.1609,109.9365,False,2.6587,159.2783,True
537,53.7000,6.2797,90.3953,False,2.9749,67.0527,False,2.9749,150.7541,True,3.5122,99.3861,False,2.5980,152.0681,True
538,53.8000,6.3714,82.3693,False,2.5825,102.1884,False,2.5825,85.0464,False,3.2370,148.4447,False,2.5578,166.5177,True
539,53.9000,5.9989,78.2895,False,2.7853,126.6378,False,2.7853,83.0533,False,2.8771,141.7399,False,2.6744,147.5938,False
540,54.0000,6.1905,74.8946,False,2.7089,134.7524,False,2.7089,60.2640,False,3.0674,138.9038,False,2.6988,158.9199,True
541,54.1000,6.4601,86.5676,False,2.7861,161.0747,True,2.7861,67.0847,False,3.0098,161.6853,True,2.6413,167.2580,True
542,54.2000,6.5630,77.0123,False,2.9106,166.6552,True,2.9106,68.6222,False,3.0183,132.4110,False,2.7504,160.2914,True
543,54.3000,6.3104,77.3494,False,2.7875,148.5533,False,2.7875,64.5209,False,2.7170,156.4554,True,2.6610,160.8924,True
544,54.4000,6.1870,72.5429,False,2.6801,145.7311,False,2.6801,64.5312,False,2.8315,119.0492,False,2.6017,160.6571,True
545,54.5000,6.3659,80.7037,False,2.7277,128.6093,False,2.7277,82.4094,False,3.0598,123.6347,False,2.5536,162.6044,True
546,54.6000,6.0583,72.9229,False,2.7421,155.3193,True,2.7421,66.9143,False,2.7643,123.0543,False,2.5689,170.7920,True
547,54.7000,6.6120,82.0485,False,2.7805,144.8309,False,2.7805,70.6057,False,2.8534,164.3806,True,2.6422,160.3113,True
548,54.8000,6.0330,73.6189,False,2.7371,155.8205,True,2.7371,65.3574,False,2.7339,162.8836,True,2.6544,162.2866,True
549,54.9000,6.0470,73.3912,False,2.8280,153.8655,True,2.8280,65.1778,False,3.1045,137.7459,False,2.6319,159.6865,True
550,55.0000,5.8505,75.6562,False,2.8904,141.7578,False,2.8904,77.4510,False,2.7711,153.2615,True,2.6402,149.1405,False
551,55.1000,6.1196,82.8799,False,2.9725,101.5004,False,2.9725,116.6634,False,3.4452,120.6672,False,2.6540,174.6243,True
552,55.2000,5.7483,69.9007,False,2.6798,147.0919,False,2.6798,72.4422,False,3.3877,131.4848,False,2.6143,157.5580,True
553,55.3000,5.6519,72.9896,False,2.7408,154.3227,True,2.7408,67.7130,False,2.8822,174.5346,True,2.7532,157.2625,True
554,55.4000,6.0368,72.2853,False,2.8056,137.0937,False,2.8056,66.5763,False,2.9288,163.6556,True,2.6233,157.4312,True
555,55.5000,6.2944,75.1350,False,2.8161,162.2470,True,2.8161,68.2446,False,3.1081,143.8045,False,2.6645,166.8044,True
556,55.6000,5.8442,71.2865,False,2.7193,156.5656,True,2.7193,62.2278,False,2.8507,134.1049,False,2.7162,170.2207,True
557,55.7000,5.6462,74.3017,False,2.7193,137.8656,False,2.7193,72.8329,False,3.0111,138.1367,False,2.7871,168.0136,True
558,55.8000,6.1744,74.7704,False,2.7734,138.9734,False,2.7734,76.2710,False,2.8955,123.5736,False,2.6474,171.6653,True
559,55.9000,6.2320,82.0246,False,2.7982,129.9210,False,2.7982,85.3482,False,3.1384,147.5137,False,2.7310,171.3935,True
560,56.0000,5.6977,68.5630,False,2.7292,145.3152,False,2.7292,67.4011,False,3.0505,111.6976,False,2.9062,158.8652,True
561,56.1000,5.9103,78.0456,False,2.7969,147.7735,False,2.7969,76.7661,False,3.1071,136.9654,False,2.9510,162.6985,True
562,56.2000,6.3555,82.8883,False,2.8476,151.3726,True,2.8476,73.7640,False,3.0627,142.1099,False,2.9965,150.9079,True
563,56.3000,6.5908,80.8955,False,2.9032,152.4960,True,2.9032,70.7850,False,3.1976,134.9716,False,2.7459,165.1155,True
564,56.4000,6.4792,79.6995,False,2.7321,137.6216,False,2.7321,73.7575,False,3.4254,133.6404,False,2.6348,163.4136,True
565,56.5000,6.4355,80.2368,False,2.6673,143.2792,False,2.6673,68.8277,False,2.9095,130.8397,False,2.7460,157.0713,True
566,56.6000,6.0698,79.0066,False,2.8359,143.2636,False,2.8359,85.2969,False,2.9524,151.8280,True,2.6659,164.9417,True
567,56.7000,6.0344,75.4688,False,2.7844,147.2088,False,2.7844,80.6649,False,2.8939,114.4200,False,2.5937,144.0471,False
568,56.8000,6.3967,74.6613,False,2.7906,136.5737,False,2.7906,73.6841,False,3.3934,110.8828,False,2.5658,163.6383,True
569,56.9000,6.4961,85.1485,False,2.9287,154.0763,True,2.9287,68.8692,False,2.9033,157.4551,True,2.6436,164.3318,True
570,57.0000,6.5829,79.8214,False,2.9217,154.4709,True,2.9217,64.4152,False,2.9375,141.0454,False,2.8888,170.7757,True
571,57.1000,6.1765,76.6635,False,2.7274,157.7631,True,2.7274,55.0555,False,3.3343,157.3945,True,2.8121,159.0695,True
572,57.2000,6.1358,75.9883,False,2.6809,159.8602,True,2.6809,58.9378,False,3.0391,160.7653,True,2.6170,154.7522,True
573,57.3000,6.2399,77.6767,False,2.6845,142.2199,False,2.6845,67.7441,False,2.9259,142.5203,False,2.7448,163.5063,True
574,57.4000,5.7811,67.6187,False,2.6364,133.0215,False,2.6364,86.1320,False,3.4807,94.5926,False,2.6618,159.0257,True
575,57.5000,6.2601,78.2583,False,2.8151,139.2204,False,2.8151,82.7471,False,3.0969,117.6182,False,2.5196,158.2973,True
576,57.6000,6.1886,76.6124,False,2.6912,161.5411,True,2.6912,61.1722,False,2.9882,129.6251,False,2.7369,155.5035,True
577,57.7000,5.9322,68.6277,False,2.8396,143.0507,False,2.8396,72.2996,False,2.9078,121.9755,False,2.6491,164.5734,True
578,57.8000,6.1789,75.2670,False,2.7018,162.0291,True,2.7018,55.4601,False,2.8088,147.0060,False,2.8474,158.5752,True
579,57.9000,6.2135,76.5440,False,2.6007,155.4670,True,2.6007,67.0462,False,3.2232,141.2582,False,2.6738,159.0085,True
580,58.0000,6.1612,76.4956,False,2.9069,160.3211,True,2.9069,71.1042,False,2.8726,126.2998,False,2.6200,162.2382,True
581,58.1000,6.4905,77.0452,False,2.8060,138.1299,False,2.8060,76.2546,False,3.1881,121.5914,False,2.7844,158.6708,True
582,58.2000,6.5306,79.9552,False,2.8018,177.8606,True,2.8018,56.4264,False,3.0567,129.1029,False,2.8529,156.8701,True
583,58.3000,6.5788,82.1098,False,2.8645,161.0478,True,2.8645,62.8357,False,3.0653,136.5871,False,2.6544,170.1381,True
584,58.4000,6.5685,83.2563,False,2.7865,132.4473,False,2.7865,84.8467,False,3.1862,131.9688,False,2.5482,147.5510,False
585,58.5000,5.9857,76.2157,False,2.7053,143.1684,False,2.7053,75.2541,False,3.0192,117.4525,False,2.6780,152.3715,True
586,58.6000,5.8867,73.4020,False,2.7501,133.9592,False,2.7501,83.3223,False,3.0759,116.2416,False,2.6648,159.8905,True
587,58.7000,6.5249,76.2415,False,2.9035,164.8426,True,2.9035,61.0608,False,3.2792,132.0126,False,2.5626,166.2653,True
588,58.8000,6.1926,77.8906,False,2.8705,171.0129,True,2.8705,62.5404,False,3.0580,147.3760,False,2.8237,161.9783,True
589,58.9000,6.1030,79.9900,False,2.6962,143.6951,False,2.6962,76.0861,False,3.2774,152.0536,True,2.6380,171.0125,True
590,59.0000,5.9789,71.3591,False,2.6475,167.4729,True,2.6475,49.5785,False,2.9145,132.1227,False,2.6266,169.2051,True
591,59.1000,5.8345,77.4005,False,2.5649,149.8614,False,2.5649,70.8948,False,3.1390,167.9787,True,2.5803,160.6960,True
592,59.2000,6.5204,82.1813,False,2.7540,156.5615,True,2.7540,64.5237,False,3.0709,148.5679,False,2.6623,164.7299,True
593,59.3000,6.6918,82.8566,False,2.8514,152.9561,True,2.8514,62.2057,False,2.8459,145.7972,False,2.5751,172.4610,True
594,59.4000,6.4200,77.2792,False,2.7826,135.7149,False,2.7826,78.0415,False,3.0282,117.7940,False,2.7581,157.7678,True
595,59.5000,6.4942,81.1276,False,2.7621,162.0312,True,2.7621,64.3945,False,3.0167,139.5292,False,2.6651,163.1037,True
596,59.6000,6.0897,80.9795,False,2.8645,146.0484,False,2.8645,80.2851,False,3.0518,155.5907,True,2.6712,153.8362,True
597,59.7000,5.8708,73.8981,False,2.7741,170.8229,True,2.7741,53.0476,False,2.8693,142.6648,False,2.5734,163.0687,True
598,59.8000,5.9993,73.3161,False,2.7586,144.6876,False,2.7586,69.4750,False,2.6782,140.9019,False,2.6686,158.0641,True
599,59.9000,6.3950,81.4367,False,2.6143,137.9813,False,2.6143,84.7011,False,3.0306,113.2282,False,2.5436,163.0440,True
600,60.0000,6.5478,78.9235,False,3.0230,161.2960,True,3.0230,66.2951,False,3.0734,135.6386,False,2.6245,170.4094,True
601,60.1000,6.4743,85.2879,False,2.7087,159.8004,True,2.7087,61.4196,False,3.0285,161.7183,True,2.8803,154.2746,True
602,60.2000,6.4435,80.6395,False,2.6766,135.8287,False,2.6766,75.7386,False,2.8745,128.4422,False,2.5533,144.6410,False
603,60.3000,6.0105,78.1436,False,2.7290,152.9945,True,2.7290,80.3128,False,2.8066,135.1942,False,2.7506,162.3958,True
604,60.4000,6.0929,74.7424,False,2.6040,153.8796,True,2.6040,74.0331,False,3.1375,122.5490,False,2.6914,143.7845,False
605,60.5000,6.3546,82.4859,False,2.7071,121.8806,False,2.7071,87.3092,False,3.1281,142.2702,False,2.6426,172.4302,True
606,60.6000,6.0106,72.0421,False,2.6878,144.1952,False,2.6878,64.3539,False,2.9008,133.9765,False,2.6243,154.2028,True
607,60.7000,6.2998,76.7172,False,2.6970,164.9634,True,2.6970,59.1200,False,2.8486,172.3028,True,2.5377,157.0953,True
608,60.8000,6.0410,73.6835,False,2.8131,167.1475,True,2.8131,49.8559,False,3.0565,136.9379,False,2.7828,145.6412,False
609,60.9000,5.6786,75.1898,False,2.5518,155.3188,True,2.5518,70.5078,False,3.1348,151.0815,True,2.7260,164.1486,True
610,61.0000,6.2177,77.3553,False,2.9923,165.6886,True,2.9923,53.0331,False,2.6778,152.8696,True,2.8599,169.2630,True
611,61.1000,6.1619,79.8427,False,2.7348,161.3667,True,2.7348,69.1361,False,2.9253,161.5877,True,2.6559,166.0124,True
612,61.2000,5.9342,77.4223,False,2.6804,155.4613,True,2.6804,67.5844,False,2.8099,164.2077,True,2.6323,169.8908,True
613,61.3000,6.4182,87.7794,False,2.7952,169.1540,True,2.7952,55.2749,False,2.6731,170.3712,True,2.9006,145.1045,False
614,61.4000,6.4619,83.9590,False,2.9626,151.9492,True,2.9626,68.5441,False,3.1171,163.1583,True,2.5964,170.1967,True
615,61.5000,6.4666,80.9204,False,2.8156,165.8634,True,2.8156,61.0410,False,2.6325,155.6341,True,2.5895,163.6027,True
616,61.6000,6.4215,88.1456,False,2.7791,153.2853,True,2.7791,67.1825,False,2.9522,176.6538,True,2.7162,169.8078,True
617,61.7000,5.9500,73.1742,False,2.7019,159.5642,True,2.7019,73.9138,False,2.7500,156.7145,True,2.6687,158.9114,True
618,61.8000,6.1090,73.5191,False,2.9830,164.7300,True,2.9830,55.8336,False,2.9658,154.9218,True,2.6976,165.9520,True
619,61.9000,5.8888,74.5431,False,2.7056,153.0087,True,2.7056,61.3988,False,2.7089,139.1121,False,2.7458,161.5152,True
620,62.0000,6.1955,78.6443,False,2.8909,138.8192,False,2.8909,89.1702,False,3.2164,140.5700,False,2.7454,151.8917,True
621,62.1000,6.4794,78.9218,False,3.0548,169.7145,True,3.0548,58.9688,False,2.7147,163.4760,True,2.6141,140.7829,False
622,62.2000,5.9427,76.2666,False,2.7216,128.3405,False,2.7216,88.4655,False,3.0094,142.9792,False,2.6757,164.9037,True
623,62.3000,5.8941,78.6019,False,2.6050,136.4667,False,2.6050,71.6332,False,2.7959,157.9855,True,2.5557,167.3149,True
624,62.4000,6.1635,82.1798,False,2.5009,160.1092,True,2.5009,58.0079,False,2.8364,164.2057,True,2.8683,166.2023,True
625,62.5000,6.5108,81.2786,False,2.8324,154.4756,True,2.8324,70.2323,False,2.8329,162.1452,True,2.7550,170.8661,True
626,62.6000,6.3166,78.7847,False,2.6179,175.9025,True,2.6179,58.5346,False,2.8362,161.0180,True,2.6497,168.6604,True
627,62.7000,6.6433,78.4266,False,2.8794,146.4844,False,2.8794,72.6612,False,2.7210,145.8976,False,2.6689,157.8070,True
628,62.8000,6.5037,79.4502,False,2.7133,149.4395,False,2.7133,76.9880,False,3.1695,136.6312,False,2.6183,154.5899,True
629,62.9000,6.3574,80.1987,False,2.8481,172.7742,True,2.8481,58.1565,False,2.7328,162.4679,True,2.7279,163.7547,True
630,63.0000,6.1944,75.1928,False,2.7029,169.6095,True,2.7029,58.6653,False,2.8448,146.6136,False,2.6785,175.3159,True
631,63.1000,6.3809,82.8312,False,2.7460,141.6945,False,2.7460,81.5026,False,3.0510,152.9326,True,2.7241,151.8019,True
632,63.2000,6.3502,76.5294,False,2.7099,145.2765,False,2.7099,65.9795,False,2.6770,147.3547,False,2.7721,159.2611,True
633,63.3000,5.7748,71.7980,False,2.5557,169.6075,True,2.5557,58.5784,False,2.8655,161.1286,True,2.9024,172.5321,True
634,63.4000,5.6010,76.0884,False,2.6798,162.7110,True,2.6798,62.1074,False,2.6181,173.1380,True,2.6459,154.5023,True
635,63.5000,5.7547,72.7606,False,2.6891,154.8800,True,2.6891,65.5202,False,2.9264,135.0359,False,2.7207,164.3404,True
636,63.6000,6.1891,77.5767,False,2.7002,155.0156,True,2.7002,74.7720,False,2.9433,140.8203,False,2.6833,174.0297,True
637,63.7000,6.8593,89.4254,False,2.6819,149.8559,False,2.6819,62.4688,False,3.2877,158.9989,True,2.6125,161.5307,True
638,63.8000,6.6212,80.6226,False,2.9665,158.1190,True,2.9665,77.3581,False,2.7868,140.3667,False,2.6586,164.5429,True
639,63.9000,6.3714,78.7694,False,2.6651,136.3006,False,2.6651,79.1107,False,2.7538,120.2723,False,2.5821,163.4405,True
640,64.0000,6.1870,72.8718,False,2.5764,156.1481,True,2.5764,67.2284,False,2.9498,125.0291,False,2.6926,161.2181,True
641,64.1000,6.4592,76.4193,False,2.8259,169.6314,True,2.8259,63.5857,False,2.8954,163.5488,True,2.7116,156.5387,True
642,64.2000,6.5558,77.0783,False,2.8848,148.7162,False,2.8848,70.3227,False,2.7989,153.5223,True,2.7572,164.4562,True
643,64.3000,6.6352,74.4784,False,2.8021,176.5530,True,2.8021,56.0031,False,2.8365,123.2646,False,2.9071,150.2584,True
644,64.4000,6.2212,77.4224,False,2.8841,147.2807,False,2.8841,62.5986,False,2.7128,173.9906,True,2.5632,145.8807,False
645,64.5000,6.1472,82.5116,False,2.6576,150.1838,True,2.6576,66.2290,False,2.9026,164.5657,True,2.6811,148.7242,False
646,64.6000,6.1983,73.1628,False,2.6410,146.3067,False,2.6410,56.7473,False,2.7393,145.3710,False,2.5968,170.2165,True
647,64.7000,6.6394,88.5535,False,2.5796,140.5257,False,2.5796,74.1579,False,3.0324,170.2860,True,2.6930,167.9328,True
648,64.8000,6.5948,79.2835,False,2.7653,161.0632,True,2.7653,60.2680,False,2.7192,155.4574,True,2.7874,167.7749,True
649,64.9000,6.5146,83.5796,False,2.7548,170.2574,True,2.7548,64.6439,False,2.9100,179.0290,True,2.6919,164.4470,True
650,65.0000,6.5168,80.3321,False,2.7897,152.3730,True,2.7897,54.7781,False,2.9028,164.0747,True,2.7446,151.7751,True
651,65.1000,6.7329,77.2136,False,2.6862,149.8826,False,2.6862,55.1615,False,2.9609,151.4922,True,2.6839,167.3396,True
652,65.2000,6.7553,80.1237,False,2.5572,173.4814,True,2.5572,57.0649,False,2.7355,166.9508,True,2.7157,176.6354,True
653,65.3000,6.5045,77.5801,False,2.7907,159.9737,True,2.7907,63.0806,False,2.7853,165.4885,True,2.6383,161.1974,True
654,65.4000,6.2328,78.6839,False,2.8890,151.4906,True,2.8890,64.3251,False,2.8163,163.8006,True,2.8218,153.6123,True
655,65.5000,6.5257,85.3108,False,2.9210,159.5671,True,2.9210,73.0571,False,2.9297,167.3589,True,2.7842,146.8520,False
656,65.6000,6.3770,76.9623,False,2.6212,155.1559,True,2.6212,59.5791,False,2.8231,164.5453,True,2.6510,160.8444,True
657,65.7000,6.1328,71.4936,False,2.7213,167.7564,True,2.7213,53.2249,False,2.6669,163.0901,True,2.6440,156.5851,True
658,65.8000,5.9151,75.1438,False,2.7855,143.8554,False,2.7855,74.6058,False,3.1422,174.7050,True,2.6980,165.0498,True
659,65.9000,5.9734,74.2052,False,2.7397,172.6780,True,2.7397,56.6587,False,2.7950,153.1819,True,2.6433,152.4601,True
660,66.0000,5.8359,70.6361,False,2.6744,162.2171,True,2.6744,61.6384,False,2.7837,162.8443,True,2.6073,164.1842,True
661,66.1000,5.7226,71.0311,False,2.7128,149.1879,False,2.7128,74.9567,False,2.8016,143.5576,False,2.7179,165.0989,True
662,66.2000,6.2638,76.6620,False,2.5087,145.2088,False,2.5087,72.2427,False,3.2104,119.9180,False,2.6608,168.4290,True
663,66.3000,6.5379,83.9628,False,2.6979,159.5530,True,2.6979,65.7509,False,2.7430,157.4503,True,2.5124,170.0125,True
664,66.4000,6.3717,83.8260,False,2.4170,168.6022,True,2.4170,56.8499,False,2.8343,141.0307,False,2.8029,162.6154,True
665,66.5000,6.4303,84.8140,False,2.6046,140.8506,False,2.6046,76.4611,False,2.9268,146.8163,False,2.6986,152.8968,True
666,66.6000,6.5514,79.7737,False,2.5462,175.0193,True,2.5462,55.5595,False,2.7880,164.2972,True,2.6603,154.9878,True
667,66.7000,6.2453,77.7719,False,2.8224,147.8318,False,2.8224,68.3485,False,2.8223,169.8459,True,2.7186,150.6136,True
668,66.8000,6.3744,80.5561,False,2.7047,150.5008,True,2.7047,73.0672,False,2.9796,148.2994,False,2.5290,150.6136,True
669,66.9000,6.3648,80.2957,False,2.6575,172.0173,True,2.6575,57.0684,False,2.7259,161.6950,True,2.8185,169.4359,True
670,67.0000,6.4527,82.1783,False,2.7168,123.9814,False,2.7168,77.7796,False,2.9194,165.5580,True,2.4550,163.3498,True
671,67.1000,6.1769,75.8005,False,2.6787,155.9643,True,2.6787,78.5329,False,2.9312,142.8839,False,2.8102,167.3222,True
672,67.2000,5.8631,72.2507,False,2.6563,131.9815,False,2.6563,73.3315,False,2.7944,124.5008,False,2.9965,140.2475,False
673,67.3000,6.1644,75.5255,False,2.7822,147.7418,False,2.7822,77.2307,False,3.1196,129.8723,False,2.6561,166.7194,True
674,67.4000,6.5110,82.0873,False,2.7167,156.1098,True,2.7167,68.0008,False,2.8451,162.8164,True,2.5941,165.3832,True
675,67.5000,6.3874,83.8600,False,2.6403,162.9882,True,2.6403,61.5919,False,2.7872,154.0080,True,2.7770,163.3080,True
676,67.6000,6.2502,81.4469,False,2.8148,145.7078,False,2.8148,76.9015,False,2.7586,156.0498,True,2.7054,165.8144,True
677,67.7000,6.0443,73.9073,False,2.5142,173.9032,True,2.5142,62.2255,False,2.7506,154.7291,True,2.7651,169.5766,True
678,67.8000,6.3422,80.4542,False,2.7171,157.9084,True,2.7171,70.6983,False,2.7230,167.9399,True,2.5994,167.7073,True
679,67.9000,6.2712,86.1231,False,2.5440,145.1162,False,2.5440,70.9603,False,3.0505,174.9992,True,2.7774,165.8056,True
680,68.0000,6.7893,81.1957,False,2.8396,157.6156,True,2.8396,55.1080,False,2.7656,152.7347,True,2.5860,166.7254,True
681,68.1000,7.0208,86.4233,False,2.9227,137.5437,False,2.9227,83.6555,False,2.8942,132.9351,False,2.7206,159.3465,True
682,68.2000,6.5796,84.7543,False,2.6650,164.2282,True,2.6650,65.8605,False,2.9251,173.2569,True,2.9237,170.4230,True
683,68.3000,6.5658,77.6780,False,2.7017,165.8557,True,2.7017,50.7748,False,2.7608,143.4804,False,2.6021,145.0339,False
684,68.4000,6.4202,80.9230,False,2.8838,153.6456,True,2.8838,75.3355,False,2.8651,159.5518,True,2.7024,162.6686,True
685,68.5000,6.3399,82.2220,False,2.6421,174.8563,True,2.6421,55.4254,False,2.8708,166.9363,True,2.6652,148.1766,False
686,68.6000,6.4646,79.4902,False,2.7897,156.6697,True,2.7897,61.9886,False,2.8972,152.2584,True,2.6914,156.7025,True
687,68.7000,6.5309,77.5677,False,2.9453,133.1848,False,2.9453,78.8443,False,2.7758,150.5076,True,2.6084,165.4468,True
688,68.8000,6.5247,80.7652,False,2.6881,164.3092,True,2.6881,65.7132,False,3.0714,156.1657,True,2.7169,157.6989,True
689,68.9000,6.4035,81.1154,False,2.8061,156.8713,True,2.8061,65.1919,False,2.7386,161.3686,True,2.8952,155.1800,True
690,69.0000,6.5457,83.5357,False,2.5082,150.7717,True,2.5082,62.7049,False,2.8785,158.2254,True,2.5884,154.9100,True
691,69.1000,6.5921,83.1129,False,2.6591,170.9280,True,2.6591,57.1604,False,2.6676,168.1274,True,2.8637,157.8696,True
692,69.2000,6.5084,79.4441,False,2.8034,167.1344,True,2.8034,67.8609,False,2.8476,155.4509,True,2.7987,166.2950,True
693,69.3000,6.2321,77.1163,False,2.9022,150.3162,True,2.9022,68.9635,False,2.8773,169.8287,True,2.5868,166.5703,True
694,69.4000,6.0954,79.7932,False,2.6452,147.1567,False,2.6452,76.8442,False,2.8426,168.8422,True,2.7057,155.0619,True
695,69.5000,6.4147,78.7237,False,2.7375,175.5796,True,2.7375,59.1082,False,2.9313,154.1516,True,2.7121,160.7425,True
696,69.6000,6.2895,72.7101,False,2.7179,158.4630,True,2.7179,65.7601,False,2.9295,136.2878,False,2.7722,148.5911,False
697,69.7000,6.5262,82.6791,False,3.0047,145.3990,False,3.0047,79.6634,False,3.1098,157.3131,True,2.5954,150.3137,True
698,69.8000,6.2733,74.0249,False,2.7902,125.0432,False,2.7902,56.8239,False,2.6815,153.7089,True,2.6434,159.6553,True
699,69.9000,6.5750,81.9148,False,2.6842,148.1305,False,2.6842,73.8015,False,2.7311,139.2915,False,2.6259,164.5609,True
700,70.0000,6.6202,80.4745,False,2.8589,146.0631,False,2.8589,61.8411,False,2.8756,144.3192,False,2.5750,169.1141,True
701,70.1000,6.2694,75.4028,False,2.8973,168.5665,True,2.8973,55.3395,False,2.7006,145.7586,False,2.6728,159.5015,True
702,70.2000,6.2510,79.2458,False,2.5944,159.0778,True,2.5944,69.5265,False,3.1717,142.8078,False,2.5302,157.7632,True
703,70.3000,6.0283,75.0471,False,2.6126,165.8040,True,2.6126,60.9604,False,2.7013,156.8865,True,2.7969,151.9452,True
704,70.4000,6.3407,83.8102,False,2.6352,154.6032,True,2.6352,60.1550,False,2.9408,173.1178,True,2.5492,164.1469,True
705,70.5000,6.1301,75.9483,False,2.6896,144.4497,False,2.6896,65.6357,False,2.7251,159.0619,True,2.7404,174.2418,True
706,70.6000,6.0471,71.9253,False,2.9067,175.8128,True,2.9067,59.6546,False,2.6811,156.5631,True,2.6035,169.5662,True
707,70.7000,6.3506,77.5546,False,2.7126,141.6333,False,2.7126,53.1094,False,2.7423,167.3674,True,2.6781,156.1794,True
708,70.8000,6.2623,73.3423,False,2.8688,159.0262,True,2.8688,66.3334,False,2.8734,161.5704,True,2.6367,165.0193,True
709,70.9000,6.3301,77.0371,False,2.8078,158.7811,True,2.8078,58.7057,False,2.8312,145.4210,False,3.2717,155.2828,True
710,71.0000,6.6008,79.9792,False,2.5801,166.2934,True,2.5801,57.8826,False,2.7290,143.2809,False,3.1133,156.1066,True
711,71.1000,6.4376,87.3163,False,2.6275,155.4071,True,2.6275,73.6182,False,2.9001,162.6617,True,2.5374,162.0891,True
712,71.2000,6.5650,76.9911,False,2.7032,152.9485,True,2.7032,65.5938,False,2.6972,137.3298,False,2.7614,145.8991,False
713,71.3000,6.4794,83.0829,False,2.7875,150.2388,True,2.7875,72.7089,False,2.8413,162.0809,True,2.7101,170.1434,True
714,71.4000,6.7759,78.7952,False,2.8465,162.3360,True,2.8465,56.9334,False,2.8771,149.6210,False,2.5226,168.3368,True
715,71.5000,6.7540,89.7804,False,2.6566,168.1142,True,2.6566,60.5676,False,2.7999,158.6782,True,2.7787,174.1072,True
716,71.6000,6.4515,77.6254,False,2.7708,168.4381,True,2.7708,61.4012,False,2.7451,170.1041,True,2.6260,168.3870,True
717,71.7000,6.3987,75.6936,False,2.8083,170.6116,True,2.8083,61.3000,False,2.9123,164.5869,True,2.7229,147.0126,False
718,71.8000,6.3631,75.2470,False,2.9229,163.1781,True,2.9229,60.1229,False,2.7995,173.7145,True,2.6292,158.9953,True
719,71.9000,6.3171,77.6820,False,2.6456,164.7119,True,2.6456,60.6778,False,2.9295,163.4505,True,2.8130,149.5561,False
720,72.0000,6.2588,80.3495,False,2.7240,158.8220,True,2.7240,62.8368,False,2.8011,159.7858,True,2.7981,144.8168,False
721,72.1000,6.1559,81.6881,False,2.6496,163.5429,True,2.6496,60.5465,False,3.0502,161.8567,True,2.6195,138.8174,False
722,72.2000,6.4405,76.1659,False,2.9081,168.4528,True,2.9081,60.0156,False,2.8400,163.9653,True,2.7150,163.7143,True
723,72.3000,6.7944,85.0507,False,2.8764,156.3711,True,2.8764,61.3862,False,2.7864,171.5758,True,2.7503,146.6644,False
724,72.4000,6.1934,80.1881,False,2.7248,163.7444,True,2.7248,58.1318,False,2.8046,165.3452,True,2.7245,158.8356,True
725,72.5000,6.5656,81.3364,False,2.9986,152.3537,True,2.9986,81.1472,False,2.7117,166.8153,True,2.6558,166.4379,True
726,72.6000,6.5473,79.3219,False,2.7109,156.8444,True,2.7109,66.2827,False,3.0084,139.3455,False,2.5536,176.5287,True
727,72.7000,6.4025,73.3971,False,2.9516,163.0188,True,2.9516,39.2997,False,2.6609,126.0617,False,2.8671,169.7342,True
728,72.8000,6.2829,75.6238,False,2.7739,170.6187,True,2.7739,61.6383,False,3.0198,137.4518,False,2.8252,164.9917,True
729,72.9000,6.5288,86.9804,False,2.8816,162.3802,True,2.8816,64.7168,False,2.7021,162.8073,True,2.6085,161.7507,True
730,73.0000,6.4759,84.3580,False,2.6893,143.9353,False,2.6893,69.3201,False,2.8542,155.1318,True,2.5830,156.7483,True
731,73.1000,6.7047,78.9183,False,2.7486,165.3834,True,2.7486,58.7691,False,2.8053,137.3647,False,2.7481,170.7461,True
732,73.2000,6.9074,92.7198,False,2.9188,144.4284,False,2.9188,71.1391,False,2.8360,165.6239,True,2.7385,171.7747,True
733,73.3000,7.1718,86.6605,False,2.7726,165.6130,True,2.7726,46.0366,False,2.6124,151.5487,True,2.6146,163.9634,True
734,73.4000,6.6394,80.7034,False,2.6549,159.4518,True,2.6549,73.1335,False,2.6809,169.2920,True,2.6806,159.7425,True
735,73.5000,6.2430,80.5651,False,2.6938,148.3321,False,2.6938,69.8537,False,3.0055,139.2105,False,2.7227,145.2226,False
736,73.6000,6.3002,75.1233,False,2.7138,161.2751,True,2.7138,61.9196,False,2.9249,153.8807,True,2.6906,158.6036,True
737,73.7000,6.6747,82.9936,False,2.8292,167.8934,True,2.8292,56.3592,False,3.0376,158.2918,True,2.5380,160.8561,True
738,73.8000,6.8492,85.8903,False,2.9900,156.1732,True,2.9900,69.5448,False,2.6315,172.7291,True,2.5827,171.8869,True
739,73.9000,6.7221,78.5683,False,2.6711,151.3442,True,2.6711,64.7220,False,2.9038,142.2409,False,2.7011,174.1846,True
740,74.0000,6.4117,76.7954,False,2.6564,141.6557,False,2.6564,69.2274,False,3.0047,144.1561,False,2.6751,163.0125,True
741,74.1000,6.5183,83.8863,False,2.6984,161.1924,True,2.6984,72.9218,False,2.8600,177.3342,True,2.6417,154.5491,True
742,74.2000,6.6595,82.4670,False,2.8716,161.1735,True,2.8716,47.6041,False,2.6258,142.2500,False,2.6964,149.5923,False
743,74.3000,6.5096,86.1419,False,2.7057,128.9102,False,2.7057,78.5220,False,3.3622,138.2756,False,2.6081,148.6697,False
744,74.4000,6.4912,76.5861,False,2.8306,138.4405,False,2.8306,69.0241,False,2.9275,140.8136,False,2.8385,159.9346,True
745,74.5000,6.4236,77.4173,False,2.7336,154.4853,True,2.7336,66.8474,False,2.8369,164.7844,True,2.8117,162.2361,True
746,74.6000,6.3163,80.7026,False,2.7390,166.8251,True,2.7390,56.2721,False,2.7915,148.9490,False,2.5618,154.3341,True
747,74.7000,6.0160,77.1744,False,2.5570,156.1959,True,2.5570,64.8998,False,2.8309,170.6926,True,2.7858,157.6687,True
748,74.8000,6.2376,71.5604,False,2.5562,169.1810,True,2.5562,55.0555,False,2.7193,145.6573,False,2.6575,157.2334,True
749,74.9000,6.6515,83.7133,False,2.7783,171.7310,True,2.7783,62.0316,False,2.8544,168.3931,True,3.0667,151.9497,True
750,75.0000,6.2501,76.6141,False,2.7613,156.2000,True,2.7613,59.2319,False,2.6941,170.5651,True,2.6275,158.4649,True
751,75.1000,6.4535,81.4803,False,2.7152,165.8315,True,2.7152,61.9010,False,2.7865,176.0301,True,2.8166,148.8853,False
752,75.2000,5.9922,70.8870,False,2.7239,160.8839,True,2.7239,59.6538,False,2.7866,144.2622,False,2.8124,163.2781,True
753,75.3000,6.4640,85.9655,False,2.7838,146.5948,False,2.7838,73.3283,False,2.8682,169.1886,True,2.8642,148.5515,False
754,75.4000,6.6922,78.5901,False,2.8070,162.5012,True,2.8070,64.8661,False,2.8368,143.4761,False,2.6928,162.7162,True
755,75.5000,6.5811,85.4026,False,2.6248,163.4664,True,2.6248,59.6392,False,2.9100,173.1950,True,2.6918,177.5795,True
756,75.6000,6.6188,83.7178,False,2.8384,170.2758,True,2.8384,62.9036,False,2.7774,154.5767,True,2.8709,150.0434,True
757,75.7000,6.7324,86.1100,False,2.6446,146.8799,False,2.6446,73.6366,False,2.9405,148.3463,False,2.6837,148.6871,False
758,75.8000,6.6154,86.5963,False,2.8831,168.6693,True,2.8831,60.3834,False,2.8405,164.9862,True,2.6913,174.9501,True
759,75.9000,6.7854,86.5885,False,2.7503,138.6401,False,2.7503,58.5151,False,2.6924,160.4482,True,2.5265,156.3314,True
760,76.0000,6.6545,86.4677,False,2.8042,161.0350,True,2.8042,62.5231,False,3.0542,164.4998,True,2.7426,156.9063,True
761,76.1000,6.1779,76.3893,False,2.6844,156.0091,True,2.6844,63.8547,False,2.8237,152.5470,True,2.5937,168.5101,True
762,76.2000,6.5809,84.8338,False,2.5347,152.8084,True,2.5347,61.5173,False,2.7265,170.0702,True,2.5772,174.0987,True
763,76.3000,6.9313,80.6755,False,2.6852,169.3463,True,2.6852,60.7121,False,2.8153,128.9089,False,2.6459,174.4447,True
764,76.4000,6.9536,85.5019,False,2.9469,158.4736,True,2.9469,61.5674,False,2.8080,153.2181,True,2.6518,165.9664,True
765,76.5000,6.7055,84.7865,False,2.5104,149.5888,False,2.5104,65.2448,False,2.8798,158.1434,True,2.8226,157.5127,True
766,76.6000,6.1110,74.4312,False,2.6188,160.3952,True,2.6188,68.8640,False,2.7936,158.8167,True,2.6670,158.4666,True
767,76.7000,5.9729,76.6365,False,2.6239,171.5040,True,2.6239,56.3487,False,2.8500,168.0122,True,2.6748,159.9993,True
768,76.8000,6.2948,79.1328,False,2.7902,115.7278,False,2.7902,84.3084,False,2.8712,148.2448,False,2.6669,144.8192,False
769,76.9000,6.6689,80.7740,False,2.7933,151.1455,True,2.7933,59.4280,False,2.6851,154.7568,True,2.6070,170.0422,True
770,77.0000,6.7632,84.8853,False,2.6287,158.2212,True,2.6287,63.1267,False,2.8919,170.5029,True,2.6634,155.6377,True
771,77.1000,6.5289,76.7700,False,2.7432,142.3316,False,2.7432,62.5185,False,2.8816,150.1493,True,2.7710,165.1777,True
772,77.2000,6.5979,77.3732,False,2.6480,157.1924,True,2.6480,56.4586,False,2.8401,169.5276,True,2.6761,157.6597,True
773,77.3000,6.9002,82.2392,False,2.5907,176.5100,True,2.5907,58.7235,False,2.8136,162.9096,True,2.6870,155.3589,True
774,77.4000,6.9879,89.6054,False,2.6638,128.8003,False,2.6638,71.8109,False,2.8524,162.7255,True,2.6599,138.1064,False
775,77.5000,6.9509,86.4854,False,2.7733,140.5013,False,2.7733,73.1112,False,2.8527,154.7766,True,2.5193,156.8562,True
776,77.6000,6.8832,89.1684,False,2.8215,172.3232,True,2.8215,60.3799,False,2.7590,162.1982,True,2.6069,150.6031,True
777,77.7000,6.7274,80.2697,False,2.7221,144.5777,False,2.7221,67.8637,False,2.7932,161.4466,True,2.6903,167.2161,True
778,77.8000,6.5941,77.4062,False,2.8401,153.7822,True,2.8401,57.5538,False,2.6516,153.7383,True,2.5738,162.8710,True
779,77.9000,6.5575,83.5734,False,2.5801,144.8925,False,2.5801,65.9352,False,2.8322,155.3004,True,2.7699,144.9736,False
780,78.0000,6.5089,73.1091,False,2.6976,173.9566,True,2.6976,54.8782,False,2.7607,135.2907,False,2.8338,145.2660,False
781,78.1000,6.5759,79.8881,False,2.6818,162.6954,True,2.6818,62.2343,False,2.8427,156.3120,True,2.5207,164.0010,True
782,78.2000,6.5547,81.0170,False,2.6636,160.5942,True,2.6636,67.5804,False,2.9856,146.3832,False,2.7586,162.3473,True
783,78.3000,6.4002,79.0864,False,2.8165,168.9422,True,2.8165,63.9955,False,2.8710,161.1445,True,2.6425,175.1782,True
784,78.4000,6.8321,88.9075,False,2.7126,162.9803,True,2.7126,58.9925,False,2.7225,170.8103,True,2.6848,165.1780,True
785,78.5000,6.8518,87.8159,False,2.6303,149.5341,False,2.6303,56.3264,False,2.8041,161.0911,True,2.7217,166.0995,True
786,78.6000,6.7428,81.5471,False,2.9494,147.8055,False,2.9494,68.3195,False,2.7733,148.1598,False,2.5033,143.1557,False
787,78.7000,6.5127,85.8965,False,2.7729,154.6441,True,2.7729,64.8822,False,2.8678,174.4355,True,2.7818,165.6576,True
788,78.8000,6.4802,78.8901,False,2.6665,161.1089,True,2.6665,49.8913,False,2.7128,161.2050,True,2.7824,156.7923,True
789,78.9000,6.3307,76.9561,False,2.5796,161.3277,True,2.5796,77.6560,False,2.9118,149.4057,False,2.6991,164.2817,True
790,79.0000,6.3889,75.7619,False,2.6964,169.2430,True,2.6964,52.5837,False,2.7719,153.4037,True,2.6023,157.9665,True
791,79.1000,6.4372,78.7708,False,2.7148,170.8805,True,2.7148,64.2017,False,2.8656,173.5341,True,2.8103,144.3234,False
792,79.2000,6.1633,74.4640,False,2.6313,141.9978,False,2.6313,58.1733,False,3.1381,167.7766,True,2.5972,137.7002,False
793,79.3000,6.4703,76.7383,False,2.7718,154.2899,True,2.7718,55.6921,False,2.6881,158.8607,True,2.7439,166.8351,True
794,79.4000,6.4597,73.6627,False,2.6150,151.0810,True,2.6150,75.0139,False,2.8716,100.3197,False,2.7247,172.6235,True
795,79.5000,6.6149,79.4580,False,2.5777,142.5253,False,2.5777,72.7751,False,2.8275,110.9985,False,2.6707,154.8030,True
796,79.6000,6.6498,83.3035,False,2.7103,141.1702,False,2.7103,71.1757,False,3.0295,127.4274,False,2.6915,151.2229,True
797,79.7000,6.4137,79.2723,False,2.8865,149.0813,False,2.8865,75.8351,False,3.0722,129.7200,False,2.6204,165.2693,True
798,79.8000,6.8783,84.1882,False,2.9118,155.8667,True,2.9118,61.2743,False,2.7276,166.9061,True,2.5986,160.9860,True
799,79.9000,6.9919,84.4097,False,2.6212,154.7056,True,2.6212,57.2492,False,3.0395,129.1684,False,2.8568,156.8064,True
800,80.0000,7.0303,93.5658,False,2.6602,129.2822,False,2.6602,72.4260,False,2.7610,144.4798,False,2.7084,170.5737,True
801,80.1000,6.8390,90.1885,False,2.7062,161.6596,True,2.7062,64.9891,False,2.7618,170.9762,True,2.6676,154.1156,True
802,80.2000,6.4437,79.8974,False,2.6945,151.3460,True,2.6945,68.7331,False,2.8112,149.0452,False,2.6368,150.1268,True
803,80.3000,6.3623,77.9776,False,2.5278,150.7355,True,2.5278,68.9649,False,3.0272,108.5457,False,2.6427,150.8444,True
804,80.4000,6.5232,79.9544,False,2.8081,154.0932,True,2.8081,66.7779,False,3.0740,124.8459,False,2.7543,159.1604,True
805,80.5000,6.9719,83.9943,False,2.8477,160.7307,True,2.8477,63.0581,False,3.0360,132.8172,False,2.6213,172.1242,True
806,80.6000,7.1613,88.9882,False,2.7158,178.3979,True,2.7158,63.1726,False,2.8586,136.3849,False,2.7147,168.2703,True
807,80.7000,7.0673,91.3574,False,2.8533,156.2441,True,2.8533,71.6205,False,2.8853,159.0757,True,2.6020,170.9170,True
808,80.8000,6.7629,85.1635,False,2.7773,160.1620,True,2.7773,63.3073,False,2.8638,142.2650,False,2.7836,157.8566,True
809,80.9000,6.6000,84.3487,False,2.5800,158.6378,True,2.5800,72.3360,False,3.0265,143.7303,False,2.4988,151.3766,True
810,81.0000,6.7183,85.5724,False,2.6132,156.6797,True,2.6132,61.1506,False,2.9163,147.4304,False,2.5852,151.7816,True
811,81.1000,7.1520,93.6861,False,2.8130,167.9936,True,2.8130,67.8883,False,2.8614,166.1790,True,2.6824,163.2297,True
812,81.2000,7.1106,85.7347,False,2.7165,151.1116,True,2.7165,60.2318,False,2.8879,132.8314,False,2.6675,161.3861,True
813,81.3000,6.9073,84.1189,False,2.6286,140.6229,False,2.6286,72.7564,False,3.0235,113.9831,False,2.7580,163.8567,True
814,81.4000,6.7134,79.2216,False,2.6569,152.3913,True,2.6569,70.3767,False,3.0039,106.4601,False,2.6026,163.3184,True
815,81.5000,6.8539,90.3015,False,2.6543,147.2414,False,2.6543,74.5561,False,2.7574,172.8003,True,2.9013,171.8091,True
816,81.6000,6.5192,90.3523,False,2.8309,165.4635,True,2.8309,65.8886,False,2.9508,166.4654,True,2.4931,158.0823,True
817,81.7000,6.9096,87.3519,False,2.7695,150.1178,True,2.7695,70.2347,False,2.8817,168.0579,True,2.6899,154.9654,True
818,81.8000,6.6791,79.6841,False,2.7331,145.3574,False,2.7331,58.5197,False,2.9742,121.8738,False,2.5778,146.2464,False
819,81.9000,6.9160,87.2336,False,2.8103,144.3519,False,2.8103,74.6215,False,2.9188,135.4077,False,2.9228,152.6259,True
820,82.0000,6.7089,84.7758,False,2.6826,172.7797,True,2.6826,62.7023,False,2.8658,159.7915,True,2.6792,169.0125,True
821,82.1000,6.6752,79.7937,False,2.6145,166.3620,True,2.6145,59.0162,False,2.7908,136.1407,False,2.6296,156.1580,True
822,82.2000,6.8740,86.3248,False,2.6970,151.8990,True,2.6970,60.5319,False,2.9794,151.9868,True,2.7025,165.3188,True
823,82.3000,6.5452,79.1801,False,2.6457,170.8418,True,2.6457,61.1735,False,2.7234,157.0566,True,2.6666,159.0656,True
824,82.4000,6.4991,77.5996,False,2.6898,161.5720,True,2.6898,62.3261,False,2.6503,162.1654,True,2.5968,167.5783,True
825,82.5000,6.8333,81.4922,False,2.7988,143.9979,False,2.7988,60.8889,False,2.7939,155.4231,True,2.6241,167.0952,True
826,82.6000,6.9441,84.7527,False,2.8224,171.8043,True,2.8224,61.5289,False,2.8566,163.6034,True,2.7183,169.0489,True
827,82.7000,6.7780,82.2236,False,2.9385,165.8814,True,2.9385,65.4201,False,2.6916,165.1796,True,2.5640,156.4072,True
828,82.8000,6.8273,90.3799,False,2.6343,139.2260,False,2.6343,71.1591,False,2.8387,168.3152,True,2.7234,177.9075,True
829,82.9000,6.6589,85.2470,False,2.8155,149.7529,False,2.8155,72.6138,False,2.7339,169.2975,True,2.6651,169.4397,True
830,83.0000,6.5588,84.5752,False,2.6701,163.4469,True,2.6701,66.4169,False,2.8018,160.5150,True,2.5622,150.2971,True
831,83.1000,6.7341,85.3444,False,2.6696,153.4531,True,2.6696,71.9262,False,2.8251,153.0278,True,2.6630,163.4590,True
832,83.2000,6.6506,81.4001,False,2.7922,171.4628,True,2.7922,48.2490,False,2.8021,142.4568,False,2.7012,158.9996,True
833,83.3000,6.5005,77.9597,False,2.5512,127.9111,False,2.5512,64.1834,False,2.7243,156.1370,True,2.6378,163.2570,True
834,83.4000,6.4785,79.5309,False,2.7616,148.1168,False,2.7616,65.3984,False,2.8878,154.7109,True,2.9057,161.8783,True
835,83.5000,6.2477,78.6837,False,2.5409,176.3606,True,2.5409,59.4163,False,3.0128,163.1730,True,2.5926,160.3320,True
836,83.6000,6.8457,82.2464,False,2.6665,167.2270,True,2.6665,61.7962,False,2.7028,140.2626,False,2.6686,156.1209,True
837,83.7000,7.4476,92.5867,False,2.8526,148.8983,False,2.8526,73.3274,False,3.0006,150.3144,True,2.6314,169.1852,True
838,83.8000,6.9211,84.3553,False,2.9361,141.7889,False,2.9361,73.3281,False,2.7756,151.3449,True,2.5841,161.1487,True
839,83.9000,6.4131,81.8473,False,2.6355,159.2287,True,2.6355,69.6492,False,2.8393,148.8313,False,2.7039,161.5454,True
840,84.0000,6.5919,80.6445,False,2.7395,164.4659,True,2.7395,58.8548,False,2.9971,132.5568,False,2.6800,154.2382,True
841,84.1000,6.9279,85.5748,False,2.8006,151.6798,True,2.8006,66.4939,False,2.8212,154.4454,True,2.6822,152.8656,True
842,84.2000,6.8051,82.1039,False,2.8432,147.0295,False,2.8432,70.2323,False,2.8425,143.7977,False,2.7264,161.7186,True
843,84.3000,6.8703,84.6383,False,2.7802,154.8825,True,2.7802,56.3923,False,2.8861,163.7704,True,2.5388,157.5862,True
844,84.4000,6.7557,87.8012,False,2.6003,164.0371,True,2.6003,63.4760,False,2.8138,174.5649,True,2.8075,147.3645,False
845,84.5000,6.5929,83.2752,False,2.5530,142.2472,False,2.5530,73.7607,False,2.8626,144.5865,False,2.7643,170.8545,True
846,84.6000,6.5154,78.5870,False,2.4874,165.7451,True,2.4874,56.6549,False,2.9090,161.4565,True,2.6692,175.2571,True
847,84.7000,6.4627,81.3534,False,2.5214,157.5660,True,2.5214,63.8890,False,2.7457,172.6743,True,2.7122,134.5805,False
848,84.8000,6.2926,76.9178,False,2.5815,162.1982,True,2.5815,63.2419,False,2.9232,150.8982,True,2.6441,154.5735,True
849,84.9000,6.2149,76.5948,False,2.8014,162.0380,True,2.8014,65.9595,False,2.8103,161.4594,True,2.6638,155.8182,True
850,85.0000,6.5164,81.2320,False,2.9316,142.3431,False,2.9316,70.7113,False,2.7715,171.6197,True,2.7002,176.9141,True
851,85.1000,6.4824,78.2292,False,2.6095,176.2182,True,2.6095,64.8289,False,2.8579,130.2215,False,2.7357,172.8484,True
852,85.2000,6.0962,76.6036,False,2.7345,147.5973,False,2.7345,56.4118,False,2.6534,172.6449,True,2.6631,164.4197,True
853,85.3000,5.9214,70.2130,False,2.8111,154.6315,True,2.8111,57.9320,False,2.8223,155.0882,True,2.7842,172.2151,True
854,85.4000,6.4872,80.4358,False,2.9057,159.8091,True,2.9057,67.4094,False,2.9595,140.0683,False,2.6955,155.2103,True
855,85.5000,7.2208,89.8957,False,2.8295,138.5309,False,2.8295,68.7051,False,3.0908,140.6994,False,2.4004,164.1290,True
856,85.6000,7.0815,90.1792,False,2.7158,173.3107,True,2.7158,54.5539,False,2.8350,167.7004,True,2.6773,163.9220,True
857,85.7000,6.6976,93.9119,False,2.7298,156.1622,True,2.7298,76.3154,False,3.0708,167.4430,True,2.7107,164.8546,True
858,85.8000,6.7493,81.4417,False,2.7162,170.7274,True,2.7162,57.4004,False,2.7238,150.9519,True,2.6974,171.4835,True
859,85.9000,7.1201,93.0072,False,2.5932,143.2429,False,2.5932,68.4821,False,3.1422,167.8286,True,2.9151,165.6460,True
860,86.0000,6.7041,87.9866,False,2.7050,165.1758,True,2.7050,68.6380,False,2.9233,121.2555,False,2.6590,170.2476,True
861,86.1000,6.8817,87.2534,False,2.6152,143.5001,False,2.6152,61.9751,False,2.8394,126.6870,False,2.8224,155.4178,True
862,86.2000,6.8924,81.2370,False,2.8086,150.8335,True,2.8086,71.5700,False,2.8883,117.5827,False,2.6827,172.8695,True
863,86.3000,6.8772,82.6440,False,2.8031,166.4101,True,2.8031,63.8226,False,2.9624,140.7819,False,2.5685,173.6809,True
864,86.4000,6.6949,81.9846,False,2.7510,147.2192,False,2.7510,43.2208,False,2.8559,146.4203,False,2.5152,144.0749,False
865,86.5000,6.7906,84.4539,False,2.6239,158.6121,True,2.6239,72.1886,False,2.7877,138.8859,False,2.7408,153.6143,True
866,86.6000,6.7984,80.2983,False,2.7839,178.7083,True,2.7839,58.9816,False,2.8077,130.5276,False,2.6150,146.5039,False
867,86.7000,6.7118,83.2384,False,2.7886,165.9200,True,2.7886,63.1971,False,2.7518,162.4924,True,2.7925,158.4658,True
868,86.8000,7.0617,89.2793,False,2.7892,172.9215,True,2.7892,61.5568,False,3.0602,149.0646,False,2.6145,147.3309,False
869,86.9000,7.2127,87.0097,False,2.8231,167.2779,True,2.8231,63.8540,False,2.9348,133.8427,False,2.6153,159.6905,True
870,87.0000,7.3615,92.3205,False,2.7693,167.1335,True,2.7693,58.7437,False,2.8291,162.2715,True,2.7993,154.3670,True
871,87.1000,7.1281,87.3336,False,2.6327,158.7076,True,2.6327,61.5792,False,2.7870,138.2582,False,2.6511,167.7618,True
872,87.2000,6.5403,79.2889,False,2.5433,164.1759,True,2.5433,59.5684,False,2.9474,136.5933,False,2.5538,165.5752,True
873,87.3000,6.5434,87.3496,False,2.6329,153.1800,True,2.6329,66.3615,False,2.9667,148.7487,False,2.8044,168.1575,True
874,87.4000,7.0374,86.9238,False,2.7497,156.3937,True,2.7497,65.8576,False,3.3733,132.8552,False,2.6489,165.8785,True
875,87.5000,7.0546,88.7837,False,2.8607,169.0608,True,2.8607,72.5328,False,3.0754,133.3157,False,2.6829,163.2896,True
876,87.6000,6.9466,87.8894,False,2.9209,159.5419,True,2.9209,68.0975,False,2.8319,159.9472,True,2.6147,156.2040,True
877,87.7000,6.7699,78.3948,False,2.7999,163.4948,True,2.7999,57.6091,False,2.6861,137.5714,False,2.5558,167.1606,True
878,87.8000,6.5242,85.6605,False,2.7442,164.4305,True,2.7442,59.4470,False,3.2130,170.4241,True,2.7337,157.7474,True
879,87.9000,6.5120,88.3922,False,2.7771,148.2173,False,2.7771,73.7850,False,2.7377,151.0011,True,2.7283,166.8684,True
880,88.0000,6.7976,83.1911,False,2.8997,134.8099,False,2.8997,64.9031,False,2.8767,144.7101,False,2.6235,169.5736,True
881,88.1000,6.7334,77.6887,False,2.9274,140.2205,False,2.9274,64.6371,False,2.8227,96.1212,False,2.8520,172.6355,True
882,88.2000,6.8057,86.5867,False,2.6812,151.6573,True,2.6812,71.4738,False,3.5042,134.6514,False,2.6617,160.6767,True
883,88.3000,6.6491,81.8648,False,2.7424,151.0192,True,2.7424,71.6541,False,2.6600,121.2269,False,2.6126,169.2743,True
884,88.4000,5.8987,75.5783,False,2.6596,152.2836,True,2.6596,73.8045,False,3.0716,138.9451,False,2.6537,160.3752,True
885,88.5000,6.0563,77.7098,False,2.6281,153.1961,True,2.6281,63.0395,False,2.9319,168.4135,True,2.9312,158.4177,True
886,88.6000,6.5977,81.5934,False,2.7083,178.5040,True,2.7083,56.2747,False,2.6895,148.0130,False,2.6169,167.2503,True
887,88.7000,7.1604,87.7721,False,2.6616,147.3054,False,2.6616,70.6274,False,2.9315,135.4477,False,2.7391,167.4640,True
888,88.8000,6.8659,87.9106,False,2.6072,135.3375,False,2.6072,69.2331,False,3.2046,140.5556,False,2.5761,152.0663,True
889,88.9000,6.7081,86.4995,False,2.5970,155.1413,True,2.5970,53.4780,False,2.6557,169.7177,True,2.7562,150.0031,True
890,89.0000,6.8183,86.9290,False,2.7494,164.5362,True,2.7494,63.9891,False,2.8726,157.9272,True,2.6481,167.4041,True
891,89.1000,6.4066,77.1145,False,2.6440,167.0437,True,2.6440,65.8148,False,2.8702,146.1002,False,2.7093,171.2422,True
892,89.2000,6.5510,79.2028,False,2.8336,151.2940,True,2.8336,60.3833,False,2.7901,154.9286,True,2.7786,160.7564,True
893,89.3000,6.2831,76.0882,False,2.9286,154.4463,True,2.9286,64.4163,False,2.8168,168.4628,True,2.5991,170.3956,True
894,89.4000,6.1872,77.1596,False,2.6755,155.1760,True,2.6755,67.2136,False,2.8926,140.6793,False,2.8278,169.1895,True
895,89.5000,6.1081,75.6017,False,2.7851,172.2132,True,2.7851,63.3391,False,2.8572,136.8476,False,2.6061,167.2552,True
896,89.6000,6.4542,82.5004,False,2.7045,160.8142,True,2.7045,70.6212,False,2.9924,145.8646,False,2.6044,163.6284,True
897,89.7000,6.5692,84.1563,False,2.7251,156.7695,True,2.7251,51.9381,False,2.7610,146.1068,False,2.7127,172.1893,True
898,89.8000,6.6928,83.1286,False,2.8996,147.0042,False,2.8996,79.0808,False,2.8723,132.1039,False,2.6551,160.1367,True
899,89.9000,6.4601,78.9430,False,2.5425,174.3011,True,2.5425,59.6655,False,2.8803,127.4264,False,2.6150,162.7665,True
900,90.0000,6.1698,78.4431,False,2.5261,133.9756,False,2.5261,74.3270,False,2.8864,155.6609,True,2.9728,171.7268,True
901,90.1000,6.2702,75.0567,False,2.8495,144.8817,False,2.8495,69.6074,False,2.6909,152.5272,True,2.7144,170.3172,True
902,90.2000,6.5528,80.4316,False,2.7748,167.7794,True,2.7748,66.4707,False,2.9920,141.0454,False,2.6573,157.9225,True
903,90.3000,6.5824,83.2948,False,2.7298,150.5590,True,2.7298,69.1505,False,2.8574,141.1370,False,2.5694,165.9620,True
904,90.4000,6.4035,75.6307,False,2.7402,163.8442,True,2.7402,63.5386,False,2.8965,127.1019,False,3.1012,162.7555,True
905,90.5000,6.3417,76.0382,False,2.6712,159.5372,True,2.6712,64.4899,False,2.8878,133.0823,False,2.6336,147.1828,False
906,90.6000,6.4778,80.6227,False,2.7107,157.7836,True,2.7107,68.9012,False,2.8121,163.7112,True,2.6889,160.1959,True
907,90.7000,6.9383,85.9464,False,2.7197,153.3682,True,2.7197,65.2556,False,3.0044,142.0485,False,2.7867,158.9934,True
908,90.8000,6.8240,83.3848,False,2.6870,177.3272,True,2.6870,51.5860,False,2.8207,155.4726,True,2.5877,167.9265,True
909,90.9000,6.5227,79.8366,False,2.6485,161.6502,True,2.6485,50.8584,False,2.9326,131.7360,False,2.7391,177.3649,True
910,91.0000,6.4702,80.4933,False,2.7551,151.5540,True,2.7551,67.0725,False,2.9816,136.1832,False,2.8081,162.0947,True
911,91.1000,6.7257,82.6738,False,2.7513,161.6257,True,2.7513,57.4399,False,2.7174,145.7039,False,2.7379,153.3083,True
912,91.2000,6.8023,83.1038,False,2.8581,145.7490,False,2.8581,69.9780,False,2.6650,159.5154,True,2.6381,154.4061,True
913,91.3000,6.7287,79.4211,False,2.6267,137.8370,False,2.6267,62.6665,False,3.0225,140.3689,False,2.5969,151.6806,True
914,91.4000,6.2892,82.1404,False,2.6719,161.0934,True,2.6719,62.2234,False,2.8152,174.6489,True,2.7429,155.0774,True
915,91.5000,6.5368,80.4752,False,2.6749,149.8811,False,2.6749,58.5744,False,2.9894,149.0760,False,2.6626,170.7889,True
916,91.6000,6.4810,76.9540,False,3.0850,152.0199,True,3.0850,65.6621,False,2.8083,160.3634,True,2.6598,169.5099,True
917,91.7000,6.5062,81.1999,False,2.7280,140.6962,False,2.7280,68.9524,False,2.6514,160.2564,True,2.6819,169.5273,True
918,91.8000,6.5702,83.8741,False,2.5716,158.2511,True,2.5716,70.5074,False,2.7655,139.2065,False,2.6547,173.2005,True
919,91.9000,6.7548,82.1406,False,2.6151,171.4901,True,2.6151,54.2341,False,2.7645,148.4228,False,2.7667,161.2780,True
920,92.0000,6.8380,83.1185,False,2.6790,152.3196,True,2.6790,63.2614,False,2.8515,142.3587,False,2.7021,164.9339,True
921,92.1000,6.7569,82.9423,False,2.8285,167.4968,True,2.8285,62.2545,False,2.8456,162.6766,True,2.7751,155.5713,True
922,92.2000,6.9591,93.6790,False,2.8465,149.4824,False,2.8465,72.5092,False,3.0561,174.2837,True,2.6137,156.2163,True
923,92.3000,6.6378,79.5896,False,2.8364,160.9473,True,2.8364,73.4737,False,2.8121,142.5736,False,2.5931,156.9313,True
924,92.4000,6.4873,79.6132,False,2.7147,149.5251,False,2.7147,72.5499,False,2.9458,140.3084,False,2.6005,145.3038,False
925,92.5000,6.1933,76.9822,False,2.5238,155.1176,True,2.5238,63.3272,False,2.6479,156.4981,True,2.6840,154.8250,True
926,92.6000,6.4160,71.8346,False,2.6895,171.8416,True,2.6895,51.9873,False,2.7275,111.6246,False,2.6269,170.8936,True
927,92.7000,6.4943,85.1818,False,2.7249,140.6104,False,2.7249,83.5806,False,2.9310,157.9705,True,2.5483,166.5568,True
928,92.8000,6.4703,74.9978,False,2.8116,149.4672,False,2.8116,60.4059,False,2.8942,108.2423,False,2.7853,161.9755,True
929,92.9000,6.4995,82.2355,False,2.7104,157.8418,True,2.7104,79.3050,False,2.8433,140.2775,False,2.6743,158.3040,True
930,93.0000,6.2575,75.8973,False,2.4719,163.4550,True,2.4719,63.1426,False,2.6980,130.9392,False,2.8150,159.8391,True
931,93.1000,6.3217,82.4362,False,2.5442,137.9722,False,2.5442,82.7461,False,3.0404,136.4591,False,2.7667,162.9807,True
932,93.2000,7.0402,89.6306,False,2.6903,136.6829,False,2.6903,80.3432,False,2.8908,131.1262,False,2.6732,146.8608,False
933,93.3000,7.1767,91.6106,False,2.8493,164.8646,True,2.8493,58.4827,False,2.9415,145.8775,False,2.6001,152.1711,True
934,93.4000,6.5915,77.6741,False,2.7394,172.6847,True,2.7394,63.7288,False,2.7676,144.7791,False,2.6858,153.2505,True
935,93.5000,6.3367,83.5836,False,2.4816,145.4319,False,2.4816,71.7299,False,2.8868,166.2780,True,2.6464,155.3081,True
936,93.6000,6.2621,72.8337,False,2.5735,163.8648,True,2.5735,63.8900,False,2.7425,133.9097,False,2.7551,165.3452,True
937,93.7000,6.6556,81.3171,False,2.8477,160.2317,True,2.8477,60.0835,False,2.6981,165.5317,True,2.5756,159.3772,True
938,93.8000,7.1755,91.1235,False,2.8266,151.9037,True,2.8266,63.7962,False,2.9495,155.7199,True,2.7683,175.1413,True
939,93.9000,7.1924,91.7619,False,2.6563,141.1910,False,2.6563,67.6229,False,3.2597,167.6655,True,2.6840,168.1988,True
940,94.0000,6.8597,85.0383,False,2.6110,161.5269,True,2.6110,54.9951,False,2.8160,163.8792,True,2.7619,162.3481,True
941,94.1000,6.5929,73.0185,False,2.7240,157.2886,True,2.7240,62.9714,False,2.9153,149.4521,False,2.6106,171.4058,True
942,94.2000,6.4280,76.2582,False,2.6716,156.5258,True,2.6716,70.7114,False,2.7199,174.3358,True,2.6018,150.9802,True
943,94.3000,6.0372,76.5199,False,2.5430,145.8537,False,2.5430,67.3722,False,2.8710,162.5534,True,2.5435,172.5936,True
944,94.4000,6.7980,82.3779,False,2.7100,160.3811,True,2.7100,71.5498,False,2.9166,135.1769,False,2.5533,148.2521,False
945,94.5000,6.8556,79.7464,False,2.7543,145.2498,False,2.7543,69.4938,False,2.7950,127.0287,False,2.6791,165.8705,True
946,94.6000,6.6092,80.4349,False,2.7383,155.9050,True,2.7383,55.4111,False,3.0152,151.9118,True,2.7619,158.1036,True
947,94.7000,6.3217,81.3385,False,2.5693,154.9030,True,2.5693,72.3825,False,2.8338,142.8962,False,2.8632,163.5333,True
948,94.8000,6.2686,82.6334,False,2.4880,125.5351,False,2.4880,86.3207,False,3.2309,109.7020,False,2.4533,163.9595,True
949,94.9000,6.6622,88.0723,False,2.7131,144.7315,False,2.7131,70.8319,False,2.8584,163.5012,True,2.7454,169.3195,True
950,95.0000,6.7012,83.9771,False,2.6213,161.1854,True,2.6213,66.5377,False,2.9412,138.0304,False,2.6494,171.2596,True
951,95.1000,6.9703,91.1100,False,2.8112,164.7014,True,2.8112,64.8427,False,2.6998,159.1014,True,2.6295,165.3079,True
952,95.2000,6.7950,82.4351,False,2.8637,150.1376,True,2.8637,66.8015,False,3.1206,127.6187,False,2.6691,161.1064,True
953,95.3000,6.5208,83.2025,False,2.7885,135.3278,False,2.7885,75.5569,False,2.8157,152.8701,True,2.6852,165.2395,True
954,95.4000,6.7775,84.4631,False,2.5714,147.1756,False,2.5714,75.2167,False,2.8799,127.8563,False,2.8764,134.6823,False
955,95.5000,7.0191,84.7506,False,2.6101,173.8867,True,2.6101,63.4588,False,3.0365,134.3970,False,2.4970,171.9734,True
956,95.6000,6.8751,87.0575,False,2.6537,169.7759,True,2.6537,62.8351,False,2.7926,164.5379,True,2.7514,159.4023,True
957,95.7000,6.5138,79.6419,False,3.0226,149.2503,False,3.0226,89.5797,False,3.2656,113.0226,False,2.7183,158.8627,True
958,95.8000,6.3161,78.1721,False,2.7983,143.9465,False,2.7983,69.3441,False,2.8518,145.4444,False,2.6260,165.2830,True
959,95.9000,6.7140,85.3018,False,2.6245,154.5116,True,2.6245,60.8751,False,2.8441,167.5481,True,2.7900,161.3689,True
960,96.0000,6.9453,85.0347,False,2.5532,169.9828,True,2.5532,53.2836,False,2.9290,130.6163,False,2.7262,176.0890,True
961,96.1000,7.0154,87.1065,False,2.6446,163.3969,True,2.6446,67.6997,False,2.7873,138.4263,False,2.6498,150.8539,True
962,96.2000,6.9335,82.7199,False,2.6499,150.2756,True,2.6499,56.8981,False,3.0366,125.3147,False,2.5521,151.7214,True
963,96.3000,6.7730,81.5645,False,2.6905,159.9239,True,2.6905,65.8253,False,2.8894,140.7592,False,2.7752,151.0340,True
964,96.4000,6.4181,80.4050,False,2.5256,161.8327,True,2.5256,73.0553,False,2.7458,154.4600,True,2.5952,165.5721,True
965,96.5000,6.3743,77.6195,False,2.6929,162.5571,True,2.6929,57.3916,False,2.9179,148.6047,False,2.9193,165.5077,True
966,96.6000,6.3787,75.7410,False,2.8270,161.9478,True,2.8270,57.9808,False,3.0400,148.6652,False,2.8522,160.2308,True
967,96.7000,6.3515,75.3517,False,2.9475,147.3385,False,2.9475,68.2685,False,2.8468,140.9176,False,2.6425,158.6994,True
968,96.8000,6.4089,87.5601,False,2.7669,141.9044,False,2.7669,80.8724,False,3.1566,136.4900,False,2.7485,148.0425,False
969,96.9000,6.4552,78.1798,False,2.6728,157.2230,True,2.6728,64.3456,False,2.7965,135.9867,False,2.7823,161.3965,True
970,97.0000,6.8948,89.1733,False,2.8072,150.3942,True,2.8072,74.1717,False,3.2499,158.0963,True,2.6109,166.8306,True
971,97.1000,6.4584,78.7522,False,2.8146,165.1119,True,2.8146,58.8165,False,2.6536,158.0457,True,2.6923,173.4725,True
972,97.2000,6.3595,84.6895,False,2.6351,134.3769,False,2.6351,85.5787,False,3.1093,146.2665,False,2.8190,176.7503,True
973,97.3000,6.3094,75.6191,False,2.8003,159.6200,True,2.8003,63.2872,False,2.7320,149.4234,False,2.5027,173.6934,True
974,97.4000,6.2120,77.8786,False,2.5854,148.1214,False,2.5854,72.9832,False,3.0437,128.3038,False,2.7929,165.5471,True
975,97.5000,6.9198,80.2687,False,2.7463,179.0277,True,2.7463,59.3665,False,2.7674,122.6384,False,2.7277,163.3247,True
976,97.6000,6.9877,85.6517,False,2.7473,168.0149,True,2.7473,56.5631,False,2.6426,161.3237,True,2.5340,158.6172,True
977,97.7000,6.8332,84.2778,False,2.6819,161.8711,True,2.6819,62.4932,False,3.0519,144.8470,False,2.8128,170.8435,True
978,97.8000,6.7619,82.6726,False,2.6793,158.1130,True,2.6793,64.4239,False,2.8576,147.1930,False,2.5909,166.2275,True
979,97.9000,6.8786,86.9656,False,2.7224,164.5154,True,2.7224,70.2402,False,3.0369,148.5216,False,2.6112,175.3372,True
980,98.0000,6.9012,89.5735,False,2.6173,166.5305,True,2.6173,59.6131,False,2.8591,152.0786,True,2.5430,160.5311,True
981,98.1000,7.0157,86.2572,False,2.6790,155.0650,True,2.6790,65.1024,False,3.1032,145.7757,False,2.6346,171.0041,True
982,98.2000,6.9215,88.9836,False,2.7616,158.6427,True,2.7616,72.6132,False,3.1288,129.5623,False,2.7139,154.2562,True
983,98.3000,6.2296,76.6699,False,2.6294,140.9990,False,2.6294,76.2760,False,2.9106,123.8084,False,2.6575,157.8996,True
984,98.4000,6.2439,79.5243,False,2.6297,144.1619,False,2.6297,75.0405,False,3.0287,128.1758,False,2.7904,162.6995,True
985,98.5000,6.8655,81.1687,False,2.7303,161.2379,True,2.7303,68.7299,False,2.8892,138.3234,False,2.5992,174.5523,True
986,98.6000,7.3426,91.1015,False,2.8917,157.0801,True,2.8917,63.0211,False,3.1123,134.9086,False,2.6769,160.1853,True
987,98.7000,7.3295,89.3770,False,2.6572,161.2048,True,2.6572,64.6975,False,3.1118,125.8251,False,2.7298,168.4980,True
988,98.8000,6.9869,90.7971,False,2.6903,170.0963,True,2.6903,59.2594,False,2.6843,174.0528,True,2.7395,140.5563,False
989,98.9000,6.4966,77.8600,False,2.5632,147.1054,False,2.5632,72.7271,False,2.8597,128.8298,False,2.7650,150.4331,True
990,99.0000,6.2377,82.5375,False,2.6576,150.2022,True,2.6576,69.8269,False,2.8463,156.0975,True,2.6338,161.0151,True
991,99.1000,6.7750,87.0681,False,2.7763,169.5872,True,2.7763,62.4404,False,2.6563,150.0193,True,2.7303,176.8058,True
992,99.2000,6.8531,79.6412,False,2.7355,171.4289,True,2.7355,61.2232,False,3.0076,129.7838,False,2.5559,173.3676,True
993,99.3000,6.6427,83.5213,False,2.7048,165.3627,True,2.7048,62.8336,False,2.8746,165.5067,True,2.7136,173.4989,True
994,99.4000,6.6163,82.1395,False,2.6884,153.3457,True,2.6884,67.5512,False,2.9945,150.5510,True,2.6596,169.5911,True
995,99.5000,6.7838,83.8847,False,2.8298,169.0533,True,2.8298,53.7247,False,2.8418,144.1101,False,2.7811,135.2849,False
996,99.6000,6.5949,81.6341,False,2.7967,153.7122,True,2.7967,76.1261,False,3.2115,121.9270,False,2.5953,145.7505,False
997,99.7000,6.6847,82.7384,False,2.9516,145.6090,False,2.9516,72.3279,False,2.8571,124.2425,False,2.7591,163.8613,True
998,99.8000,6.7761,83.3241,False,2.8102,167.2405,True,2.8102,64.8642,False,2.8931,152.0472,True,2.8238,155.6729,True
999,99.9000,6.5385,79.8732,False,2.7540,142.1010,False,2.7540,83.1420,False,3.0133,118.6122,False,2.4908,147.2411,False
