frame,time,d_OD1_HH12,d_OD2_HH12,d_HH12_NH1,d_HH12_Ow,d_saltbridge,d_OD2_NH2,d_OD1_NH1,d_CG_CZ,d_Ow_OD2,d_OD1_TYR115,d_OD1_water,d_TRH_C1_O1,a_Ow_H2_OD2,a_Ow_HH12_OD2,backbone,pair_sidechains,hb_NH1_HH12_OD1,hb_NH1_HH12_OD1_angle,hb_water_OD2,hb_water_OD2_angle,hb_HH12_OD2,hb_HH12_OD2_angle,hb_HH12_ASP16,hb_HH12_ASP16_angle,hb_TYR115_OD1,hb_TYR115_OD1_angle
0,0.0000,5.2458,3.1538,4.6916,0.9864,3.9775,3.9775,5.9167,5.5483,2.5544,2.6731,2.6245,3.1402,162.0275,45.0653,0.0000,0.0000,5.9167,72.8404,2.5544,162.0275,2.5544,45.0653,2.7104,161.3340,2.6731,156.9878
1,0.1000,4.7916,2.6880,5.0951,0.9485,4.1433,4.1433,6.1782,5.6792,2.5868,2.7569,2.6972,3.0141,148.9477,73.6715,0.2094,0.2428,6.1782,77.2825,2.5868,148.9477,2.5868,73.6715,2.9325,153.3382,2.7569,170.2108
2,0.2000,4.7308,2.9325,4.6300,0.9500,4.5170,4.5170,5.9411,5.7678,2.5630,3.0153,2.8094,3.2726,172.3835,58.2364,0.2918,0.2844,5.9411,78.7840,2.5630,172.3835,2.5630,58.2364,2.7888,164.8553,3.0153,158.1415
3,0.3000,4.9743,2.8462,4.9869,0.9783,4.6159,4.6159,6.2797,5.9127,2.6586,2.8136,2.5524,3.0918,146.4099,69.0626,0.3531,0.3071,6.2797,78.1617,2.6586,146.4099,2.6586,69.0626,2.8354,148.2247,2.8136,163.5990
4,0.4000,5.2275,3.0993,4.7427,0.9705,4.3937,4.3937,6.5458,5.8742,2.6878,2.6702,2.7117,3.1835,178.6516,56.4647,0.3838,0.2542,6.5458,81.9166,2.6878,178.6516,2.6878,56.4647,2.9343,162.0384,2.6702,166.0044
5,0.5000,5.1066,3.0726,5.3206,0.9769,4.2073,4.2073,6.3949,5.7551,2.6715,2.8456,2.7923,3.1639,170.3772,57.1280,0.4091,0.2756,6.3949,75.6255,2.6715,170.3772,2.6715,57.1280,2.7728,154.6849,2.8456,163.5399
6,0.6000,4.9841,3.0010,4.5788,0.9834,4.2915,4.2915,5.8615,5.6688,2.6654,2.8984,2.5991,3.2128,170.8032,60.9237,0.4259,0.2298,5.8615,75.4719,2.6654,170.8032,2.6654,60.9237,2.8451,168.4997,2.8984,178.4314
7,0.7000,4.6771,2.6277,4.7461,0.9790,4.1239,4.1239,5.7664,5.5795,2.4644,2.8553,2.6857,3.2380,164.8223,69.6389,0.4338,0.3493,5.7664,75.4550,2.4644,164.8223,2.4644,69.6389,2.8335,177.4835,2.8553,156.7057
8,0.8000,4.7438,2.7322,4.9584,0.9582,4.4533,4.4533,5.8998,5.7969,2.5933,2.6851,2.6979,3.1421,141.4325,71.5416,0.4238,0.2775,5.8998,74.8671,2.5933,141.4325,2.5933,71.5416,2.8650,141.8258,2.6851,165.8620
9,0.9000,5.0160,2.9924,4.9114,0.9838,4.4132,4.4132,6.3323,5.9298,2.7199,2.6941,2.7275,3.2294,176.2971,64.6109,0.4253,0.2787,6.3323,79.2571,2.7199,176.2971,2.7199,64.6109,2.8120,165.3363,2.6941,159.5802
10,1.0000,4.9339,2.8583,5.1652,0.9972,4.6290,4.6290,6.2554,5.8610,2.6247,2.7237,2.7624,3.0151,144.5548,66.4768,0.4191,0.3186,6.2554,76.5067,2.6247,144.5548,2.6247,66.4768,2.6441,164.6385,2.7237,155.8767
11,1.1000,4.9603,2.8607,5.1003,0.9647,4.1990,4.1990,6.1497,5.7354,2.6189,2.6330,2.6340,3.1824,167.3722,65.8780,0.4150,0.2097,6.1497,75.3480,2.6189,167.3722,2.6189,65.8780,2.6857,165.8190,2.6330,152.5984
12,1.2000,4.9543,2.8756,5.2140,0.9550,4.1074,4.1074,6.2274,5.5868,2.5850,2.7375,2.5355,2.8878,165.3087,62.9361,0.4228,0.2870,6.2274,75.4828,2.5850,165.3087,2.5850,62.9361,2.6989,160.2997,2.7375,170.2882
13,1.3000,5.1071,3.0164,5.1083,1.0074,4.0584,4.0584,6.4614,5.7450,2.5967,2.8469,2.8745,3.0772,160.2368,56.3173,0.4406,0.3689,6.4614,78.4717,2.5967,160.2368,2.5967,56.3173,2.8373,172.3617,2.8469,167.0048
14,1.4000,5.0944,3.1222,4.9611,0.9718,4.6455,4.6455,6.3129,6.0297,2.7651,2.6636,2.7776,3.1197,164.9469,59.8618,0.4494,0.3626,6.3129,77.7639,2.7651,164.9469,2.7651,59.8618,2.7726,163.7273,2.6636,158.9155
15,1.5000,4.9831,2.8963,5.1826,0.9602,4.9373,4.9373,6.3162,6.2021,2.6291,2.9161,2.6422,3.0969,170.3384,64.4539,0.4567,0.4300,6.3162,76.7981,2.6291,170.3384,2.6291,64.4539,2.6938,170.8302,2.9161,166.4425
16,1.6000,4.7618,2.7132,4.8551,0.9987,4.4882,4.4882,6.3890,6.2654,2.4988,3.0375,2.6549,2.8983,159.7029,67.0343,0.4601,0.5639,6.3890,83.2590,2.4988,159.7029,2.4988,67.0343,2.7560,171.4961,3.0375,157.0389
17,1.7000,4.5057,2.4711,4.7148,0.9692,4.4614,4.4614,6.1231,5.9384,2.4339,2.8356,2.6564,3.2964,133.1027,76.4585,0.4599,0.4133,6.1231,83.1896,2.4339,133.1027,2.4339,76.4585,2.8443,154.9267,2.8356,163.7138
18,1.8000,5.0469,2.8936,4.8138,0.9533,4.4045,4.4045,6.2338,5.8983,2.6171,2.5903,2.6132,3.1207,157.8776,63.8388,0.4487,0.3329,6.2338,78.3831,2.6171,157.8776,2.6171,63.8388,2.9494,170.9851,2.5903,153.8300
19,1.9000,5.3804,3.4087,4.6929,0.9893,4.2744,4.2744,6.1894,5.9286,2.9520,2.7125,2.5968,3.1516,169.3738,54.8443,0.4482,0.4131,6.1894,75.4781,2.9520,169.3738,2.9520,54.8443,2.6793,159.8537,2.7125,162.0635
20,2.0000,5.1082,2.9962,4.9610,0.9907,4.2958,4.2958,5.9402,5.7338,2.7305,2.8758,2.6702,2.9719,167.5358,65.0619,0.4555,0.4230,5.9402,72.2876,2.7305,167.5358,2.7305,65.0619,2.7138,152.8304,2.8758,147.0875
21,2.1000,4.8794,2.9243,4.9348,0.9781,4.7887,4.7887,5.8353,5.8202,2.6619,3.0539,2.7629,3.0114,158.3986,64.9473,0.4642,0.5423,5.8353,72.9619,2.6619,158.3986,2.6619,64.9473,2.8895,176.0718,3.0539,165.6996
22,2.2000,5.2371,3.2009,4.9341,0.9491,4.3881,4.3881,6.2062,5.7966,2.7427,2.7245,2.6350,2.9572,174.9368,53.3780,0.4787,0.4782,6.2062,75.1371,2.7427,174.9368,2.7427,53.3780,2.6829,152.4603,2.7245,162.6455
23,2.3000,5.5293,3.2432,5.1686,0.9888,4.2260,4.2260,6.6665,5.7922,2.8494,2.7277,2.6140,3.2814,150.8828,58.2306,0.4746,0.4544,6.6665,77.0131,2.8494,150.8828,2.8494,58.2306,2.7190,151.6651,2.7277,163.6726
24,2.4000,5.1630,3.0521,5.2736,0.9905,4.4241,4.4241,6.5600,6.0785,2.6465,2.7219,2.5637,3.1215,172.7010,57.0093,0.4751,0.4754,6.5600,77.8793,2.6465,172.7010,2.6465,57.0093,2.7932,163.8016,2.7219,161.7403
25,2.5000,4.8226,2.6008,5.1128,0.9495,4.1468,4.1468,6.4316,5.8717,2.5058,2.8308,2.6292,3.0115,150.1560,73.6962,0.4820,0.4562,6.4316,80.6254,2.5058,150.1560,2.5058,73.6962,2.8478,152.5009,2.8308,176.9738
26,2.6000,4.8004,3.0112,4.8510,0.9476,4.6332,4.6332,6.0698,5.8541,2.5836,2.5532,2.5579,3.1867,155.4354,54.7924,0.4850,0.4823,6.0698,77.9355,2.5836,155.4354,2.5836,54.7924,2.8017,171.2709,2.5532,164.5010
27,2.7000,4.5579,2.6710,4.6509,0.9882,4.8204,4.8204,6.3079,5.9947,2.6369,2.7582,2.7087,3.3841,147.7321,77.3385,0.4928,0.5847,6.3079,86.4633,2.6369,147.7321,2.6369,77.3385,2.6474,154.1671,2.7582,155.4951
28,2.8000,5.0514,2.8058,5.1779,0.9907,4.0853,4.0853,6.2211,5.7444,2.6074,2.6243,2.8928,3.2462,147.4178,68.3023,0.4843,0.3712,6.2211,74.9023,2.6074,147.4178,2.6074,68.3023,2.6888,138.0494,2.6243,162.0485
29,2.9000,5.0166,3.0938,4.7695,0.9527,4.2282,4.2282,6.0511,5.6646,2.6209,2.6591,2.6088,3.0864,166.0512,52.2403,0.4892,0.3703,6.0511,76.3430,2.6209,166.0512,2.6209,52.2403,2.7745,174.9461,2.6591,170.4267
30,3.0000,4.7769,2.9418,4.9156,0.9678,4.2100,4.2100,6.1364,5.8119,2.7228,2.8043,2.7074,3.3885,166.9874,67.5204,0.4838,0.4363,6.1364,78.5466,2.7228,166.9874,2.7228,67.5204,2.8286,146.0583,2.8043,156.8142
31,3.1000,4.8546,3.1035,4.8395,1.0062,4.9222,4.9222,6.0992,6.0629,2.7597,2.6300,2.6643,3.1956,162.6535,60.9989,0.4937,0.4963,6.0992,77.9777,2.7597,162.6535,2.7597,60.9989,2.9219,155.2953,2.6300,160.1201
32,3.2000,5.1921,3.1613,4.7626,0.9615,4.9407,4.9407,6.6340,6.3983,2.9146,2.6559,2.7257,3.0477,164.6854,66.5027,0.5062,0.5126,6.6340,83.4639,2.9146,164.6854,2.9146,66.5027,2.7084,162.8357,2.6559,176.9866
33,3.3000,5.0717,2.8843,5.4860,0.9559,4.6630,4.6630,6.8349,6.2941,2.6281,2.6371,2.6256,3.2402,151.3748,65.0473,0.5130,0.4750,6.8349,80.5852,2.6281,151.3748,2.6281,65.0473,2.6343,157.0315,2.6371,159.7323
34,3.4000,5.5550,3.3439,5.7844,0.9968,4.8444,4.8444,6.2812,6.0675,2.7230,2.5672,2.5556,3.1717,152.7037,44.4343,0.5174,0.4534,6.2812,67.2382,2.7230,152.7037,2.7230,44.4343,2.6702,148.7509,2.5672,164.8833
35,3.5000,4.9960,2.9684,5.9209,0.9411,3.8547,3.8547,6.3382,5.6324,2.6994,2.7063,2.5408,3.0057,158.5340,64.4423,0.5216,0.3523,6.3382,70.4017,2.6994,158.5340,2.6994,64.4423,2.7571,165.1283,2.7063,165.6506
36,3.6000,5.0256,3.1313,6.8575,0.9669,3.9171,3.9171,6.2078,5.6614,2.5364,2.7631,2.7498,3.3678,157.1106,44.6660,0.5225,0.4407,6.2078,60.6872,2.5364,157.1106,2.5364,44.6660,3.1935,137.8305,2.7631,167.6489
37,3.7000,4.9881,3.1919,6.9260,0.9741,4.5305,4.5305,6.6060,5.9657,2.6687,2.7543,2.7329,3.2818,174.3809,49.7849,0.5242,0.5089,6.6060,64.9906,2.6687,174.3809,2.6687,49.7849,3.1598,130.8026,2.7543,171.7958
38,3.8000,4.9421,3.1945,6.4721,0.9955,4.4774,4.4774,6.7459,5.9401,2.5352,2.6588,2.6032,3.6192,164.8521,41.4299,0.5254,0.5079,6.7459,71.0212,2.5352,164.8521,2.5352,41.4299,2.7017,152.4219,2.6588,161.1218
39,3.9000,5.2517,3.2915,6.3683,0.9762,4.1804,4.1804,6.7607,5.8544,2.6185,2.6074,2.8694,3.4560,149.1187,39.8936,0.5261,0.4843,6.7607,70.4087,2.6185,149.1187,2.6185,39.8936,3.0023,128.5347,2.6074,167.0541
40,4.0000,5.0358,2.9577,6.1935,0.9779,4.3715,4.3715,6.0391,5.6319,2.6701,2.6281,2.6738,3.2069,153.8483,63.5689,0.5214,0.3787,6.0391,64.0987,2.6701,153.8483,2.6701,63.5689,3.0382,127.6545,2.6281,167.7331
41,4.1000,5.5771,3.3483,5.7845,0.9475,4.3112,4.3112,6.2008,5.8591,2.6420,2.6596,2.5876,3.3917,151.7967,36.0682,0.5138,0.4770,6.2008,66.1254,2.6420,151.7967,2.6420,36.0682,2.7609,127.5633,2.6596,172.7136
42,4.2000,4.9088,2.7263,4.7950,0.9147,4.0317,4.0317,6.5559,5.8332,2.7487,2.7613,2.5633,3.3179,117.8888,81.7696,0.5022,0.4872,6.5559,84.9924,2.7487,117.8888,2.7487,81.7696,2.9103,145.3642,2.7613,172.0849
43,4.3000,4.9663,2.9923,4.7107,0.9067,4.3230,4.3230,6.3114,5.6934,2.5851,2.8667,2.5645,3.1549,128.1229,55.2440,0.5005,0.4590,6.3114,81.3703,2.5851,128.1229,2.5851,55.2440,2.6327,169.6349,2.8667,151.4664
44,4.4000,4.6150,2.7043,4.3241,1.0351,4.4123,4.4123,5.8933,5.6613,2.6149,2.6585,2.6979,2.8747,151.2108,73.9550,0.5001,0.3981,5.8933,82.4197,2.6149,151.2108,2.6149,73.9550,2.8973,148.1498,2.6585,168.7839
45,4.5000,5.0165,3.0234,4.7326,1.0022,3.8555,3.8555,5.6617,5.3606,2.6400,2.7852,2.8108,3.2187,150.1319,58.4013,0.5120,0.2570,5.6617,70.9376,2.6400,150.1319,2.6400,58.4013,2.8452,156.4606,2.7852,169.6261
46,4.6000,4.8668,2.6646,5.0350,0.9826,3.7942,3.7942,6.0027,5.4215,2.7013,2.6909,2.7140,3.1254,146.6153,81.5607,0.5203,0.3091,6.0027,74.6118,2.7013,146.6153,2.7013,81.5607,2.7959,140.6989,2.6909,154.2915
47,4.7000,4.9713,2.9301,4.6462,0.9434,3.7828,3.7828,5.8233,5.1933,2.5550,2.6410,2.4398,3.1765,159.8321,57.7812,0.5357,0.4338,5.8233,74.4425,2.5550,159.8321,2.5550,57.7812,2.8935,174.9566,2.6410,161.5988
48,4.8000,4.9503,2.8605,5.0740,0.9677,3.5873,3.5873,5.8567,5.0492,2.7069,2.6549,2.6419,3.1653,163.8110,71.1207,0.5487,0.4971,5.8567,71.4878,2.7069,163.8110,2.7069,71.1207,2.7430,141.8082,2.6549,169.6267
49,4.9000,5.2308,3.0538,4.6613,0.9973,3.5203,3.5203,5.8614,5.2290,2.6983,2.6190,2.5695,3.2395,170.2054,60.0684,0.5423,0.4017,5.8614,72.4144,2.6983,170.2054,2.6983,60.0684,2.7590,157.2037,2.6190,167.2218
50,5.0000,4.7980,2.8838,4.6844,1.0063,4.2682,4.2682,5.9672,5.6124,2.7243,2.7536,2.9583,3.3361,154.4517,70.8200,0.5372,0.4633,5.9672,77.9863,2.7243,154.4517,2.7243,70.8200,2.6657,167.2000,2.7536,150.5234
51,5.1000,4.7888,2.9306,4.7268,0.9684,4.2556,4.2556,5.6637,5.5471,2.6369,2.6221,3.1193,3.1732,167.7675,63.0429,0.5421,0.4121,5.6637,73.0508,2.6369,167.7675,2.6369,63.0429,2.8328,170.6668,2.6221,162.4453
52,5.2000,4.8585,2.9098,4.8258,0.9728,4.2926,4.2926,6.0771,5.8348,2.6265,3.0000,2.8419,3.0311,158.9264,63.6281,0.5447,0.4110,6.0771,77.7342,2.6265,158.9264,2.6265,63.6281,2.6265,171.3258,3.0000,171.7718
53,5.3000,4.8631,2.8732,5.0487,0.9698,4.5757,4.5757,6.1945,5.7690,2.7063,2.8837,2.5248,3.0282,139.4988,70.3750,0.5557,0.4040,6.1945,77.3331,2.7063,139.4988,2.7063,70.3750,2.6487,166.9361,2.8837,166.8832
54,5.4000,4.9301,2.7989,4.8708,0.9779,4.2960,4.2960,5.7569,5.6429,2.6398,2.6785,2.7664,3.2548,155.4990,70.5612,0.5637,0.3830,5.7569,71.9411,2.6398,155.4990,2.6398,70.5612,2.8312,162.6277,2.6785,167.0835
55,5.5000,5.1877,2.9224,4.8938,0.9800,3.6788,3.6788,5.6381,5.1474,2.6556,2.7409,2.8138,3.2301,150.9758,64.6927,0.5633,0.4425,5.6381,67.9359,2.6556,150.9758,2.6556,64.6927,2.7683,165.9302,2.7409,174.9379
56,5.6000,5.1515,2.9516,5.0460,0.9769,3.0616,3.0616,5.7648,4.8932,2.6805,3.0313,2.7762,3.3156,173.6294,64.5121,0.5667,0.5791,5.7648,68.8389,2.6805,173.6294,2.6805,64.5121,2.7239,158.2717,3.0313,173.3082
57,5.7000,4.8185,2.5845,4.9312,0.9790,3.1801,3.1801,5.4579,4.7988,2.5858,2.6698,2.6057,3.2359,135.7704,79.1576,0.5754,0.5701,5.4579,68.0733,2.5858,135.7704,2.5858,79.1576,3.0070,156.6927,2.6698,155.0613
58,5.8000,4.9928,2.8818,4.7653,1.0012,3.8407,3.8407,4.9623,4.9201,2.6117,2.8682,2.6501,3.2211,158.0044,64.4825,0.5653,0.4635,4.9623,61.0795,2.6117,158.0044,2.6117,64.4825,2.6856,161.4628,2.8682,161.2956
59,5.9000,4.7302,2.6664,4.5757,0.9694,3.9646,3.9646,5.0201,5.0181,2.7361,2.8508,2.5516,2.9283,135.7157,83.7462,0.5594,0.3869,5.0201,65.2678,2.7361,135.7157,2.7361,83.7462,2.9803,130.1526,2.8508,163.9325
60,6.0000,5.2843,3.0756,4.6559,0.9664,4.2015,4.2015,5.6097,5.2732,2.6728,2.6144,2.5784,3.0871,169.9561,56.8626,0.5633,0.3412,5.6097,68.3772,2.6728,169.9561,2.6728,56.8626,2.6968,161.2658,2.6144,167.7106
61,6.1000,5.1677,2.9701,4.7117,0.9982,4.2348,4.2348,6.4461,5.7116,2.6625,2.6320,2.6796,3.1531,162.7592,62.5965,0.5646,0.2946,6.4461,81.3166,2.6625,162.7592,2.6625,62.5965,2.7471,169.3835,2.6320,158.3722
62,6.2000,5.1236,2.9941,4.8791,1.0004,4.2173,4.2173,6.2848,5.7269,2.5772,2.7157,2.6562,3.0070,161.9840,56.3039,0.5646,0.3448,6.2848,77.8094,2.5772,161.9840,2.5772,56.3039,2.6201,163.0852,2.7157,172.2111
63,6.3000,4.9454,2.8480,5.1642,0.9564,4.2355,4.2355,6.3357,5.7746,2.6578,2.6088,2.6683,3.1014,158.8343,68.8861,0.5689,0.4020,6.3357,77.5821,2.6578,158.8343,2.6578,68.8861,2.6729,156.3685,2.6088,178.2289
64,6.4000,5.1789,3.0744,4.8859,0.9740,4.4176,4.4176,6.7933,5.9747,2.7187,2.6480,2.7443,3.0385,154.3797,59.8371,0.5755,0.4627,6.7933,84.8476,2.7187,154.3797,2.7187,59.8371,2.9771,172.5348,2.6480,157.3452
65,6.5000,5.0826,2.8900,4.6168,0.9849,4.2325,4.2325,6.0289,5.5971,2.7390,2.6510,2.7393,2.8487,140.5243,71.3517,0.5848,0.3637,6.0289,76.6954,2.7390,140.5243,2.7390,71.3517,2.8171,161.6732,2.6510,168.9529
66,6.6000,4.4715,2.4245,4.7123,0.9857,3.8791,3.8791,5.2739,4.9838,2.4939,2.8397,2.6036,3.2141,123.2041,82.4245,0.5871,0.5588,5.2739,70.0393,2.4939,123.2041,2.4939,82.4245,2.8618,140.0053,2.8397,168.7947
67,6.7000,5.0761,2.9380,5.1164,0.9795,3.8130,3.8130,5.4592,5.1479,2.6316,2.8117,2.6434,3.0264,166.4936,62.4101,0.5872,0.5346,5.4592,64.7690,2.6316,166.4936,2.6316,62.4101,2.6831,162.0674,2.8117,164.7664
68,6.8000,5.0087,2.7556,4.9129,0.9716,3.3800,3.3800,5.3685,5.0580,2.5304,2.6831,2.8765,3.1123,159.4513,66.5076,0.5940,0.4590,5.3685,65.5075,2.5304,159.4513,2.5304,66.5076,2.8311,158.2632,2.6831,167.4036
69,6.9000,4.8340,2.6128,4.8946,0.9564,3.9401,3.9401,5.5858,5.3557,2.5094,2.7216,2.8580,2.7717,141.9738,73.2004,0.5891,0.3872,5.5858,70.0783,2.5094,141.9738,2.5094,73.2004,2.9391,152.2618,2.7216,167.0580
70,7.0000,5.0086,2.9600,4.6300,0.9696,4.3846,4.3846,5.9816,5.6359,2.6882,2.7445,2.6239,2.9940,166.5463,64.4528,0.5824,0.3170,5.9816,76.6064,2.6882,166.5463,2.6882,64.4528,2.6693,169.3354,2.7445,169.0420
71,7.1000,4.4452,2.4869,4.8925,1.0009,4.5964,4.5964,6.0829,5.8613,2.7002,2.7907,2.6653,3.0636,124.4180,91.2063,0.5749,0.3576,6.0829,81.1470,2.7002,124.4180,2.7002,91.2063,2.6487,135.2164,2.7907,159.7047
72,7.2000,4.7159,2.6560,4.7175,0.9602,4.4878,4.4878,5.9105,5.7546,2.4914,2.6813,2.6636,3.1039,121.6071,69.7042,0.5607,0.3103,5.9105,77.5933,2.4914,121.6071,2.4914,69.7042,2.8598,174.8995,2.6813,159.5822
73,7.3000,5.1102,3.0014,4.7365,0.9547,4.1592,4.1592,5.7289,5.4798,2.6382,2.6019,2.9933,3.1446,169.7634,58.9002,0.5743,0.4401,5.7289,71.0407,2.6382,169.7634,2.6382,58.9002,2.8243,160.1008,2.6019,166.3499
74,7.4000,5.1596,3.0513,4.9889,0.9859,3.9889,3.9889,5.8133,5.3587,2.7126,2.8764,2.6266,3.2667,174.0172,60.9190,0.5725,0.3095,5.8133,69.8722,2.7126,174.0172,2.7126,60.9190,2.8233,157.2473,2.8764,162.9982
75,7.5000,5.0837,2.9737,4.8027,0.9726,3.9012,3.9012,5.6880,5.3012,2.6627,2.6112,2.5316,3.2718,157.6286,62.1916,0.5800,0.4005,5.6880,70.1802,2.6627,157.6286,2.6627,62.1916,2.9907,163.3349,2.6112,156.3197
76,7.6000,4.8722,2.8545,4.6454,0.9661,4.4834,4.4834,6.0859,5.6535,2.6395,2.9011,2.5652,3.2160,140.2450,67.4564,0.5892,0.3791,6.0859,79.4596,2.6395,140.2450,2.6395,67.4564,2.7262,168.3946,2.9011,166.4110
77,7.7000,4.9647,2.8277,4.9286,0.9743,4.2419,4.2419,6.0907,5.5089,2.9094,2.7545,2.7336,2.9571,119.4594,85.0003,0.5974,0.5201,6.0907,75.9960,2.9094,119.4594,2.9094,85.0003,2.7563,156.1205,2.7545,136.6476
78,7.8000,4.6504,2.6517,4.5953,0.9912,3.7789,3.7789,5.5850,5.0365,2.6256,2.7851,2.6445,3.0653,124.1680,77.6973,0.5981,0.4930,5.5850,74.3204,2.6256,124.1680,2.6256,77.6973,2.8827,161.6847,2.7851,147.7462
79,7.9000,4.6750,2.7002,4.3705,0.9975,4.0101,4.0101,5.0940,4.9529,2.6638,2.6852,2.5780,3.0329,125.6362,77.2367,0.5905,0.5017,5.0940,68.4524,2.6638,125.6362,2.6638,77.2367,2.9337,166.8425,2.6852,161.2095
80,8.0000,5.2229,3.1818,4.9801,0.9628,3.8286,3.8286,5.3495,5.1040,2.6868,2.7455,2.7052,3.1613,168.7812,51.2902,0.5809,0.4715,5.3495,63.1900,2.6868,168.7812,2.6868,51.2902,2.7047,148.7274,2.7455,152.7653
81,8.1000,4.7956,2.6348,4.8625,0.9474,4.1706,4.1706,5.8790,5.5730,2.8260,2.9282,2.5364,3.0949,131.7031,91.6805,0.5821,0.3796,5.8790,74.9892,2.8260,131.7031,2.8260,91.6805,3.0343,148.7564,2.9282,166.2728
82,8.2000,4.9573,2.7309,4.8636,0.9537,3.8840,3.8840,5.9060,5.4241,2.5461,2.9860,2.6034,3.3318,149.3646,68.7823,0.5819,0.3678,5.9060,73.9290,2.5461,149.3646,2.5461,68.7823,2.6417,168.0006,2.9860,165.5473
83,8.3000,4.6622,2.5004,4.8160,0.9612,3.8546,3.8546,5.8176,5.4477,2.6104,2.6659,2.6826,3.0783,137.9835,85.6855,0.5805,0.2221,5.8176,75.7072,2.6104,137.9835,2.6104,85.6855,3.0080,152.5483,2.6659,165.6041
84,8.4000,5.1109,2.9437,5.3411,1.0313,3.8109,3.8109,6.1643,5.5119,2.7284,2.8431,2.6289,3.1279,158.4252,67.8931,0.5825,0.4386,6.1643,72.2425,2.7284,158.4252,2.7284,67.8931,2.7596,174.0446,2.8431,159.6152
85,8.5000,4.9502,2.9541,4.9680,1.0024,4.6489,4.6489,6.2168,5.8918,2.7406,2.6363,2.4814,2.8624,146.4535,67.9798,0.5781,0.4538,6.2168,77.6302,2.7406,146.4535,2.7406,67.9798,2.8388,167.2312,2.6363,160.8509
86,8.6000,4.6386,2.5607,5.2128,0.9283,4.7707,4.7707,6.2390,6.0976,2.6438,2.7354,2.6539,3.1214,135.8571,84.8219,0.5747,0.5540,6.2390,78.3523,2.6438,135.8571,2.6438,84.8219,2.9643,152.8280,2.7354,158.2582
87,8.7000,5.0692,3.1302,4.8303,1.0260,4.5520,4.5520,6.2158,5.9758,2.6734,2.5586,2.6387,2.9041,157.9654,54.7832,0.5738,0.5033,6.2158,77.7485,2.6734,157.9654,2.6734,54.7832,2.7854,165.6715,2.5586,166.0879
88,8.8000,4.8959,2.9102,4.5322,0.9849,4.6824,4.6824,6.0656,5.9060,2.7065,2.6477,2.5435,2.8903,154.0267,68.3576,0.5649,0.4076,6.0656,79.9820,2.7065,154.0267,2.7065,68.3576,3.0054,171.3197,2.6477,152.9532
89,8.9000,5.4065,3.1188,4.8623,0.9710,4.2806,4.2806,6.1177,5.7874,2.6677,2.8263,2.7362,2.8899,177.2310,54.0797,0.5775,0.5640,6.1177,72.9165,2.6677,177.2310,2.6677,54.0797,2.8838,148.6273,2.8263,167.2470
90,9.0000,5.2081,3.1092,4.7711,0.9946,4.8504,4.8504,6.0121,6.2064,2.9522,2.5647,2.8465,3.3623,163.2360,71.7108,0.5871,0.6559,6.0121,73.9478,2.9522,163.2360,2.9522,71.7108,2.7425,170.5675,2.5647,169.1491
91,9.1000,5.1582,3.0412,5.2554,0.9530,4.3387,4.3387,6.4040,6.1122,2.7163,2.7621,2.5902,2.8983,137.2744,61.3559,0.5890,0.5499,6.4040,75.8920,2.7163,137.2744,2.7163,61.3559,2.9080,130.5495,2.7621,151.0184
92,9.2000,4.7498,2.7247,4.7834,1.0005,4.3768,4.3768,5.9931,5.8570,2.5349,2.8163,2.8321,3.1654,126.4508,68.4922,0.5879,0.5552,5.9931,77.9016,2.5349,126.4508,2.5349,68.4922,2.8499,166.3507,2.8163,147.6361
93,9.3000,5.2299,3.1476,4.9988,0.9439,4.4107,4.4107,5.7099,5.7073,2.6528,2.7143,2.6110,2.9107,160.0851,50.7293,0.5925,0.5105,5.7099,67.8221,2.6528,160.0851,2.6528,50.7293,2.7311,148.0378,2.7143,152.7751
94,9.4000,4.5835,2.7165,4.4934,0.9479,4.2542,4.2542,5.4773,5.6576,2.6064,2.5758,2.6297,3.1882,137.5291,73.2473,0.5973,0.5811,5.4773,74.2247,2.6064,137.5291,2.6064,73.2473,2.9168,169.1917,2.5758,169.3630
95,9.5000,4.8781,2.7105,5.2018,0.9673,4.4190,4.4190,6.2196,5.9977,2.6266,3.1257,2.6167,3.0006,145.7634,74.7043,0.5947,0.6186,6.2196,76.1246,2.6266,145.7634,2.6266,74.7043,2.9219,130.3790,3.1257,157.1680
96,9.6000,5.0265,2.8428,5.4944,0.9746,4.3490,4.3490,6.4062,6.1423,2.6730,2.8406,2.6964,3.0689,145.0010,70.0968,0.6010,0.5339,6.4062,74.8724,2.6730,145.0010,2.6730,70.0968,2.7716,119.5505,2.8406,164.6914
97,9.7000,4.9523,2.8767,5.5002,0.9529,4.8028,4.8028,6.6952,6.3869,2.8129,2.5746,3.0338,3.2375,144.2015,76.5945,0.6044,0.6683,6.6952,79.4739,2.8129,144.2015,2.8129,76.5945,3.0884,122.2262,2.5746,175.3999
98,9.8000,4.8941,2.7682,4.9075,1.0064,5.0092,5.0092,6.5925,6.3060,2.8174,2.6967,2.5656,3.0353,140.7432,82.3891,0.6026,0.7005,6.5925,84.5355,2.8174,140.7432,2.8174,82.3891,2.7892,141.7224,2.6967,149.9329
99,9.9000,5.3224,3.0616,4.7967,0.9450,4.5610,4.5610,6.3497,5.9971,2.5561,2.6587,2.7654,3.3784,163.9632,49.8264,0.6076,0.6922,6.3497,77.5385,2.5561,163.9632,2.5561,49.8264,2.7583,159.0041,2.6587,171.0512
100,10.0000,4.8612,2.7663,4.6450,1.0074,4.2463,4.2463,5.9897,5.6527,2.4087,2.8612,2.7227,3.1554,145.2148,59.0584,0.6196,0.4937,5.9897,78.0752,2.4087,145.2148,2.4087,59.0584,2.7613,173.1963,2.8612,154.6403
101,10.1000,5.0139,2.9075,4.8398,0.9422,4.1610,4.1610,6.2103,5.7820,2.4662,2.8010,2.6460,3.0569,159.1791,53.4933,0.6428,0.4257,6.2103,78.1147,2.4662,159.1791,2.4662,53.4933,2.8088,170.9455,2.8010,159.8519
102,10.2000,5.0766,2.8092,5.3218,0.9700,4.4129,4.4129,6.4592,6.0629,2.6311,2.8083,2.8662,3.0628,139.0165,69.4823,0.6363,0.6351,6.4592,76.7634,2.6311,139.0165,2.6311,69.4823,2.9936,153.3568,2.8083,168.3128
103,10.3000,5.1588,2.9226,5.3458,0.9608,4.7458,4.7458,6.7443,6.1312,2.6206,2.6020,2.8610,3.0461,159.6530,62.4549,0.6302,0.7549,6.7443,79.8656,2.6206,159.6530,2.6206,62.4549,2.9199,148.9018,2.6020,161.0056
104,10.4000,5.1253,2.8824,5.0100,0.9605,4.3832,4.3832,6.5349,6.1223,2.7559,2.5561,3.0341,3.2875,139.4834,72.8204,0.6232,0.8205,6.5349,80.2881,2.7559,139.4834,2.7559,72.8204,2.8028,166.4191,2.5561,163.5534
105,10.5000,5.1498,2.9797,4.8581,0.9913,4.2096,4.2096,6.2255,5.9359,2.7235,2.7401,2.5914,3.4134,165.3721,65.5618,0.6255,0.7262,6.2255,76.8730,2.7235,165.3721,2.7235,65.5618,3.0884,164.2786,2.7401,164.2886
106,10.6000,5.0270,2.9188,4.8906,0.9881,4.4834,4.4834,6.1987,5.9383,2.6849,2.7359,2.7059,3.0009,159.9677,66.6380,0.6217,0.6569,6.1987,77.3538,2.6849,159.9677,2.6849,66.6380,2.9364,150.4887,2.7359,160.5978
107,10.7000,5.1035,2.9892,5.2444,0.9872,4.1611,4.1611,6.2073,5.7786,2.6591,2.6508,2.8057,3.0404,168.3290,61.2485,0.6233,0.5498,6.2073,73.7047,2.6591,168.3290,2.6591,61.2485,2.8537,145.9190,2.6508,166.0767
108,10.8000,5.3159,3.0730,5.3902,0.9614,3.8041,3.8041,6.0327,5.4584,2.6214,2.6063,2.7449,3.2845,170.2997,53.7210,0.6222,0.5000,6.0327,68.5899,2.6214,170.2997,2.6214,53.7210,2.9026,140.9104,2.6063,157.7632
109,10.9000,5.2156,3.0175,5.1162,0.9837,3.9420,3.9420,6.2414,5.6854,2.6716,2.7993,2.6951,3.2788,166.4141,60.3633,0.6232,0.5420,6.2414,74.3213,2.6716,166.4141,2.6716,60.3633,3.0086,140.8687,2.7993,163.8542
110,11.0000,5.0393,2.9019,4.9519,0.9844,4.0189,4.0189,6.2100,5.7856,2.6664,2.5668,2.8464,3.1941,159.3774,66.4745,0.6244,0.5081,6.2100,76.8534,2.6664,159.3774,2.6664,66.4745,2.8628,164.4281,2.5668,153.4775
111,11.1000,5.3276,3.1077,5.6301,0.9662,4.6772,4.6772,6.5454,6.1171,2.7027,2.7177,2.7557,3.1751,152.0855,56.8171,0.6324,0.6294,6.5454,73.2998,2.7027,152.0855,2.7027,56.8171,2.8168,133.1265,2.7177,159.4216
112,11.2000,5.3060,3.1701,5.1523,1.0050,4.8949,4.8949,6.3148,6.1622,2.6620,2.5564,2.7959,3.0602,165.4911,51.4239,0.6331,0.5985,6.3148,74.2697,2.6620,165.4911,2.6620,51.4239,2.7362,159.5307,2.5564,149.7393
113,11.3000,5.0784,2.9760,4.5173,0.9478,4.2231,4.2231,6.0911,5.8148,2.6814,2.8675,2.7524,3.2962,168.8530,62.9556,0.6441,0.6459,6.0911,78.5672,2.6814,168.8530,2.6814,62.9556,2.7519,164.7999,2.8675,168.8462
114,11.4000,5.3128,3.1358,5.0270,0.9818,4.8112,4.8112,6.6477,6.2234,2.8431,2.6284,2.6994,3.0861,148.0522,63.8444,0.6515,0.7174,6.6477,79.9680,2.8431,148.0522,2.8431,63.8444,2.8830,158.9794,2.6284,152.4087
115,11.5000,5.2042,3.1542,4.8958,0.9618,4.8280,4.8280,6.9241,6.3381,2.9022,2.7962,2.4882,3.0019,167.9798,66.1737,0.6629,0.7195,6.9241,86.5018,2.9022,167.9798,2.9022,66.1737,2.7200,173.4583,2.7962,166.4810
116,11.6000,4.8846,2.7878,5.0705,0.9822,4.7251,4.7251,6.9174,6.5305,2.6945,2.8221,2.5672,3.2739,147.7441,74.3583,0.6693,0.8412,6.9174,88.0114,2.6945,147.7441,2.6945,74.3583,2.9027,166.6076,2.8221,166.7234
117,11.7000,5.2099,3.0035,4.8427,0.9673,5.3048,5.3048,7.0017,6.7815,2.8994,2.5565,2.4972,3.3661,150.8185,74.5269,0.6807,0.9242,7.0017,88.2170,2.8994,150.8185,2.8994,74.5269,2.8121,175.2657,2.5565,151.7081
118,11.8000,5.4532,3.2598,5.1806,0.9936,4.9844,4.9844,7.1018,6.5708,2.7358,2.7807,2.6148,3.3583,176.3407,50.4009,0.6885,0.8586,7.1018,83.7605,2.7358,176.3407,2.7358,50.4009,3.0219,143.5241,2.7807,150.9679
119,11.9000,4.9452,2.8776,5.0285,0.9531,4.8040,4.8040,6.6545,6.3383,2.7363,2.5993,2.7790,3.0000,145.0465,71.9298,0.6905,0.7486,6.6545,83.6994,2.7363,145.0465,2.7363,71.9298,2.7417,173.0273,2.5993,151.7751
120,12.0000,5.3852,3.2354,4.5647,0.9594,4.9150,4.9150,6.7160,6.3755,2.8893,2.6753,2.7068,3.1170,163.5272,60.6810,0.6932,0.7676,6.7160,84.4758,2.8893,163.5272,2.8893,60.6810,2.7749,158.1407,2.6753,162.6812
121,12.1000,5.2418,3.0150,4.7853,0.9665,4.6554,4.6554,6.7242,6.2081,2.7009,2.6755,2.7910,3.1243,161.6766,62.0690,0.6849,0.6630,6.7242,84.0947,2.7009,161.6766,2.7009,62.0690,3.1570,161.2214,2.6755,174.5432
122,12.2000,4.9304,2.7286,5.1547,0.9715,4.3252,4.3252,6.5357,5.9125,2.5962,2.6616,2.7065,3.0558,145.7967,71.8851,0.6760,0.5866,6.5357,80.7570,2.5962,145.7967,2.5962,71.8851,2.7684,148.8647,2.6616,152.1844
123,12.3000,4.8511,2.7805,4.9226,0.9725,4.4015,4.4015,6.1493,5.8917,2.6715,2.6303,2.7016,3.0737,155.0711,73.4550,0.6607,0.6048,6.1493,77.9733,2.6715,155.0711,2.6715,73.4550,2.7840,160.6086,2.6303,146.9605
124,12.4000,4.8639,2.8471,4.8619,0.9765,4.2662,4.2662,5.9795,5.7633,2.6939,2.5865,2.6219,3.3798,152.7313,71.0871,0.6491,0.5538,5.9795,75.8761,2.6939,152.7313,2.6939,71.0871,2.9982,161.2188,2.5865,158.8588
125,12.5000,5.1676,3.0546,4.9348,0.9926,4.1786,4.1786,5.9234,5.7777,2.6470,2.7038,2.5669,3.4406,175.7279,56.9267,0.6505,0.4629,5.9234,71.7535,2.6470,175.7279,2.6470,56.9267,2.7327,157.8276,2.7038,150.0842
126,12.6000,4.8428,2.6636,4.6664,0.9305,3.6969,3.6969,5.7993,5.4735,2.6248,2.6814,2.6120,3.3233,135.8053,77.5256,0.6425,0.4603,5.7993,75.1341,2.6248,135.8053,2.6248,77.5256,2.9011,164.1035,2.6814,151.4224
127,12.7000,5.0160,2.8624,5.0134,0.9745,4.1984,4.1984,5.8214,5.6968,2.7944,2.8867,2.5327,3.3371,144.1231,76.1646,0.6305,0.4227,5.8214,70.9634,2.7944,144.1231,2.7944,76.1646,2.7313,158.1732,2.8867,142.1838
128,12.8000,5.1427,3.0316,4.9293,0.9844,4.1945,4.1945,5.9941,5.6722,2.7199,2.6614,2.5764,3.1192,154.3985,62.4393,0.6232,0.3257,5.9941,73.0084,2.7199,154.3985,2.7199,62.4393,2.8760,170.0191,2.6614,137.5820
129,12.9000,5.1863,3.0314,5.0222,0.9599,4.4902,4.4902,6.2334,5.8999,2.7159,2.5806,2.6441,3.1757,135.4740,61.9712,0.6027,0.4273,6.2334,75.2472,2.7159,135.4740,2.7159,61.9712,2.9573,162.3090,2.5806,161.2443
130,13.0000,5.3074,3.1630,4.8808,0.9763,4.6389,4.6389,6.8873,6.2555,2.8236,2.7360,2.6742,3.1812,158.9726,61.0998,0.5998,0.6234,6.8873,84.9550,2.8236,158.9726,2.8236,61.0998,2.8719,151.4601,2.7360,154.3627
131,13.1000,5.2741,3.1130,5.2657,0.9734,4.5763,4.5763,6.5925,6.1219,2.7636,2.6125,2.5360,3.1444,154.4372,60.3193,0.6034,0.5775,6.5925,77.4358,2.7636,154.4372,2.7636,60.3193,3.0010,162.0455,2.6125,148.1746
132,13.2000,5.3135,3.1162,4.9072,0.9718,4.4422,4.4422,6.3281,5.9616,2.9552,2.7446,2.9688,3.0220,149.0869,71.4981,0.6037,0.5228,6.3281,76.3931,2.9552,149.0869,2.9552,71.4981,2.8065,170.2918,2.7446,177.4144
133,13.3000,4.9574,2.8477,4.8584,0.9608,3.9439,3.9439,5.7972,5.5300,2.7241,2.5248,2.6266,2.9803,135.6915,72.8704,0.6121,0.5695,5.7972,72.3908,2.7241,135.6915,2.7241,72.8704,2.7783,153.2977,2.5248,155.2806
134,13.4000,5.1818,2.8846,5.2330,0.9798,4.1265,4.1265,6.1986,5.7905,2.6727,2.8557,2.6868,3.0853,162.9102,67.7775,0.6142,0.6172,6.1986,73.0470,2.6727,162.9102,2.6727,67.7775,3.0003,158.8401,2.8557,154.6691
135,13.5000,5.2646,3.0653,5.0272,1.0006,4.3759,4.3759,6.2668,5.7757,2.7284,2.8119,2.7062,3.1340,153.1981,61.2240,0.6147,0.5361,6.2668,74.9818,2.7284,153.1981,2.7284,61.2240,2.7584,161.9924,2.8119,165.6965
136,13.6000,5.0974,3.0737,4.9034,0.9417,5.0504,5.0504,6.4451,6.2577,2.7563,2.6229,2.5814,2.8290,152.5798,61.7822,0.6039,0.6879,6.4451,80.2249,2.7563,152.5798,2.7563,61.7822,3.0522,173.0870,2.6229,156.0061
137,13.7000,5.1464,3.0089,5.1421,1.0220,4.4278,4.4278,6.2511,5.8225,2.8143,2.9857,2.6544,3.1206,162.4422,69.2626,0.6116,0.5105,6.2511,74.8296,2.8143,162.4422,2.8143,69.2626,2.8814,160.8203,2.9857,158.3754
138,13.8000,5.0109,2.9823,5.3716,0.9420,3.9223,3.9223,6.1738,5.6129,2.7811,2.8441,2.5859,2.9644,160.5086,68.6367,0.6164,0.5106,6.1738,72.8795,2.7811,160.5086,2.7811,68.6367,2.6540,151.8268,2.8441,149.4416
139,13.9000,5.1067,3.0188,5.0725,0.9614,4.5294,4.5294,6.2365,6.0524,2.6670,2.7393,2.6858,2.9329,161.8872,59.7475,0.6168,0.5863,6.2365,75.5649,2.6670,161.8872,2.6670,59.7475,2.8880,158.2629,2.7393,155.3109
140,14.0000,5.3295,3.1783,4.9731,1.0000,4.3156,4.3156,6.1973,5.8961,2.8542,2.6836,2.7313,3.1532,167.1170,62.2964,0.6147,0.3976,6.1973,73.8677,2.8542,167.1170,2.8542,62.2964,2.7927,167.7357,2.6836,149.3351
141,14.1000,5.2873,3.0487,5.0904,0.9722,4.3963,4.3963,6.5038,5.9021,2.7485,2.6372,2.7451,2.9763,167.2353,63.0602,0.6131,0.3702,6.5038,77.5909,2.7485,167.2353,2.7485,63.0602,2.7692,162.1658,2.6372,152.2575
142,14.2000,5.0609,2.8616,4.8041,0.9871,4.2847,4.2847,6.3367,5.8542,2.6483,2.7290,2.8246,2.8827,169.9834,67.6324,0.6245,0.3927,6.3367,79.8872,2.6483,169.9834,2.6483,67.6324,2.8257,158.4445,2.7290,148.7355
143,14.3000,4.9822,2.8000,4.9142,0.9627,3.9764,3.9764,6.4508,5.6724,2.6827,2.5902,2.6314,2.8269,137.9667,73.0708,0.6393,0.3717,6.4508,81.3573,2.6827,137.9667,2.6827,73.0708,3.0308,154.4208,2.5902,149.7864
144,14.4000,5.4199,3.1574,5.1050,0.9866,4.1738,4.1738,6.7593,5.9024,2.8565,2.6651,2.7291,2.8535,162.2483,63.4676,0.6443,0.4513,6.7593,79.8532,2.8565,162.2483,2.8565,63.4676,2.8194,156.2012,2.6651,150.7263
145,14.5000,5.1995,3.0048,4.9054,0.9598,4.0001,4.0001,6.3891,5.7088,2.7631,2.6292,2.7739,2.9083,157.9948,66.3347,0.6467,0.5361,6.3891,78.3768,2.7631,157.9948,2.7631,66.3347,2.8064,168.8176,2.6292,155.1551
146,14.6000,5.3323,3.0948,5.1750,0.9819,4.0943,4.0943,6.3090,5.6841,2.6344,2.6556,2.6172,3.2321,173.8880,53.6538,0.6440,0.6071,6.3090,73.7859,2.6344,173.8880,2.6344,53.6538,2.7894,149.7352,2.6556,151.0709
147,14.7000,5.3029,3.0533,5.0041,0.9659,4.1578,4.1578,6.5947,5.7600,2.6274,2.8184,2.6154,2.8806,164.7718,55.3674,0.6422,0.5433,6.5947,79.4998,2.6274,164.7718,2.6274,55.3674,2.9747,161.2379,2.8184,174.7888
148,14.8000,5.1031,2.9617,5.4888,0.9419,3.6381,3.6381,6.2959,5.4931,2.6196,2.7487,2.6081,3.1800,173.6049,59.9217,0.6395,0.3884,6.2959,72.8385,2.6196,173.6049,2.6196,59.9217,2.7928,163.5717,2.7487,147.0367
149,14.9000,4.9915,2.7881,4.9330,0.9796,4.0653,4.0653,6.1462,5.6855,2.7558,2.8993,2.6229,2.6913,130.0763,77.9705,0.6385,0.5861,6.1462,76.5267,2.7558,130.0763,2.7558,77.9705,2.8086,169.8410,2.8993,144.4691
150,15.0000,4.5593,2.4080,4.8952,0.9789,4.1007,4.1007,6.0497,5.6564,2.5882,2.7807,2.5447,3.1019,100.2948,89.2981,0.6340,0.6020,6.0497,79.4791,2.5882,100.2948,2.5882,89.2981,2.9752,161.3333,2.7807,136.1171
151,15.1000,4.7782,2.5779,5.3397,0.9612,3.8668,3.8668,6.3146,5.8001,2.7065,2.9908,2.6681,2.9514,131.4793,87.1743,0.6266,0.6329,6.3146,77.0104,2.7065,131.4793,2.7065,87.1743,2.8083,141.5906,2.9908,138.7248
152,15.2000,5.1559,2.9318,5.3607,0.9780,4.1755,4.1755,6.3799,5.7381,2.7994,2.8528,2.6473,2.8851,140.9379,72.5919,0.6372,0.5132,6.3799,74.6669,2.7994,140.9379,2.7994,72.5919,2.7365,154.4380,2.8528,162.0800
153,15.3000,5.3400,3.1109,4.8753,0.9878,3.7160,3.7160,6.2948,5.2896,2.7080,2.6187,2.6193,2.9568,170.6268,57.2986,0.6407,0.4654,6.2948,75.9282,2.7080,170.6268,2.7080,57.2986,2.8820,155.8780,2.6187,126.1106
154,15.4000,5.2189,3.0288,4.9375,0.9705,3.9920,3.9920,6.4074,5.6296,2.6348,2.7266,2.5987,3.0587,162.9951,57.3307,0.6421,0.4260,6.4074,78.1754,2.6348,162.9951,2.6348,57.3307,2.8013,154.0289,2.7266,151.4172
155,15.5000,5.1069,2.9497,4.6539,0.9729,4.5902,4.5902,6.3123,5.9005,2.8834,2.5897,2.5995,2.8886,143.9381,76.5702,0.6509,0.3665,6.3123,80.4410,2.8834,143.9381,2.8834,76.5702,3.0639,166.4442,2.5897,152.8504
156,15.6000,5.1384,3.0909,4.8333,0.9773,4.2290,4.2290,6.1476,5.7681,2.8441,2.8530,2.6133,2.8648,169.2153,66.3864,0.6557,0.3648,6.1476,76.0548,2.8441,169.2153,2.8441,66.3864,2.7729,170.6696,2.8530,154.6297
157,15.7000,5.0499,2.9473,5.2720,0.9376,4.1414,4.1414,6.1176,5.9803,2.6852,2.6623,2.6438,3.2217,138.8319,64.7727,0.6706,0.3490,6.1176,72.6581,2.6852,138.8319,2.6852,64.7727,3.0486,161.3542,2.6623,176.3546
158,15.8000,4.9047,2.6905,4.8834,0.9915,3.8618,3.8618,6.1069,5.6818,2.7515,2.8778,2.6902,2.9978,135.7403,82.9910,0.6753,0.2993,6.1069,77.2048,2.7515,135.7403,2.7515,82.9910,2.7090,163.8790,2.8778,155.5850
159,15.9000,5.2816,2.9985,5.1321,0.9824,4.0240,4.0240,6.2083,5.7772,2.5542,2.6482,2.6922,2.6143,172.3108,54.3689,0.6791,0.3367,6.2083,73.1753,2.5542,172.3108,2.5542,54.3689,2.8789,140.3167,2.6482,168.2254
160,16.0000,5.1231,2.8842,4.8473,0.9547,3.7835,3.7835,6.3338,5.5932,2.7145,2.6986,2.7240,3.1277,148.8447,70.2451,0.6799,0.3482,6.3338,78.8248,2.7145,148.8447,2.7145,70.2451,2.8494,173.0145,2.6986,174.8298
161,16.1000,5.0362,2.8572,5.1028,0.9476,3.7081,3.7081,6.3437,5.4076,2.7098,2.6789,2.6910,3.2656,152.5933,71.5007,0.6792,0.4005,6.3437,77.4596,2.7098,152.5933,2.7098,71.5007,2.7056,155.1158,2.6789,153.2718
162,16.2000,4.9520,2.7224,5.2513,0.9939,3.9022,3.9022,6.4160,5.6524,2.6689,2.7484,2.6536,2.6954,137.3534,76.3563,0.6862,0.4582,6.4160,77.8649,2.6689,137.3534,2.6689,76.3563,2.8170,156.1962,2.7484,162.3443
163,16.3000,5.5610,3.3240,4.9598,0.9888,4.4372,4.4372,6.5351,6.0068,3.0644,2.8204,2.5774,3.0107,148.1380,66.3589,0.6813,0.4559,6.5351,76.5648,3.0644,148.1380,3.0644,66.3589,2.7560,170.1694,2.8204,165.1992
164,16.4000,4.6881,2.5036,4.6506,0.9433,4.1006,4.1006,6.2784,5.7768,2.5099,2.5968,2.8143,2.9399,134.5913,79.5294,0.6764,0.3623,6.2784,84.4902,2.5099,134.5913,2.5099,79.5294,3.0305,159.8059,2.5968,158.3865
165,16.5000,5.1305,2.8965,5.5349,1.0177,4.0497,4.0497,5.9951,5.6824,2.5840,2.6645,2.6942,3.0285,144.9037,62.2151,0.6840,0.3114,5.9951,68.2818,2.5840,144.9037,2.5840,62.2151,2.6945,159.0338,2.6645,165.5034
166,16.6000,5.0318,2.7616,5.1498,0.9771,4.1277,4.1277,6.5523,5.8624,2.8289,2.8262,2.7187,3.1054,135.7746,83.8459,0.6690,0.3389,6.5523,80.1038,2.8289,135.7746,2.8289,83.8459,3.0288,165.1602,2.8262,144.8304
167,16.7000,5.4525,3.2231,5.2324,0.9300,4.1058,4.1058,6.5810,5.8365,2.9221,2.8105,2.5640,2.9233,169.0892,63.0799,0.6698,0.3467,6.5810,76.0058,2.9221,169.0892,2.9221,63.0799,2.7400,173.3563,2.8105,154.0244
168,16.8000,5.0975,2.8633,5.2489,0.9839,3.8492,3.8492,6.1184,5.7522,2.5262,2.6039,2.8228,2.8159,160.2410,60.3797,0.6736,0.4080,6.1184,72.4901,2.5262,160.2410,2.5262,60.3797,2.7708,163.5125,2.6039,153.9939
169,16.9000,5.0739,2.8877,5.0383,0.9520,3.9898,3.9898,6.0212,5.5472,2.6147,2.7371,2.7137,3.1930,162.1250,64.0172,0.6746,0.4808,6.0212,73.0866,2.6147,162.1250,2.6147,64.0172,2.9488,178.9870,2.7371,165.7219
170,17.0000,5.0688,2.8658,5.0878,0.9741,4.0297,4.0297,6.1957,5.6303,2.7056,2.7675,2.8046,2.8835,152.9490,70.7420,0.6835,0.6172,6.1957,75.1804,2.7056,152.9490,2.7056,70.7420,2.9341,165.8735,2.7675,159.0305
171,17.1000,5.3916,3.1543,4.9206,0.9585,3.9816,3.9816,6.0339,5.5745,2.9156,2.9966,2.8934,2.9274,161.9724,66.9530,0.6845,0.5076,6.0339,71.4568,2.9156,161.9724,2.9156,66.9530,2.7315,171.0894,2.9966,164.0874
172,17.2000,5.0105,2.9205,4.9575,0.9696,4.5012,4.5012,6.4495,5.9910,2.6167,2.7791,2.6659,2.9984,150.8181,62.4171,0.6795,0.4752,6.4495,80.6332,2.6167,150.8181,2.6167,62.4171,2.9221,170.5910,2.7791,136.3249
173,17.3000,4.9724,2.9482,4.8514,0.9922,4.6449,4.6449,6.3152,6.0439,2.7489,2.8072,2.7533,3.0971,149.5218,68.7597,0.6784,0.4850,6.3152,79.9986,2.7489,149.5218,2.7489,68.7597,2.8485,171.3486,2.8072,155.8899
174,17.4000,5.0393,2.9685,4.9283,0.9733,4.4301,4.4301,5.9363,5.7225,2.6168,3.0566,2.6759,2.9615,174.0930,59.7475,0.6751,0.4770,5.9363,73.0947,2.6168,174.0930,2.6168,59.7475,2.7498,154.9836,3.0566,163.2348
175,17.5000,5.2700,2.9911,5.0118,0.9655,4.5447,4.5447,6.6333,6.0517,2.7834,3.0353,2.5394,2.9968,163.3868,68.3401,0.6802,0.4692,6.6333,80.3117,2.7834,163.3868,2.7834,68.3401,2.9588,165.4425,3.0353,153.6573
176,17.6000,5.1302,2.9090,4.9768,0.9790,4.6530,4.6530,6.5616,6.0284,2.6974,2.6852,2.6634,3.1477,149.7977,67.8796,0.6827,0.5167,6.5616,80.9484,2.6974,149.7977,2.6974,67.8796,2.9556,160.5567,2.6852,162.1585
177,17.7000,4.9549,2.7550,5.0858,1.0091,3.5989,3.5989,6.5505,5.4739,2.4808,2.7239,2.6036,3.0541,159.7883,63.8131,0.6895,0.5226,6.5505,81.4327,2.4808,159.7883,2.4808,63.8131,2.9775,155.5143,2.7239,166.8478
178,17.8000,4.9864,2.8883,5.0988,0.9379,3.8379,3.8379,5.9739,5.3169,2.4905,2.5289,3.2114,2.9031,174.0023,56.1335,0.6974,0.5628,5.9739,72.6375,2.4905,174.0023,2.4905,56.1335,3.0784,149.8181,2.5289,169.2618
179,17.9000,4.9389,2.7667,5.1171,0.9657,3.7802,3.7802,6.2314,5.5403,2.5667,2.8180,2.7666,2.9809,164.8687,68.0315,0.6942,0.5136,6.2314,76.5613,2.5667,164.8687,2.5667,68.0315,2.9465,176.2293,2.8180,149.2332
180,18.0000,5.1438,2.9200,5.2114,1.0040,3.6695,3.6695,6.0143,5.5416,2.6951,2.4726,2.6817,3.1557,167.0733,67.2117,0.6908,0.3455,6.0143,71.0093,2.6951,167.0733,2.6951,67.2117,2.9770,146.9880,2.4726,160.0044
181,18.1000,4.9620,2.8665,4.5203,0.9784,4.7302,4.7302,6.2309,5.9377,2.8462,2.8221,2.8084,2.9833,140.7591,78.9680,0.6863,0.5265,6.2309,82.0167,2.8462,140.7591,2.8462,78.9680,2.7516,171.8634,2.8221,166.6833
182,18.2000,5.0235,2.8050,5.2162,0.9437,4.5473,4.5473,6.6745,6.0179,2.6728,2.6874,2.6593,3.2362,145.7428,72.2394,0.6815,0.5422,6.6745,81.3350,2.6728,145.7428,2.6728,72.2394,3.0150,155.7717,2.6874,159.4031
183,18.3000,5.2225,2.9658,4.9571,0.9983,4.1279,4.1279,6.4768,5.9124,2.6201,2.6170,2.6856,3.1148,174.3227,60.3652,0.6773,0.5202,6.4768,78.9784,2.6201,174.3227,2.6201,60.3652,2.9248,174.5210,2.6170,169.4731
184,18.4000,5.3344,3.1038,4.7549,0.9871,4.2815,4.2815,6.4432,5.7318,2.6351,2.6668,2.7170,3.0593,175.5875,53.2703,0.6629,0.5433,6.4432,79.1483,2.6351,175.5875,2.6351,53.2703,2.7585,153.6294,2.6668,142.0752
185,18.5000,5.0325,2.8085,5.0692,0.9636,4.5050,4.5050,6.2078,5.7466,2.6782,2.7220,2.5453,3.1192,152.5229,72.3215,0.6504,0.4029,6.2078,75.8351,2.6782,152.5229,2.6782,72.3215,2.9489,152.5662,2.7220,154.0965
186,18.6000,5.1103,2.9635,4.9696,0.9514,4.2021,4.2021,6.2255,5.9706,2.7010,2.6866,2.6462,3.0073,148.1933,64.9000,0.6657,0.4031,6.2255,76.2701,2.7010,148.1933,2.7010,64.9000,2.8788,152.3227,2.6866,170.4734
187,18.7000,5.2644,3.0425,4.9733,1.0107,3.9974,3.9974,6.3252,5.7368,2.6916,2.7224,2.6117,3.2870,167.7000,60.4425,0.6755,0.4524,6.3252,76.2580,2.6916,167.7000,2.6916,60.4425,2.7900,152.7824,2.7224,157.9770
188,18.8000,5.0516,2.8503,4.8250,0.9890,3.7148,3.7148,6.0231,5.3673,2.6187,2.6502,2.7075,3.0162,159.4541,66.5350,0.6853,0.4917,6.0231,75.1160,2.6187,159.4541,2.6187,66.5350,2.7715,163.5323,2.6502,156.7386
189,18.9000,5.1064,2.9497,5.3901,0.9577,3.5053,3.5053,6.1114,5.3302,2.7092,2.9046,2.7400,3.2378,152.0548,66.2193,0.6852,0.4519,6.1114,71.1567,2.7092,152.0548,2.7092,66.2193,2.7302,143.7301,2.9046,157.6329
190,19.0000,5.2460,3.0614,5.0745,0.9683,3.4395,3.4395,6.2173,5.1239,2.7075,2.6006,2.6926,3.2250,168.1756,59.8332,0.6840,0.4576,6.2173,74.0655,2.7075,168.1756,2.7075,59.8332,2.6880,149.1090,2.6006,159.1367
191,19.1000,4.9096,2.6965,4.9260,0.9494,3.4256,3.4256,6.0887,5.1301,2.5093,2.6557,2.7314,3.1189,146.6256,68.5060,0.6819,0.3695,6.0887,76.4943,2.5093,146.6256,2.5093,68.5060,2.8511,155.7906,2.6557,152.2888
192,19.2000,4.8744,2.6482,5.1091,0.9694,3.7677,3.7677,6.1947,5.4616,2.4521,2.6593,2.7129,3.4073,137.6636,67.8030,0.6957,0.3616,6.1947,76.6645,2.4521,137.6636,2.4521,67.8030,2.7876,160.1620,2.6593,151.8644
193,19.3000,5.1414,2.8991,4.9956,0.9931,3.4133,3.4133,5.9076,5.1571,2.5577,2.7393,2.8051,2.9212,177.0493,60.3473,0.7022,0.4511,5.9076,71.2758,2.5577,177.0493,2.5577,60.3473,2.9795,172.6073,2.7393,166.9069
194,19.4000,5.0061,2.8134,5.3236,0.9819,3.2881,3.2881,5.7108,5.0882,2.6532,2.8424,2.8149,3.2703,151.7677,70.5478,0.7041,0.4526,5.7108,67.0441,2.6532,151.7677,2.6532,70.5478,2.8971,174.2668,2.8424,151.1284
195,19.5000,5.2458,3.1023,5.6688,0.9560,3.2489,3.2489,6.1856,5.1922,2.6685,2.6292,2.6852,2.8050,174.0922,54.8265,0.6967,0.4895,6.1856,68.9195,2.6685,174.0922,2.6685,54.8265,2.6483,145.0179,2.6292,162.1039
196,19.6000,5.1359,3.0345,5.0933,0.9669,4.3158,4.3158,6.2674,5.6333,2.5797,2.6401,2.8473,3.1388,169.9446,53.5242,0.7000,0.5909,6.2674,75.5686,2.5797,169.9446,2.5797,53.5242,2.7742,141.3932,2.6401,164.8604
197,19.7000,5.3084,3.0934,4.9659,0.9948,4.5730,4.5730,6.6005,5.9999,2.7515,2.6402,2.6975,3.1179,151.4687,60.9566,0.7071,0.6878,6.6005,79.8696,2.7515,151.4687,2.7515,60.9566,2.6545,169.6635,2.6402,162.4131
198,19.8000,5.2717,3.0690,5.0454,0.9598,4.4449,4.4449,6.8565,6.1799,2.7738,2.7725,2.6227,3.0071,169.4696,63.3070,0.7027,0.5491,6.8565,83.2686,2.7738,169.4696,2.7738,63.3070,2.8227,154.0897,2.7725,148.7859
199,19.9000,5.1341,2.8961,4.9370,0.9841,4.2436,4.2436,6.6936,5.8906,2.7131,2.6680,2.6900,3.0048,154.4946,69.5143,0.6941,0.5132,6.6936,83.2840,2.7131,154.4946,2.7131,69.5143,3.0055,157.5966,2.6680,156.0199
200,20.0000,5.2301,3.0378,4.7266,0.9801,4.6100,4.6100,6.3785,6.0764,2.7239,2.6036,2.5527,3.0038,153.9137,62.2863,0.6896,0.6906,6.3785,79.5011,2.7239,153.9137,2.7239,62.2863,2.8054,166.1658,2.6036,159.2678
201,20.1000,5.1130,3.0429,5.4379,0.9658,4.7771,4.7771,6.2432,6.0729,2.7970,2.8659,2.6238,3.1755,163.4377,66.2358,0.6891,0.7168,6.2432,72.4842,2.7970,163.4377,2.7970,66.2358,2.7014,147.8956,2.8659,159.1945
202,20.2000,5.2672,3.1979,4.8524,0.9504,4.2668,4.2668,6.5956,5.8453,2.7740,2.6526,2.4781,2.7308,167.5565,55.5963,0.6834,0.5234,6.5956,81.2384,2.7740,167.5565,2.7740,55.5963,2.7988,162.4351,2.6526,166.3365
203,20.3000,4.9768,2.8789,5.2280,1.0099,4.8837,4.8837,6.1950,6.0627,2.7277,2.6439,2.7666,3.0934,149.3035,71.2652,0.6738,0.6296,6.1950,74.7093,2.7277,149.3035,2.7277,71.2652,2.8252,167.6250,2.6439,165.8258
204,20.4000,4.8596,2.7126,5.5042,0.9773,4.6795,4.6795,6.6518,6.1306,2.5802,2.7501,2.6963,3.0042,148.3192,71.8023,0.6630,0.6587,6.6518,79.5904,2.5802,148.3192,2.5802,71.8023,2.9007,157.5502,2.7501,163.0249
205,20.5000,5.1401,3.0603,4.8822,0.9565,4.2464,4.2464,6.3951,5.7277,2.9320,2.7542,2.6017,3.1244,151.4016,73.2892,0.6686,0.5788,6.3951,79.2532,2.9320,151.4016,2.9320,73.2892,2.7358,163.8453,2.7542,157.7811
206,20.6000,5.2531,3.0520,5.4093,1.0087,4.3565,4.3565,6.1914,5.8501,2.6682,2.6456,2.6402,3.0650,158.6488,58.5469,0.6688,0.6658,6.1914,70.9787,2.6682,158.6488,2.6682,58.5469,2.7739,171.5613,2.6456,159.5512
207,20.7000,4.8685,2.6833,4.9507,0.9612,3.9662,3.9662,6.4889,5.7269,2.5550,2.9236,2.6678,2.7649,150.3467,71.9745,0.6695,0.5239,6.4889,82.7224,2.5550,150.3467,2.5550,71.9745,2.8515,162.3141,2.9236,166.4502
208,20.8000,5.3012,3.1857,5.3095,0.9547,4.4898,4.4898,6.5313,6.0303,2.7765,2.7212,2.5774,2.8304,161.0184,56.5716,0.6778,0.4874,6.5313,75.9827,2.7765,161.0184,2.7765,56.5716,2.7881,171.4488,2.7212,150.8027
209,20.9000,5.3924,3.0886,5.0318,0.9875,4.0082,4.0082,6.0736,5.5285,2.8130,2.8107,2.7159,3.1364,164.8217,64.7546,0.6813,0.5872,6.0736,71.1776,2.8130,164.8217,2.8130,64.7546,2.8579,152.1447,2.8107,169.4690
210,21.0000,5.1798,2.9241,4.8955,0.9878,3.5601,3.5601,5.6616,5.1264,2.6838,2.8638,2.5955,3.2842,156.5394,66.2842,0.6845,0.6176,5.6616,68.3109,2.6838,156.5394,2.6838,66.2842,2.8921,168.0417,2.8638,165.5971
211,21.1000,5.1809,3.0192,4.8704,0.9628,3.5845,3.5845,6.0291,5.2943,2.7561,2.6890,2.6984,3.3444,158.7555,65.1135,0.6893,0.6577,6.0291,73.6433,2.7561,158.7555,2.7561,65.1135,2.9659,173.1345,2.6890,148.5377
212,21.2000,5.3759,3.1027,5.0821,0.9427,4.0705,4.0705,6.3615,5.7738,2.7759,2.6909,2.6713,3.2096,150.8390,61.2914,0.6895,0.6023,6.3615,74.8726,2.7759,150.8390,2.7759,61.2914,2.6971,152.7252,2.6909,158.6326
213,21.3000,4.5973,2.3911,5.0461,0.9871,4.1316,4.1316,6.3301,5.8008,2.5686,2.9049,2.5802,3.1273,140.7946,88.8591,0.6743,0.5106,6.3301,81.9112,2.5686,140.7946,2.5686,88.8591,2.8390,153.7446,2.9049,158.0668
214,21.4000,4.9279,2.7416,4.9907,0.9776,4.2468,4.2468,6.7742,6.0168,2.5529,2.7487,2.6592,2.8827,135.7840,68.6116,0.6654,0.6193,6.7742,86.1518,2.5529,135.7840,2.5529,68.6116,2.7897,150.9573,2.7487,143.3930
215,21.5000,5.2227,3.1450,4.9553,0.9704,4.3624,4.3624,6.5900,5.9340,2.8187,2.5505,2.6563,2.8321,170.9242,61.7642,0.6624,0.6130,6.5900,80.6556,2.8187,170.9242,2.8187,61.7642,2.9297,160.5717,2.5505,158.4219
216,21.6000,4.8657,2.7748,5.1101,0.9958,4.1873,4.1873,5.8557,5.6565,2.6657,2.9155,2.6951,3.4270,155.2414,73.3295,0.6586,0.3656,5.8557,71.8406,2.6657,155.2414,2.6657,73.3295,2.8119,155.1348,2.9155,159.6549
217,21.7000,4.7876,2.9105,4.4481,0.9332,4.4074,4.4074,5.8054,5.6926,2.6201,3.1359,2.5220,3.1748,144.3269,62.8682,0.6643,0.3281,5.8054,77.7959,2.6201,144.3269,2.6201,62.8682,2.8643,163.6021,3.1359,165.5843
218,21.8000,5.1910,3.1805,4.8202,0.9945,4.7491,4.7491,6.0965,5.9545,2.8379,2.9973,2.5779,3.0444,158.6026,61.1682,0.6736,0.4364,6.0965,74.9279,2.8379,158.6026,2.8379,61.1682,2.7457,163.1010,2.9973,155.2151
219,21.9000,5.1553,2.9996,4.8459,0.9655,4.2450,4.2450,6.1901,5.7908,2.7627,2.7010,2.6214,2.8981,162.4080,66.6333,0.6795,0.3713,6.1901,76.4078,2.7627,162.4080,2.7627,66.6333,2.7735,161.0807,2.7010,160.6848
220,22.0000,5.3509,3.2383,4.9241,0.9849,4.8237,4.8237,6.2078,6.0681,2.7491,2.7113,2.7055,2.9396,167.7291,52.3248,0.6745,0.5935,6.2078,74.2068,2.7491,167.7291,2.7491,52.3248,2.7066,161.9895,2.7113,171.1748
221,22.1000,5.3018,3.1105,5.1633,0.9503,4.4438,4.4438,6.6348,6.0220,2.7273,2.7287,2.6306,2.8340,170.1006,57.9135,0.6723,0.6979,6.6348,78.6782,2.7273,170.1006,2.7273,57.9135,2.8710,167.0722,2.7287,165.5075
222,22.2000,4.9101,2.7299,5.1851,0.9755,4.4431,4.4431,6.6281,6.0957,2.8218,2.6349,2.6148,3.1595,132.5252,85.2454,0.6802,0.8037,6.6281,82.0271,2.8218,132.5252,2.8218,85.2454,3.0511,158.3370,2.6349,164.7100
223,22.3000,5.1567,3.0085,5.0614,0.9858,4.4720,4.4720,6.7761,6.1006,2.8263,2.8778,2.5934,3.2906,129.3311,69.9373,0.6950,0.9976,6.7761,83.0759,2.8263,129.3311,2.8263,69.9373,2.7650,173.3036,2.8778,154.5375
224,22.4000,5.1458,2.9056,5.4352,0.9311,4.1422,4.1422,6.3011,5.8955,2.5775,2.5838,2.6658,2.9072,175.2845,60.4795,0.6985,1.0221,6.3011,73.0401,2.5775,175.2845,2.5775,60.4795,2.8768,163.5886,2.5838,156.6693
225,22.5000,5.4439,3.2386,6.0089,0.9946,3.8898,3.8898,6.1105,5.6504,2.7663,2.6605,2.6596,2.9078,161.3050,53.5678,0.7039,0.7681,6.1105,64.2680,2.7663,161.3050,2.7663,53.5678,2.8955,145.7376,2.6605,163.0562
226,22.6000,5.5001,3.3227,5.1241,1.0352,4.3034,4.3034,6.2298,5.7107,2.9226,2.7039,2.6411,2.9047,152.6609,58.7344,0.7124,0.5549,6.2298,71.7021,2.9226,152.6609,2.9226,58.7344,2.7808,166.8300,2.7039,158.5661
227,22.7000,4.9791,3.1249,4.6795,0.9234,4.6495,4.6495,6.0211,5.8579,2.7931,2.8805,2.6332,2.9599,152.6284,60.7902,0.7035,0.5473,6.0211,77.0584,2.7931,152.6284,2.7931,60.7902,3.0740,168.3047,2.8805,154.9896
228,22.8000,5.3237,3.2387,5.6668,1.0070,4.6524,4.6524,6.2766,6.1554,2.8488,2.7525,2.5990,3.2932,173.8667,58.7129,0.6993,0.7067,6.2766,69.5732,2.8488,173.8667,2.8488,58.7129,2.6491,158.3997,2.7525,161.9668
229,22.9000,5.1717,2.9754,5.7821,0.9515,4.6422,4.6422,6.3474,6.2295,2.8320,2.6901,2.5627,3.3206,159.7318,72.1224,0.6957,0.7880,6.3474,70.5749,2.8320,159.7318,2.8320,72.1224,2.9999,176.1576,2.6901,153.3472
230,23.0000,4.9650,2.8180,5.2612,0.9749,4.2706,4.2706,5.9494,5.6626,2.7833,2.5869,2.5377,3.1098,136.4825,77.9733,0.6968,0.6985,5.9494,71.0843,2.7833,136.4825,2.7833,77.9733,2.9403,168.7404,2.5869,147.1108
231,23.1000,5.0277,2.8297,5.3217,1.0032,4.3515,4.3515,6.2105,5.9407,2.6314,2.9803,2.6927,3.1751,144.5152,68.4098,0.7117,0.7120,6.2105,73.6889,2.6314,144.5152,2.6314,68.4098,2.7477,175.8686,2.9803,163.3376
232,23.2000,5.0137,2.9798,5.2407,0.9462,4.6260,4.6260,6.3745,6.1313,2.7269,2.6120,2.6375,2.8764,161.8538,65.4965,0.7279,0.7061,6.3745,76.8369,2.7269,161.8538,2.7269,65.4965,2.7284,166.6107,2.6120,157.8877
233,23.3000,4.9725,2.8818,5.2140,0.9918,4.7147,4.7147,6.3187,6.0945,2.6231,2.9162,2.5929,3.0806,154.9661,65.0912,0.7347,0.6721,6.3187,76.6359,2.6231,154.9661,2.6231,65.0912,2.7624,176.3486,2.9162,150.5060
234,23.4000,5.5151,3.2319,5.1085,1.0054,4.2978,4.2978,6.6053,5.9432,2.7868,2.6293,2.5742,2.8697,166.5985,55.4064,0.7329,0.6619,6.6053,76.7836,2.7868,166.5985,2.7868,55.4064,2.8269,156.9392,2.6293,162.0496
235,23.5000,5.4102,3.2321,5.5274,0.9298,4.1237,4.1237,6.3535,5.7725,2.9335,2.7404,2.5405,3.1454,153.7348,63.2449,0.7481,0.6756,6.3535,71.0175,2.9335,153.7348,2.9335,63.2449,2.7639,159.1688,2.7404,164.8995
236,23.6000,4.6505,2.4859,5.4935,1.0018,4.2026,4.2026,6.2450,5.8427,2.6149,2.8500,2.6782,3.1715,134.5586,86.0214,0.7595,0.7119,6.2450,75.4857,2.6149,134.5586,2.6149,86.0214,2.9511,148.2319,2.8500,143.9398
237,23.7000,4.6930,2.4869,5.3228,0.9735,4.2456,4.2456,6.3072,5.8138,2.5099,2.9370,2.6613,3.0163,129.3602,80.0991,0.7646,0.7369,6.3072,77.7797,2.5099,129.3602,2.5099,80.0991,3.0313,166.8911,2.9370,148.7734
238,23.8000,5.3905,3.1534,5.1657,0.9612,4.2554,4.2554,6.2684,5.7914,2.8445,2.6020,2.5435,3.1108,151.3803,62.7361,0.7660,0.4743,6.2684,72.8209,2.8445,151.3803,2.8445,62.7361,2.6640,174.1422,2.6020,167.9888
239,23.9000,5.1126,2.8666,5.0663,0.9788,4.0419,4.0419,6.4269,5.6905,2.7668,2.6767,2.6132,2.8635,153.7923,74.2792,0.7624,0.4918,6.4269,78.3040,2.7668,153.7923,2.7668,74.2792,3.0753,167.9495,2.6767,156.0013
240,24.0000,5.3265,3.1698,5.2701,0.9913,4.7107,4.7107,6.4970,6.0611,2.9936,3.0165,2.6347,3.3452,146.8037,70.7795,0.7635,0.5279,6.4970,75.6294,2.9936,146.8037,2.9936,70.7795,2.9244,166.3771,3.0165,158.4420
241,24.1000,5.2325,3.0970,5.0678,0.9827,4.8436,4.8436,6.6872,6.2029,3.1782,2.5788,2.5501,3.2236,110.0267,85.7031,0.7599,0.6082,6.6872,80.9489,3.1782,110.0267,3.1782,85.7031,2.8466,158.6167,2.5788,160.4234
242,24.2000,5.0680,2.9985,5.1705,0.9679,4.7220,4.7220,6.4884,6.0573,2.8167,2.6385,2.7105,3.3322,156.8673,69.9039,0.7571,0.5665,6.4884,78.6441,2.8167,156.8673,2.8167,69.9039,2.7860,167.2091,2.6385,161.3307
243,24.3000,5.0821,3.0040,5.4849,0.9732,4.8641,4.8641,6.7243,6.1131,2.7876,2.8326,2.6436,3.2326,154.4168,67.8910,0.7599,0.6642,6.7243,78.9386,2.7876,154.4168,2.7876,67.8910,2.8979,171.2307,2.8326,160.1898
244,24.4000,5.3025,3.0696,5.7439,0.9468,4.4688,4.4688,6.5910,5.9521,2.7735,2.7848,2.7965,3.1598,156.1455,63.1364,0.7601,0.5864,6.5910,73.1397,2.7735,156.1455,2.7735,63.1364,2.7622,164.4679,2.7848,155.8104
245,24.5000,4.8976,2.7374,5.2204,0.9947,4.3527,4.3527,6.2696,5.7619,2.7015,3.0156,2.6241,3.1298,145.9082,77.4313,0.7653,0.4041,6.2696,76.5065,2.7015,145.9082,2.7015,77.4313,2.6602,159.6402,3.0156,157.8197
246,24.6000,5.1348,2.9842,5.0590,0.9926,4.3965,4.3965,6.4066,5.8465,2.6758,3.0034,2.7578,3.2292,151.8766,62.5513,0.7732,0.4147,6.4066,77.8728,2.6758,151.8766,2.6758,62.5513,2.7606,170.3876,3.0034,152.2294
247,24.7000,5.3832,3.2343,5.0958,0.9343,4.4594,4.4594,6.2708,5.8720,2.9287,2.7656,2.7329,3.0466,154.2513,62.8669,0.7759,0.3976,6.2708,73.4550,2.9287,154.2513,2.9287,62.8669,2.9794,175.5813,2.7656,162.2261
248,24.8000,5.3111,3.2253,5.2980,1.0070,4.4996,4.4996,5.8818,5.7314,2.6833,2.5766,2.6305,3.1650,172.4692,49.5281,0.7721,0.3980,5.8818,67.3407,2.6833,172.4692,2.6833,49.5281,2.6480,168.9325,2.5766,163.6207
249,24.9000,5.4482,3.3881,4.9417,0.9662,4.5223,4.5223,6.4146,5.8308,2.9029,2.7182,2.7314,2.8375,163.7941,52.4962,0.7834,0.4452,6.4146,76.0781,2.9029,163.7941,2.9029,52.4962,2.8404,175.3535,2.7182,163.1667
250,25.0000,5.1888,3.1807,5.1339,0.9660,4.8519,4.8519,6.8087,6.2535,2.7764,2.7725,2.6267,3.2038,166.7384,57.0607,0.8055,0.5661,6.8087,82.5356,2.7764,166.7384,2.7764,57.0607,3.0345,167.0613,2.7725,167.4399
251,25.1000,5.4537,3.3605,5.2066,0.9897,4.4894,4.4894,6.5142,5.9739,2.8248,2.6831,2.5801,2.9335,170.8999,49.8053,0.8215,0.4529,6.5142,75.2948,2.8248,170.8999,2.8248,49.8053,2.7131,162.1259,2.6831,162.2639
252,25.2000,4.5597,2.5971,4.6847,1.0098,4.3702,4.3702,6.0504,5.6052,2.5766,2.7514,2.6093,3.3131,124.5168,77.6018,0.8247,0.4976,6.0504,81.7502,2.5766,124.5168,2.5766,77.6018,3.1298,148.9975,2.7514,158.7401
253,25.3000,4.8023,2.7357,5.1479,0.9330,4.3949,4.3949,6.0245,5.7690,2.7104,2.6255,2.7095,3.1253,142.6587,78.6089,0.8210,0.4899,6.0245,74.4338,2.7104,142.6587,2.7104,78.6089,2.6950,147.1384,2.6255,157.2651
254,25.4000,4.8348,2.7798,5.0128,0.9765,4.3080,4.3080,6.3225,5.7540,2.6689,2.6068,2.6602,3.0898,123.6028,73.3246,0.8160,0.4473,6.3225,79.8656,2.6689,123.6028,2.6689,73.3246,2.8258,152.3821,2.6068,168.0195
255,25.5000,5.0652,3.3132,5.0805,0.9828,4.9192,4.9192,7.0042,6.1829,2.7718,2.5008,2.6730,3.0449,165.2819,49.1403,0.8125,0.6343,7.0042,87.3177,2.7718,165.2819,2.7718,49.1403,3.0327,157.6803,2.5008,158.8739
256,25.6000,5.0454,3.2129,5.4511,0.9686,4.9768,4.9768,7.2630,6.4414,2.8054,2.5097,2.7829,2.9102,152.4611,56.9915,0.8123,0.8318,7.2630,87.4796,2.8054,152.4611,2.8054,56.9915,2.7938,159.6997,2.5097,154.6026
257,25.7000,5.0920,3.2686,5.2666,0.9743,5.0789,5.0789,7.2526,6.4578,2.6645,2.8140,2.5828,3.3760,167.4540,44.6180,0.8158,0.9316,7.2526,88.8619,2.6645,167.4540,2.6645,44.6180,2.7620,158.3606,2.8140,160.9718
258,25.8000,4.9897,3.2721,5.2365,0.9842,4.6946,4.6946,6.7352,5.9930,2.6663,2.5877,2.5962,3.2878,145.7683,44.8514,0.8282,0.7968,6.7352,82.3509,2.6663,145.7683,2.6663,44.8514,2.8836,174.9372,2.5877,156.8851
259,25.9000,4.1039,2.7132,4.6442,0.9706,4.5754,4.5754,6.2366,5.8644,2.6576,2.7424,2.6958,3.0602,141.1245,76.3769,0.8390,0.6619,6.2366,90.7286,2.6576,141.1245,2.6576,76.3769,2.8444,132.9102,2.7424,166.4190
260,26.0000,5.2137,3.1882,5.0530,0.9546,4.4196,4.4196,6.5735,5.9420,2.6645,2.5876,2.8249,3.1484,152.4885,49.2136,0.8439,0.4985,6.5735,79.6082,2.6645,152.4885,2.6645,49.2136,2.9848,152.6794,2.5876,165.3342
261,26.1000,4.7726,3.1769,4.7341,0.9950,4.3186,4.3186,6.4051,5.7858,2.8045,2.6875,2.7951,3.1109,168.1214,59.4061,0.8503,0.5183,6.4051,84.7131,2.8045,168.1214,2.8045,59.4061,2.7940,150.6941,2.6875,139.2566
262,26.2000,5.2024,3.2157,5.0844,0.9637,4.3293,4.3293,6.1387,5.5923,2.7835,2.5769,2.7124,2.9584,160.2881,55.3770,0.8547,0.5104,6.1387,73.2654,2.7835,160.2881,2.7835,55.3770,2.8665,156.7458,2.5769,163.3974
263,26.3000,4.8454,2.8794,4.8365,0.9676,4.0535,4.0535,6.2504,5.5590,2.5735,2.7167,2.6053,3.2908,167.1529,62.1412,0.8558,0.4336,6.2504,80.4181,2.5735,167.1529,2.5735,62.1412,2.8557,153.8038,2.7167,166.0619
264,26.4000,4.9356,3.0678,4.8259,0.9797,4.3221,4.3221,6.1906,5.6996,2.6177,2.6745,2.7429,2.9914,169.2093,54.1710,0.8537,0.4890,6.1906,78.7100,2.6177,169.2093,2.6177,54.1710,2.7939,166.0157,2.6745,150.1484
265,26.5000,5.1470,3.0260,4.8882,0.9672,4.4378,4.4378,6.3961,5.7961,2.6544,2.6497,2.7909,3.0159,162.8329,58.6446,0.8528,0.4935,6.3961,79.1457,2.6544,162.8329,2.6544,58.6446,2.8805,150.4846,2.6497,157.2451
266,26.6000,5.3125,3.2938,5.0753,0.9710,4.3634,4.3634,6.4357,5.7392,2.9436,2.5244,2.6813,3.2435,174.7283,60.7340,0.8517,0.4615,6.4357,76.5273,2.9436,174.7283,2.9436,60.7340,2.7291,165.4420,2.5244,166.8860
267,26.7000,4.9177,2.8432,5.0298,0.9625,3.9172,3.9172,6.5198,5.6681,2.6844,2.8578,2.7416,3.0841,156.3791,70.7519,0.8574,0.4069,6.5198,81.8951,2.6844,156.3791,2.6844,70.7519,2.8301,164.6847,2.8578,150.1829
268,26.8000,5.0165,2.9576,5.1034,0.9814,4.4777,4.4777,6.4289,5.9264,2.5609,2.6244,2.5581,3.2302,165.5869,57.1094,0.8534,0.5719,6.4289,78.8753,2.5609,165.5869,2.5609,57.1094,2.8786,151.8425,2.6244,165.8354
269,26.9000,4.7957,3.1052,4.9478,0.9732,5.3610,5.3610,6.5035,6.2670,2.6234,2.7118,2.7055,3.2503,176.4345,52.1658,0.8385,0.7859,6.5035,83.7288,2.6234,176.4345,2.6234,52.1658,2.7758,149.3557,2.7118,169.1326
270,27.0000,5.1968,3.2552,5.1765,0.9954,4.5305,4.5305,6.5731,6.0665,2.7114,2.8007,2.5519,3.3420,161.5926,49.1939,0.8312,0.5852,6.5731,78.6403,2.7114,161.5926,2.7114,49.1939,2.9038,171.1313,2.8007,159.1716
271,27.1000,5.1101,3.1604,5.0492,0.9867,4.4355,4.4355,6.2034,5.7936,2.8169,2.5120,2.7867,3.0417,171.9177,60.9654,0.8427,0.5626,6.2034,75.2644,2.8169,171.9177,2.8169,60.9654,2.7014,166.8469,2.5120,150.3553
272,27.2000,4.9711,2.8979,4.6409,0.9634,4.3346,4.3346,5.9642,5.6873,2.6668,2.8293,2.6374,2.9856,153.8368,66.6401,0.8486,0.5274,5.9642,76.6177,2.6668,153.8368,2.6668,66.6401,2.7453,173.4641,2.8293,160.6544
273,27.3000,5.4103,3.3332,4.5063,0.9546,4.1535,4.1535,6.0886,5.6734,2.8136,2.6693,2.5602,3.1150,174.8683,49.8271,0.8442,0.4373,6.0886,75.1379,2.8136,174.8683,2.8136,49.8271,2.8735,149.9729,2.6693,152.4114
274,27.4000,5.0016,2.9346,4.8405,0.9661,4.1333,4.1333,5.9698,5.5259,2.8531,2.6058,2.6012,3.3206,143.5542,75.6545,0.8415,0.5846,5.9698,74.6619,2.8531,143.5542,2.8531,75.6545,2.7511,151.4543,2.6058,158.1485
275,27.5000,4.8233,2.8457,4.7270,0.9765,4.2608,4.2608,6.1511,5.6345,2.7224,2.7248,2.6229,3.0845,122.7499,72.8336,0.8352,0.5380,6.1511,80.1857,2.7224,122.7499,2.7224,72.8336,3.0926,143.6724,2.7248,151.1300
276,27.6000,5.1487,2.9779,4.8834,0.9392,4.4607,4.4607,6.4168,5.9231,2.7127,2.8246,2.6560,3.3347,173.3059,64.6912,0.8320,0.4773,6.4168,79.4805,2.7127,173.3059,2.7127,64.6912,2.6050,170.5630,2.8246,155.9104
277,27.7000,5.2971,3.1851,5.2262,0.9980,4.5328,4.5328,6.4090,5.8939,2.6208,2.7667,2.6442,2.8536,150.8429,47.7725,0.8184,0.3900,6.4090,75.0358,2.6208,150.8429,2.6208,47.7725,2.7008,161.1851,2.7667,143.4614
278,27.8000,5.1405,3.0006,5.2567,0.9836,4.3512,4.3512,6.1635,5.8109,2.7539,2.5903,2.5673,2.9664,155.2087,66.1443,0.8185,0.4087,6.1635,72.7020,2.7539,155.2087,2.7539,66.1443,2.9449,159.9107,2.5903,162.9444
279,27.9000,5.4200,3.3652,5.0841,0.9582,5.0562,5.0562,6.5618,6.2002,2.9416,2.6637,2.5979,3.1632,168.2647,56.1742,0.8253,0.7221,6.5618,77.2452,2.9416,168.2647,2.9416,56.1742,2.7717,174.5635,2.6637,152.9402
280,28.0000,5.1424,3.1230,5.0982,0.9687,4.9556,4.9556,6.8385,6.2742,2.8086,2.7084,2.5107,3.3549,166.4041,62.4011,0.8238,0.6568,6.8385,83.7911,2.8086,166.4041,2.8086,62.4011,2.8515,165.4857,2.7084,151.9113
281,28.1000,4.9333,3.0013,5.3125,1.0247,4.0868,4.0868,6.4683,5.7126,2.6584,2.7293,2.4150,3.2332,147.1670,60.9094,0.8335,0.3517,6.4683,78.1981,2.6584,147.1670,2.6584,60.9094,2.6827,161.8927,2.7293,154.7656
282,28.2000,5.1858,3.1507,4.8380,0.9666,4.4843,4.4843,5.9410,5.7717,2.6955,2.6454,2.5786,3.2043,175.1664,53.8229,0.8438,0.3026,5.9410,72.6020,2.6955,175.1664,2.6955,53.8229,2.8991,159.7932,2.6454,162.9436
283,28.3000,5.1362,2.9978,4.8761,0.9227,4.7592,4.7592,6.1206,5.9214,2.9674,2.7039,2.6289,3.2706,142.3992,79.2362,0.8529,0.4424,6.1206,75.3186,2.9674,142.3992,2.9674,79.2362,2.9118,147.3209,2.7039,161.6253
284,28.4000,5.1850,3.1727,5.1882,1.0220,4.1308,4.1308,6.1724,5.7103,2.7170,2.7472,2.6911,3.1202,157.6706,54.9068,0.8468,0.4387,6.1724,73.0301,2.7170,157.6706,2.7170,54.9068,2.8023,171.0254,2.7472,139.9427
285,28.5000,5.0687,3.0093,4.9604,1.0010,4.5805,4.5805,6.4184,5.9305,2.6916,2.5840,2.6171,3.1450,135.2376,62.1640,0.8499,0.4819,6.4184,79.5729,2.6916,135.2376,2.6916,62.1640,2.7824,163.5397,2.5840,151.5153
286,28.6000,5.0386,2.9656,4.7055,0.9423,4.6813,4.6813,6.6212,6.0337,2.5946,2.7025,2.5695,3.1516,174.4919,58.1299,0.8467,0.5438,6.6212,85.5384,2.5946,174.4919,2.5946,58.1299,2.6877,159.2544,2.7025,142.3962
287,28.7000,5.3369,3.2140,5.1003,0.9975,4.7962,4.7962,6.6486,6.2589,2.6988,2.7003,2.7206,3.2295,165.5441,50.9260,0.8415,0.5860,6.6486,79.1037,2.6988,165.5441,2.6988,50.9260,2.7208,173.0629,2.7003,146.4118
288,28.8000,4.9580,2.8194,5.0296,0.9741,4.4299,4.4299,6.0443,5.7399,2.6495,2.4943,2.6498,3.2289,159.9947,70.0093,0.8498,0.5306,6.0443,74.4807,2.6495,159.9947,2.6495,70.0093,2.9110,150.4129,2.4943,151.2338
289,28.9000,5.1047,3.2225,4.9945,0.9611,4.4848,4.4848,6.0707,5.7941,2.8348,2.7177,2.6133,3.4891,159.6403,58.1107,0.8625,0.5679,6.0707,73.8897,2.8348,159.6403,2.8348,58.1107,2.9731,165.8815,2.7177,146.9048
290,29.0000,5.0999,3.0151,4.4398,1.0008,4.4453,4.4453,6.0470,5.9054,2.7177,2.5875,2.7315,2.9715,155.9569,63.3537,0.8642,0.6269,6.0470,78.3374,2.7177,155.9569,2.7177,63.3537,2.7369,172.3972,2.5875,160.6143
291,29.1000,4.7039,2.5831,4.7165,0.9656,4.7350,4.7350,5.9804,5.8047,2.5168,2.6162,2.5766,3.1737,124.9046,75.2473,0.8669,0.6930,5.9804,78.8150,2.5168,124.9046,2.5168,75.2473,3.1100,158.6934,2.6162,147.9139
292,29.2000,5.1987,3.0341,4.8383,0.9583,4.3270,4.3270,6.3186,5.6958,2.7494,2.7044,2.7453,3.1669,152.6863,63.8303,0.8708,0.4076,6.3186,77.9389,2.7494,152.6863,2.7494,63.8303,2.7339,178.2867,2.7044,165.1862
293,29.3000,5.0112,3.1149,4.8938,0.9842,4.5282,4.5282,6.3240,5.8497,2.7380,2.5910,2.6881,3.1133,152.6197,58.8167,0.8707,0.4489,6.3240,79.3450,2.7380,152.6197,2.7380,58.8167,2.7972,163.3315,2.5910,141.0344
294,29.4000,5.4246,3.2921,4.8254,0.9665,5.0213,5.0213,6.4556,6.0953,2.7837,2.5340,2.6163,2.9289,158.2721,50.7852,0.8619,0.5909,6.4556,77.8307,2.7837,158.2721,2.7837,50.7852,2.8739,168.0360,2.5340,168.0310
295,29.5000,5.1907,3.1229,4.9545,0.9671,4.5513,4.5513,6.5108,6.0118,2.7353,2.7540,2.6386,3.3525,167.4624,57.9427,0.8535,0.4636,6.5108,79.8099,2.7353,167.4624,2.7353,57.9427,2.7723,162.9857,2.7540,167.9414
296,29.6000,5.2401,3.0302,4.9715,0.9890,4.4941,4.4941,6.1648,5.7262,2.7306,2.5498,2.7258,3.2654,160.1334,63.1820,0.8461,0.4122,6.1648,74.2195,2.7306,160.1334,2.7306,63.1820,2.9068,169.2440,2.5498,160.5229
297,29.7000,5.2300,3.0428,5.0852,0.9570,4.2339,4.2339,6.0012,5.6572,2.9163,2.6882,2.5975,3.2782,160.5904,73.3406,0.8443,0.4886,6.0012,71.1358,2.9163,160.5904,2.9163,73.3406,2.8270,161.2901,2.6882,164.8252
298,29.8000,4.9208,2.9688,5.2624,0.9513,4.6684,4.6684,6.1506,5.9305,2.7258,2.9565,2.5639,3.5596,141.4059,66.0958,0.8508,0.7105,6.1506,74.2279,2.7258,141.4059,2.7258,66.0958,2.7790,164.6021,2.9565,140.7429
299,29.9000,4.8446,2.9071,4.7085,0.9924,4.5334,4.5334,6.0840,5.7625,2.7964,2.7172,2.6592,3.4045,167.4421,73.7321,0.8525,0.6959,6.0840,79.1026,2.7964,167.4421,2.7964,73.7321,2.9228,162.7757,2.7172,152.1796
300,30.0000,5.3801,3.1094,5.4463,0.9469,4.2300,4.2300,6.1844,5.7655,2.7826,2.7913,2.7624,3.0440,156.0419,61.3648,0.8571,0.6508,6.1844,69.6698,2.7826,156.0419,2.7826,61.3648,2.7411,163.6348,2.7913,159.9770
301,30.1000,5.3589,3.2430,5.6288,0.9884,4.6314,4.6314,6.5229,6.1198,2.6800,2.8835,2.5954,2.8333,150.7832,47.7387,0.8628,0.5805,6.5229,72.7866,2.6800,150.7832,2.6800,47.7387,2.7216,173.3241,2.8835,156.3331
302,30.2000,5.3951,3.2785,5.2851,0.9556,4.5429,4.5429,6.4479,6.0321,3.0293,2.5865,2.6909,3.0564,152.4351,66.6328,0.8792,0.3816,6.4479,74.2671,3.0293,152.4351,3.0293,66.6328,2.6885,156.1167,2.5865,159.9411
303,30.3000,5.1815,3.0851,5.0129,0.9732,4.2335,4.2335,6.0139,5.7831,3.0422,2.6180,2.6556,3.0859,140.6563,78.3728,0.8869,0.3279,6.0139,72.2821,3.0422,140.6563,3.0422,78.3728,3.1154,172.2351,2.6180,163.0990
304,30.4000,5.3897,3.3920,4.8353,0.9718,4.6485,4.6485,5.7626,5.8117,2.8024,2.6158,2.6502,3.0873,164.9154,45.7951,0.8919,0.5179,5.7626,68.3596,2.8024,164.9154,2.8024,45.7951,2.6618,161.1886,2.6158,158.3857
305,30.5000,4.8451,2.7387,5.0204,0.9681,3.9411,3.9411,5.8448,5.5205,2.9358,2.7945,2.5598,2.9874,112.7359,91.9607,0.8879,0.4155,5.8448,72.6379,2.9358,112.7359,2.9358,91.9607,3.0349,148.5463,2.7945,163.2281
306,30.6000,4.3120,2.2278,4.6203,0.9685,4.2570,4.2570,5.9809,5.5960,2.9138,2.8812,2.6103,3.3151,73.2386,126.8629,0.8925,0.5226,5.9809,83.9938,2.9138,73.2386,2.9138,126.8629,3.3157,126.0282,2.8812,132.7191
307,30.7000,3.9421,1.8015,4.7641,0.9760,4.3571,4.3571,6.1983,5.8539,2.6892,2.8490,2.7427,2.9688,70.3135,149.6152,0.8896,0.5255,6.1983,90.2790,2.6892,70.3135,2.6892,149.6152,3.6348,101.3048,2.8490,159.3140
308,30.8000,3.8974,1.8405,4.4163,0.9806,4.2181,4.2181,6.1150,5.7567,2.7322,2.6016,2.6478,2.9898,61.0384,149.6770,0.8909,0.4356,6.1150,94.4993,2.7322,61.0384,2.7322,149.6770,3.7655,96.1653,2.6016,172.5292
309,30.9000,3.7188,1.7664,4.4807,0.9935,3.9761,3.9761,5.8419,5.5637,2.7431,2.6567,2.6096,3.1486,56.0544,166.8398,0.8808,0.5302,5.8419,90.3823,2.7431,56.0544,2.7431,166.8398,3.7240,93.1111,2.6567,159.4681
310,31.0000,4.2779,2.2523,4.9209,0.9908,4.3472,4.3472,5.7366,5.6117,2.5455,2.9100,2.7722,3.1859,123.3530,95.4684,0.8830,0.5501,5.7366,76.8093,2.5455,123.3530,2.5455,95.4684,3.2137,137.9910,2.9100,133.7785
311,31.1000,5.3485,3.2572,5.0430,0.9491,4.4819,4.4819,5.7454,5.6534,3.0161,2.5571,2.7161,2.9385,160.2009,67.0216,0.8838,0.4714,5.7454,67.0564,3.0161,160.2009,3.0161,67.0216,2.6669,164.1700,2.5571,143.6700
312,31.2000,5.2514,3.0855,5.2502,0.9932,4.4919,4.4919,6.1434,5.9079,2.7024,2.5709,2.7491,2.9413,174.6783,58.4861,0.8912,0.4397,6.1434,71.6048,2.7024,174.6783,2.7024,58.4861,3.4347,156.9870,2.5709,166.5085
313,31.3000,4.9364,2.8278,5.1738,0.9580,4.6966,4.6966,6.4058,6.1507,2.6483,2.7928,2.7064,2.9419,140.9873,69.4621,0.8886,0.5120,6.4058,78.5928,2.6483,140.9873,2.6483,69.4621,3.5782,155.8125,2.7928,158.3867
314,31.4000,5.5355,3.4481,5.4061,0.9570,4.7697,4.7697,6.6604,6.1317,3.0754,2.7526,2.6657,2.9130,164.8639,59.5218,0.8968,0.5820,6.6604,74.9841,3.0754,164.8639,3.0754,59.5218,2.6479,164.4463,2.7526,156.8886
315,31.5000,4.8099,2.9336,5.0009,0.9605,4.8860,4.8860,6.1570,5.9686,2.5978,2.5982,2.5995,3.3106,177.4553,60.4417,0.8912,0.6788,6.1570,77.7159,2.5978,177.4553,2.5978,60.4417,3.0957,174.3831,2.5982,153.3618
316,31.6000,4.9585,3.0953,4.9156,0.9924,4.6989,4.6989,5.8923,5.9829,2.8306,2.6524,2.6438,3.3384,148.3773,65.4399,0.8978,0.8119,5.8923,73.2721,2.8306,148.3773,2.8306,65.4399,2.8019,175.1984,2.6524,159.1669
317,31.7000,5.4055,3.2342,5.1182,0.9462,4.7319,4.7319,6.3628,6.0190,2.7518,2.6344,2.6754,3.3055,152.6017,51.8215,0.8975,0.9482,6.3628,74.3458,2.7518,152.6017,2.7518,51.8215,2.7353,159.7239,2.6344,156.2290
318,31.8000,5.1054,2.8728,5.4369,0.9990,4.6368,4.6368,6.4887,5.9978,2.8390,2.6687,2.6864,3.2867,134.9095,78.0212,0.8955,0.8809,6.4887,75.9039,2.8390,134.9095,2.8390,78.0212,2.7545,157.1387,2.6687,161.2481
319,31.9000,5.2372,3.0804,5.7906,0.9756,4.3056,4.3056,6.2051,5.8130,2.6599,2.5659,2.6104,3.0592,152.5052,55.9482,0.8808,0.7316,6.2051,68.2694,2.6599,152.5052,2.6599,55.9482,2.7054,144.8130,2.5659,168.7846
320,32.0000,4.6935,2.6377,5.1790,0.9880,4.6710,4.6710,6.1439,5.8905,2.6939,2.7259,2.7178,3.1763,127.9514,82.5390,0.8796,0.6370,6.1439,76.7965,2.6939,127.9514,2.6939,82.5390,3.1583,155.3476,2.7259,156.4704
321,32.1000,4.9807,2.8306,5.1162,0.9381,4.6836,4.6836,6.4438,6.0411,3.1333,2.6595,2.6163,3.1602,121.4773,100.0296,0.8823,0.5655,6.4438,79.3019,3.1333,121.4773,3.1333,100.0296,3.1551,134.6985,2.6595,162.8583
322,32.2000,4.8759,2.7459,4.9193,0.9810,4.4853,4.4853,6.0968,5.7274,2.6551,2.7226,2.7404,3.1250,137.3206,74.3604,0.8861,0.7369,6.0968,76.9861,2.6551,137.3206,2.6551,74.3604,2.8038,167.1738,2.7226,151.7258
323,32.3000,4.8759,2.7452,5.2001,0.9572,4.3523,4.3523,6.0538,5.6560,2.5683,2.5932,2.6119,3.0402,143.0797,69.3143,0.8901,0.7534,6.0538,73.7765,2.5683,143.0797,2.5683,69.3143,2.9885,161.2414,2.5932,160.0067
324,32.4000,5.2816,3.4386,5.3733,0.9692,4.5205,4.5205,6.8106,6.0511,2.9080,2.7091,2.6232,3.2633,163.8792,49.7491,0.8758,0.8225,6.8106,79.4583,2.9080,163.8792,2.9080,49.7491,3.0165,166.2780,2.7091,163.1154
325,32.5000,5.0075,3.0596,5.2170,0.9821,5.0263,5.0263,6.5935,6.3387,2.6973,2.7465,2.8153,3.3246,169.7120,59.5012,0.8769,0.9008,6.5935,80.2836,2.6973,169.7120,2.6973,59.5012,2.9820,156.1397,2.7465,157.7614
326,32.6000,4.9829,3.1361,5.1159,0.9408,4.6961,4.6961,6.2904,5.9974,2.7082,2.5644,2.6359,3.1086,171.7474,54.9836,0.8712,0.7411,6.2904,77.0418,2.7082,171.7474,2.7082,54.9836,2.8432,156.8453,2.5644,152.6383
327,32.7000,4.8238,2.8002,5.0048,1.0121,4.3053,4.3053,6.1392,5.8090,2.5445,2.6512,2.6392,2.9428,148.8706,65.0454,0.8634,0.5873,6.1392,77.2850,2.5445,148.8706,2.5445,65.0454,2.9962,166.4464,2.6512,156.2639
328,32.8000,5.2645,3.1217,5.5383,0.9413,4.3484,4.3484,6.1377,5.7890,2.8023,2.7787,2.6050,2.9774,138.8982,61.7846,0.8612,0.5951,6.1377,69.1908,2.8023,138.8982,2.8023,61.7846,2.8400,156.2385,2.7787,134.7592
329,32.9000,5.1657,3.0611,5.1811,1.0091,4.7535,4.7535,6.3758,6.0240,2.9004,3.2056,2.5808,3.0156,144.7090,71.3415,0.8568,0.7167,6.3758,76.0793,2.9004,144.7090,2.9004,71.3415,2.9170,170.6740,3.2056,159.3758
330,33.0000,5.1254,3.1337,5.1280,0.9476,4.8072,4.8072,6.2242,6.0318,2.8587,2.7522,2.5243,3.1652,176.5740,64.6180,0.8565,0.7797,6.2242,74.7511,2.8587,176.5740,2.8587,64.6180,2.7757,170.4896,2.7522,148.5392
331,33.1000,4.7045,2.7772,4.8398,0.9876,4.2452,4.2452,5.7286,5.5657,2.7702,2.5197,2.5571,3.0590,135.1661,79.3441,0.8574,0.6153,5.7286,73.7547,2.7702,135.1661,2.7702,79.3441,2.9346,163.9738,2.5197,143.1199
332,33.2000,5.0452,2.9601,5.4550,0.9671,4.2207,4.2207,5.9131,5.6136,2.8642,2.8253,2.6968,3.0827,155.4241,74.8783,0.8529,0.5392,5.9131,68.4189,2.8642,155.4241,2.8642,74.8783,2.8466,143.7616,2.8253,157.8499
333,33.3000,4.8083,2.8114,5.0568,0.9674,4.0309,4.0309,5.9556,5.5500,2.6931,2.5848,2.7081,3.1551,152.2225,73.0355,0.8532,0.4973,5.9556,74.2234,2.6931,152.2225,2.6931,73.0355,2.8157,156.1371,2.5848,163.9260
334,33.4000,4.0029,1.9050,4.6282,0.9846,4.3338,4.3338,6.1411,5.7391,2.8445,2.8338,2.6887,2.9497,72.4978,158.5866,0.8498,0.5707,6.1411,90.4163,2.8445,72.4978,2.8445,158.5866,2.9078,83.7261,2.8338,149.6904
335,33.5000,3.7794,1.9768,5.0707,0.9825,4.9188,4.9188,6.0084,5.9234,2.9044,2.7154,2.6047,3.0629,68.0322,156.5050,0.8345,0.7693,6.0084,84.1673,2.9044,68.0322,2.9044,156.5050,3.1773,93.2047,2.7154,136.9011
336,33.6000,4.1710,2.2794,4.6097,0.9673,4.7498,4.7498,5.9136,5.8540,2.7252,2.6898,2.5980,3.1955,94.9689,107.0831,0.8377,0.6862,5.9136,84.5155,2.7252,94.9689,2.7252,107.0831,3.1476,122.1234,2.6898,158.3568
337,33.7000,4.4987,2.7450,4.5701,0.9554,4.8199,4.8199,5.7424,5.8482,2.7644,2.7306,2.7245,3.0094,138.3244,81.1605,0.8381,0.6604,5.7424,78.5705,2.7644,138.3244,2.7644,81.1605,2.8665,151.3980,2.7306,165.5893
338,33.8000,4.9163,3.0291,4.6987,1.0037,4.6465,4.6465,5.9537,5.7191,2.6810,2.8000,2.6359,2.9674,163.3722,60.4930,0.8395,0.5909,5.9537,76.4793,2.6810,163.3722,2.6810,60.4930,2.9663,172.9887,2.8000,163.9255
339,33.9000,5.2073,3.2340,4.6125,0.9388,4.7802,4.7802,6.1716,5.8639,2.8599,2.7802,2.7045,3.3112,156.5100,58.6277,0.8514,0.5188,6.1716,77.6145,2.8599,156.5100,2.8599,58.6277,2.7222,167.7922,2.7802,144.3908
340,34.0000,5.1704,3.0628,5.0456,0.9914,3.8858,3.8858,6.1027,5.6307,2.7090,2.9607,2.6458,2.8184,153.5298,60.1234,0.8512,0.5700,6.1027,73.3517,2.7090,153.5298,2.7090,60.1234,3.0136,151.5530,2.9607,161.4056
341,34.1000,4.7870,2.6942,5.1230,0.9459,4.1217,4.1217,5.8949,5.7343,2.7239,3.0063,2.5840,3.3070,138.8234,81.7244,0.8585,0.5674,5.8949,72.9130,2.7239,138.8234,2.7239,81.7244,2.7934,147.5580,3.0063,148.3732
342,34.2000,4.6136,2.6846,5.2996,0.9954,4.9000,4.9000,5.9322,6.0433,2.9519,2.9949,2.6432,3.6582,119.4389,95.5388,0.8609,0.7774,5.9322,73.1437,2.9519,119.4389,2.9519,95.5388,3.0462,145.1497,2.9949,143.2299
343,34.3000,4.8401,2.9356,4.9974,0.9599,4.5618,4.5618,6.4244,6.2388,2.9592,3.1940,2.5758,3.5369,127.5955,82.0208,0.8715,0.7650,6.4244,81.5281,2.9592,127.5955,2.9592,82.0208,2.9800,160.0183,3.1940,142.8798
344,34.4000,4.9438,3.0315,5.2966,0.9804,4.7515,4.7515,6.1731,5.9176,2.6455,3.1779,2.5974,3.1169,150.0143,57.9689,0.8761,0.7090,6.1731,74.0532,2.6455,150.0143,2.6455,57.9689,2.7912,145.2907,3.1779,114.6043
345,34.5000,4.6991,2.9182,5.2675,0.9577,4.9842,4.9842,6.0432,6.0987,2.8004,3.1592,2.6364,3.3709,143.9030,73.4605,0.8658,0.6965,6.0432,74.4056,2.8004,143.9030,2.8004,73.4605,2.9454,159.6230,3.1592,151.2341
346,34.6000,5.3469,3.4153,4.7010,0.9847,4.7006,4.7006,5.9409,5.9451,3.0200,2.7384,2.8160,3.1048,157.9326,58.5104,0.8566,0.5907,5.9409,72.1678,3.0200,157.9326,3.0200,58.5104,2.9649,158.0838,2.7384,146.5180
347,34.7000,5.2364,3.1231,4.8506,0.9356,4.4130,4.4130,6.1801,5.8476,2.7262,3.1609,2.5396,2.8390,156.6568,56.8346,0.8567,0.5182,6.1801,75.4592,2.7262,156.6568,2.7262,56.8346,2.7695,170.7303,3.1609,122.3904
348,34.8000,5.1479,2.9246,5.4637,1.0084,4.2207,4.2207,5.9330,5.6252,2.6020,3.3421,2.6104,3.2440,163.3481,61.6642,0.8577,0.5775,5.9330,67.9124,2.6020,163.3481,2.6020,61.6642,2.7915,172.4358,3.3421,130.4873
349,34.9000,5.2810,3.1004,5.2325,0.9691,3.9167,3.9167,5.7309,5.2656,2.8093,3.6207,2.5279,3.1697,163.3971,63.7285,0.8542,0.3821,5.7309,66.0611,2.8093,163.3971,2.8093,63.7285,2.7323,167.7334,3.6207,156.5382
350,35.0000,4.9226,2.9161,4.6241,0.9376,4.1188,4.1188,5.6584,5.3543,2.6512,3.5893,2.6530,3.3901,133.9891,64.5055,0.8591,0.4803,5.6584,72.6227,2.6512,133.9891,2.6512,64.5055,2.8585,172.7094,3.5893,143.6868
351,35.1000,5.2923,3.1462,5.0906,1.0042,4.2948,4.2948,5.6587,5.5479,2.8002,3.3515,2.6812,3.5743,147.6370,60.9754,0.8675,0.5486,5.6587,66.0168,2.8002,147.6370,2.8002,60.9754,2.7861,173.4682,3.3515,158.5927
352,35.2000,5.1112,2.8912,5.1732,1.0055,4.2891,4.2891,6.1499,5.8011,2.6835,3.1082,2.6289,3.2122,154.6559,68.0963,0.8698,0.3773,6.1499,73.4478,2.6835,154.6559,2.6835,68.0963,2.8052,167.5158,3.1082,161.7390
353,35.3000,5.2807,3.2365,5.0300,0.9558,4.2873,4.2873,5.9683,5.8450,2.8598,2.5484,2.4994,3.2838,168.9791,58.7459,0.8735,0.2866,5.9683,70.6913,2.8598,168.9791,2.8598,58.7459,2.7031,173.2146,2.5484,153.4457
354,35.4000,5.2048,3.1570,5.1541,0.9769,4.6366,4.6366,6.1213,6.0131,2.7759,2.6596,2.6898,3.2534,167.1992,58.5831,0.8709,0.3898,6.1213,72.4430,2.7759,167.1992,2.7759,58.5831,2.9845,167.0132,2.6596,157.0595
355,35.5000,5.2321,3.1931,5.2972,0.9806,4.2858,4.2858,5.8749,5.7554,2.7999,2.8076,2.8132,3.2165,171.4677,58.0106,0.8723,0.3807,5.8749,67.8260,2.7999,171.4677,2.7999,58.0106,2.6949,154.8021,2.8076,165.1973
356,35.6000,5.2391,3.2319,4.8309,0.9464,4.6926,4.6926,6.1411,5.8901,2.9053,2.6982,2.8032,3.0844,160.0245,61.7029,0.8737,0.3323,6.1411,75.0334,2.9053,160.0245,2.9053,61.7029,2.9086,149.0864,2.6982,152.5725
357,35.7000,5.2250,3.0401,5.1342,0.9994,4.6116,4.6116,6.4740,6.2323,2.6393,2.5508,2.5864,3.1878,148.1075,57.3840,0.8761,0.3892,6.4740,77.3511,2.6393,148.1075,2.6393,57.3840,2.9809,152.2052,2.5508,155.7852
358,35.8000,4.9462,2.9111,4.9081,0.9289,4.5195,4.5195,6.3643,6.0089,2.8212,2.8660,2.4917,3.4304,154.8437,75.2326,0.8794,0.5103,6.3643,80.4556,2.8212,154.8437,2.8212,75.2326,2.6228,152.3973,2.8660,172.4750
359,35.9000,5.3063,3.2540,5.0461,0.9707,4.5667,4.5667,6.0451,5.7509,2.6759,2.7920,2.6251,3.3854,150.9566,46.2308,0.8765,0.4893,6.0451,71.4052,2.6759,150.9566,2.6759,46.2308,2.9157,162.2869,2.7920,158.3198
360,36.0000,5.3660,3.3039,4.7848,0.9850,4.6972,4.6972,6.1028,5.9225,2.9130,2.5544,2.6254,2.9202,158.8887,58.5083,0.8831,0.6171,6.1028,73.6631,2.9130,158.8887,2.9130,58.5083,2.8431,167.4459,2.5544,166.4577
361,36.1000,5.0565,3.1297,5.0984,0.9481,4.7996,4.7996,6.3900,6.2794,2.8153,2.8973,2.5846,3.2105,154.0881,62.2012,0.8948,0.6921,6.3900,77.9891,2.8153,154.0881,2.8153,62.2012,2.6763,174.0927,2.8973,157.7831
362,36.2000,4.7468,2.8347,4.8081,1.0104,5.2507,5.2507,6.2949,6.2449,2.6788,2.6209,2.7098,3.5264,125.8028,70.8365,0.8950,0.6462,6.2949,82.4172,2.6788,125.8028,2.6788,70.8365,2.7486,157.2056,2.6209,172.7144
363,36.3000,5.2924,3.0866,5.1696,0.9532,4.6327,4.6327,6.4613,6.1044,2.9372,2.7921,2.6372,3.6971,130.8481,72.0999,0.9082,0.5860,6.4613,76.2712,2.9372,130.8481,2.9372,72.0999,2.7789,143.9209,2.7921,140.1346
364,36.4000,5.3072,3.2061,5.1538,0.9797,4.6551,4.6551,6.2173,6.1208,2.8366,2.6722,2.7085,3.4113,165.9360,59.4550,0.9018,0.7440,6.2173,72.9126,2.8366,165.9360,2.8366,59.4550,2.7727,157.7254,2.6722,154.0756
365,36.5000,5.2690,3.3429,5.1368,0.9871,4.9826,4.9826,6.1373,6.2048,2.8763,2.5350,2.6421,3.3406,177.9805,54.0352,0.8856,0.6930,6.1373,72.2734,2.8763,177.9805,2.8763,54.0352,2.7167,163.4590,2.5350,160.6769
366,36.6000,4.9360,3.0044,5.0291,0.9642,4.7151,4.7151,6.1499,6.1265,2.5441,2.8482,2.5766,3.2681,157.2818,53.0362,0.8890,0.6211,6.1499,76.2098,2.5441,157.2818,2.5441,53.0362,2.7354,169.4036,2.8482,160.5566
367,36.7000,5.0452,3.0145,4.9340,0.9752,4.2859,4.2859,5.9562,5.8310,2.8347,2.6519,2.6097,3.3268,149.3079,70.0891,0.8882,0.4687,5.9562,73.2811,2.8347,149.3079,2.8347,70.0891,2.7001,133.0765,2.6519,151.7178
368,36.8000,5.4268,3.3150,4.7858,0.9758,4.2862,4.2862,5.9147,5.6644,2.8956,2.6515,2.6243,3.2209,164.3308,56.6455,0.8825,0.5205,5.9147,70.4630,2.8956,164.3308,2.8956,56.6455,2.7965,152.1525,2.6515,147.1616
369,36.9000,5.2363,3.1455,4.7519,0.9676,4.2581,4.2581,5.9077,5.6451,2.6629,2.6303,2.5613,3.3476,167.7474,52.0934,0.8657,0.6127,5.9077,72.3392,2.6629,167.7474,2.6629,52.0934,2.8727,175.6359,2.6303,158.0070
370,37.0000,5.6764,3.5212,4.9770,0.9888,4.6957,4.6957,6.3375,5.9306,3.0266,2.8396,2.5633,3.2974,167.3587,52.7384,0.8574,0.5890,6.3375,72.6735,3.0266,167.3587,3.0266,52.7384,2.6736,157.7021,2.8396,140.5073
371,37.1000,5.3103,3.0491,5.0011,0.9817,4.1542,4.1542,6.2896,5.4809,2.7139,2.6282,2.6591,3.3115,156.6746,61.0771,0.8563,0.4591,6.2896,75.1079,2.7139,156.6746,2.7139,61.0771,2.7619,176.3575,2.6282,166.1745
372,37.2000,5.1711,2.9406,4.6915,0.9558,3.6147,3.6147,5.7634,5.2848,2.6524,2.6826,2.8022,2.9687,153.2890,63.3067,0.8566,0.3246,5.7634,71.3285,2.6524,153.2890,2.6524,63.3067,2.9545,157.3086,2.6826,165.6227
373,37.3000,5.5518,3.3285,4.7647,0.9684,4.2731,4.2731,6.0939,5.7147,2.7715,2.5253,2.7231,3.0134,154.0799,47.7362,0.8663,0.3204,6.0939,71.9535,2.7715,154.0799,2.7715,47.7362,2.7843,164.0533,2.5253,155.9298
374,37.4000,5.1196,3.0593,4.8127,0.9870,4.5941,4.5941,5.8663,5.8767,2.8544,2.7750,2.6645,3.1221,143.6911,68.7791,0.8694,0.3988,5.8663,72.3284,2.8544,143.6911,2.8544,68.7791,3.1725,163.8603,2.7750,170.6132
375,37.5000,5.4281,3.2865,4.9149,0.9690,4.3401,4.3401,5.4831,5.4724,2.8239,2.7860,2.6776,3.2740,165.9533,53.7565,0.8660,0.3573,5.4831,63.8014,2.8239,165.9533,2.8239,53.7565,2.7806,159.2510,2.7860,155.3138
376,37.6000,4.9413,2.6979,4.9290,0.9721,4.0096,4.0096,5.8506,5.5873,2.6218,2.7411,2.5705,2.9781,133.0504,75.0913,0.8627,0.3878,5.8506,72.7043,2.6218,133.0504,2.6218,75.0913,3.0213,145.3888,2.7411,157.5242
377,37.7000,5.3690,3.1386,4.8423,0.9818,4.2384,4.2384,6.3214,5.7883,2.8164,2.6860,2.5659,3.4083,158.4222,62.1086,0.8654,0.5797,6.3214,76.3011,2.8164,158.4222,2.8164,62.1086,2.9461,171.1700,2.6860,152.5470
378,37.8000,5.2828,3.0412,5.0073,0.9709,4.5484,4.5484,6.4948,6.0380,2.7286,2.6041,2.5749,3.1094,164.6168,62.2884,0.8697,0.5014,6.4948,78.2222,2.7286,164.6168,2.7286,62.2884,2.8072,171.8487,2.6041,161.3541
379,37.9000,5.2255,2.9665,5.7643,0.9767,3.9652,3.9652,6.1569,5.6132,2.5595,2.6415,2.7119,3.2350,165.6735,56.4459,0.8754,0.2718,6.1569,67.9398,2.5595,165.6735,2.5595,56.4459,2.7654,152.2301,2.6415,151.1030
380,38.0000,5.0698,2.9964,5.0521,0.9730,4.0927,4.0927,6.0457,5.6179,2.6976,2.8091,2.6685,3.1350,151.4924,62.9877,0.8727,0.3332,6.0457,73.3520,2.6976,151.4924,2.6976,62.9877,2.7793,179.0355,2.8091,153.2671
381,38.1000,5.2930,3.1978,4.6303,0.9832,4.0939,4.0939,5.6567,5.3204,2.7337,2.6826,2.6167,3.2131,143.2784,53.7393,0.8728,0.3288,5.6567,69.1360,2.7337,143.2784,2.7337,53.7393,2.7615,172.8922,2.6826,155.1662
382,38.2000,5.3998,3.2037,4.9925,0.9480,3.9086,3.9086,5.8529,5.3200,2.7054,2.7285,2.5892,2.9575,157.4438,50.7494,0.8833,0.2401,5.8529,68.4248,2.7054,157.4438,2.7054,50.7494,2.8376,162.8500,2.7285,172.9491
383,38.3000,5.5107,3.3001,5.0265,0.9972,3.4704,3.4704,5.5891,5.1247,2.7537,2.8611,2.6495,3.0900,158.4661,49.1780,0.8890,0.3690,5.5891,63.8736,2.7537,158.4661,2.7537,49.1780,2.6616,157.9573,2.8611,157.1207
384,38.4000,5.1682,3.0314,4.4595,1.0024,3.3463,3.3463,5.5940,5.1212,2.6939,3.1351,2.6111,3.3661,158.9723,61.0997,0.8929,0.6116,5.5940,70.6092,2.6939,158.9723,2.6939,61.0997,2.9527,177.4926,3.1351,156.9779
385,38.5000,5.1529,2.9116,5.1476,0.9507,3.5799,3.5799,5.3714,5.1278,2.7493,2.5778,2.6844,3.4412,143.4985,70.7793,0.8894,0.7178,5.3714,62.8619,2.7493,143.4985,2.7493,70.7793,2.7419,138.5294,2.5778,154.6455
386,38.6000,5.4475,3.3557,4.9485,0.9816,4.1986,4.1986,5.5477,5.4474,2.9661,2.7216,2.5757,3.7188,165.7228,58.6557,0.8851,0.7380,5.5477,64.2940,2.9661,165.7228,2.9661,58.6557,2.7244,150.9200,2.7216,155.8889
387,38.7000,5.0476,2.9242,5.1521,0.9616,4.2145,4.2145,5.9052,5.4777,2.6773,2.9348,2.5761,3.3703,142.3774,65.7734,0.8719,0.5327,5.9052,70.7452,2.6773,142.3774,2.6773,65.7734,2.7093,156.3832,2.9348,141.1191
388,38.8000,5.0104,2.9352,4.5210,0.9950,3.9813,3.9813,5.6487,5.4123,2.7080,2.6207,2.6117,3.2292,162.0910,67.1129,0.8583,0.5376,5.6487,72.4833,2.7080,162.0910,2.7080,67.1129,2.6756,168.2297,2.6207,174.3295
389,38.9000,5.2265,2.9971,5.5237,0.9660,4.2885,4.2885,5.9136,5.7457,2.6257,2.7170,2.6926,3.2837,160.3190,58.5515,0.8623,0.6187,5.9136,66.6801,2.6257,160.3190,2.6257,58.5515,2.7170,153.7543,2.7170,150.0051
390,39.0000,5.2743,3.0742,5.1745,0.9784,4.4907,4.4907,6.1680,5.8794,2.7965,2.7033,2.5620,3.2043,154.5638,64.5193,0.8691,0.6087,6.1680,72.3495,2.7965,154.5638,2.7965,64.5193,2.7265,170.5597,2.7033,154.2266
391,39.1000,5.3027,3.1933,4.6198,0.9802,4.2038,4.2038,5.9785,5.7293,2.8003,2.6968,2.6299,3.2067,149.7448,58.0126,0.8723,0.4572,5.9785,73.7383,2.8003,149.7448,2.8003,58.0126,2.7934,166.9791,2.6968,150.3407
392,39.2000,5.2149,3.0414,4.7201,0.9823,4.0772,4.0772,5.7050,5.4174,2.6519,2.6149,2.6156,3.1355,142.7766,57.8185,0.8679,0.4968,5.7050,69.8886,2.6519,142.7766,2.6519,57.8185,2.9473,168.1137,2.6149,148.3312
393,39.3000,5.1844,3.0525,4.7220,0.9870,4.2797,4.2797,5.6116,5.3762,2.8022,2.8735,2.5617,3.4662,159.8254,66.1150,0.8629,0.5928,5.6116,68.8255,2.8022,159.8254,2.8022,66.1150,2.9182,154.2139,2.8735,157.7567
394,39.4000,4.9996,2.8412,5.0809,0.9821,3.9131,3.9131,5.5277,5.2870,2.6264,2.5858,2.5590,3.3573,150.3377,67.4589,0.8566,0.6205,5.5277,66.5028,2.6264,150.3377,2.6264,67.4589,2.8050,154.5466,2.5858,175.4880
395,39.5000,4.9671,2.9218,5.0040,0.9517,3.9691,3.9691,5.9553,5.6076,2.8206,2.6942,2.7324,3.2280,149.6073,74.4937,0.8533,0.5627,5.9553,73.3469,2.8206,149.6073,2.8206,74.4937,2.6669,171.9421,2.6942,157.8678
396,39.6000,5.2984,3.1714,5.3539,0.9739,4.6381,4.6381,6.2281,5.9835,2.7767,2.7539,2.7984,3.1788,157.4788,57.7527,0.8644,0.4918,6.2281,71.5578,2.7767,157.4788,2.7767,57.7527,2.9099,148.2188,2.7539,139.0050
397,39.7000,4.8696,2.7000,4.8702,0.9851,4.9401,4.9401,6.5332,6.1524,2.7056,2.4276,2.7072,3.1634,141.7342,79.8202,0.8567,0.5900,6.5332,84.2538,2.7056,141.7342,2.7056,79.8202,2.8266,148.0244,2.4276,147.2050
398,39.8000,5.0837,3.0578,4.9182,0.9782,4.6801,4.6801,6.1887,6.0058,2.7112,2.9577,2.5137,2.8896,148.2583,60.3823,0.8513,0.5783,6.1887,76.4300,2.7112,148.2583,2.7112,60.3823,2.7117,150.8940,2.9577,147.1546
399,39.9000,4.8535,2.7140,5.0884,0.9645,4.3453,4.3453,6.2304,5.8442,2.6645,2.7293,2.5578,3.0849,148.8476,76.7917,0.8462,0.5197,6.2304,77.5715,2.6645,148.8476,2.6645,76.7917,2.9376,148.4926,2.7293,147.7774
400,40.0000,5.1580,2.9257,4.8531,0.9687,4.5413,4.5413,6.1334,5.7984,2.9313,2.6531,2.6898,3.2877,147.5534,80.8037,0.8590,0.4196,6.1334,75.4952,2.9313,147.5534,2.9313,80.8037,3.2444,161.5559,2.6531,157.8811
401,40.1000,5.2225,2.9295,5.2605,0.9664,4.3743,4.3743,6.3909,5.7718,2.7103,2.7388,2.7541,3.1416,153.4361,67.4667,0.8652,0.3736,6.3909,75.1260,2.7103,153.4361,2.7103,67.4667,3.2074,143.0529,2.7388,175.3729
402,40.2000,5.2218,3.1310,5.0142,0.9861,4.7560,4.7560,5.9440,5.8495,2.7557,2.6952,2.6950,2.9970,164.1325,58.9820,0.8696,0.4925,5.9440,70.9669,2.7557,164.1325,2.7557,58.9820,2.8012,166.8987,2.6952,163.6510
403,40.3000,5.0531,2.8770,5.0853,0.9592,4.6172,4.6172,5.9892,5.8822,2.6257,2.5158,3.1376,3.2692,151.1418,65.3379,0.8741,0.4564,5.9892,72.4185,2.6257,151.1418,2.6257,65.3379,2.9650,172.3397,2.5158,150.3668
404,40.4000,5.3516,3.1907,4.6477,1.0121,4.3826,4.3826,6.0460,5.8084,2.7938,2.6612,2.9153,3.2285,162.4837,58.2409,0.8786,0.3352,6.0460,74.0287,2.7938,162.4837,2.7938,58.2409,2.8068,163.9028,2.6612,154.0523
405,40.5000,5.3745,3.3089,4.6022,0.9515,4.6321,4.6321,6.0094,5.6983,2.8786,2.6668,2.6610,2.9964,142.7005,55.4831,0.8866,0.2724,6.0094,73.6189,2.8786,142.7005,2.8786,55.4831,2.9909,172.7811,2.6668,147.8319
406,40.6000,5.3253,3.1266,4.5688,0.9782,4.1031,4.1031,5.5074,5.3872,2.6932,2.5989,2.8147,3.2735,151.2713,55.3363,0.9066,0.3716,5.5074,67.1432,2.6932,151.2713,2.6932,55.3363,2.6910,175.0992,2.5989,142.3568
407,40.7000,5.4410,3.1986,4.6102,1.0170,4.2984,4.2984,5.7841,5.6362,2.7624,2.6434,2.8775,3.1696,170.7129,56.0393,0.9175,0.4506,5.7841,69.7033,2.7624,170.7129,2.7624,56.0393,2.6182,142.8729,2.6434,165.3418
408,40.8000,5.2997,3.0937,5.0749,0.9546,3.9136,3.9136,5.9100,5.5914,2.7351,2.7448,2.6766,3.1023,147.2254,59.4596,0.9245,0.4026,5.9100,69.4143,2.7351,147.2254,2.7351,59.4596,3.0677,151.7517,2.7448,156.4310
409,40.9000,4.7823,2.7087,4.3467,0.9667,4.2219,4.2219,5.5752,5.5464,2.6786,2.5371,2.6586,3.2141,137.7370,77.9112,0.9292,0.3578,5.5752,75.1125,2.6786,137.7370,2.6786,77.9112,3.0375,158.5329,2.5371,164.8365
410,41.0000,5.1748,3.2227,4.9693,0.9761,4.4253,4.4253,5.8638,5.7170,2.9068,2.8344,2.6036,3.1017,142.3887,62.6604,0.9347,0.4276,5.8638,70.5941,2.9068,142.3887,2.9068,62.6604,2.7907,153.6578,2.8344,153.3358
411,41.1000,4.6939,2.8438,4.4106,1.0010,4.4715,4.4715,5.9052,5.8061,2.6321,2.8687,2.5703,2.9745,137.7854,67.6897,0.9333,0.5896,5.9052,80.8060,2.6321,137.7854,2.6321,67.6897,2.7137,156.3855,2.8687,131.0685
412,41.2000,5.4680,3.3690,4.7244,0.9563,4.7954,4.7954,6.0806,5.9657,2.9321,2.5626,2.6320,3.3210,146.5835,55.3075,0.9285,0.4903,6.0806,72.8389,2.9321,146.5835,2.9321,55.3075,2.9955,167.9212,2.5626,165.0121
413,41.3000,5.1652,2.9992,4.9455,0.9750,4.3610,4.3610,6.3283,5.8791,2.6967,2.7367,2.6665,3.1876,146.4590,62.7968,0.9221,0.4720,6.3283,77.4639,2.6967,146.4590,2.6967,62.7968,2.7607,163.5811,2.7367,153.8990
414,41.4000,5.2198,3.1697,5.0581,1.0001,4.5643,4.5643,5.8322,5.7972,2.6983,2.7575,2.6940,3.3833,159.4758,53.5544,0.9101,0.4396,5.8322,69.1250,2.6983,159.4758,2.6983,53.5544,2.7827,156.2576,2.7575,165.7411
415,41.5000,5.0675,3.0110,4.5606,0.9611,4.6593,4.6593,6.3648,6.0778,2.8473,2.7862,2.6241,3.3732,137.3568,71.0144,0.8959,0.4249,6.3648,82.5824,2.8473,137.3568,2.8473,71.0144,2.8155,140.9169,2.7862,144.5712
416,41.6000,5.2802,3.1446,4.7320,1.0009,4.5279,4.5279,6.0218,5.9186,2.9176,2.6384,2.7981,3.1922,121.8728,67.8023,0.8855,0.3789,6.0218,73.7189,2.9176,121.8728,2.9176,67.8023,2.8333,177.6533,2.6384,150.1885
417,41.7000,4.7666,2.8021,4.6517,0.9719,4.3988,4.3988,5.9906,5.7919,2.6823,2.5596,2.6678,2.9361,135.6663,72.8987,0.8876,0.3141,5.9906,78.9867,2.6823,135.6663,2.6823,72.8987,2.5817,151.8690,2.5596,165.2056
418,41.8000,5.5417,3.4946,4.8095,0.9582,4.1092,4.1092,6.0200,5.6710,3.4253,2.5754,2.6083,3.1887,145.2242,77.9560,0.8716,0.2969,6.0200,70.7190,3.4253,145.2242,3.4253,77.9560,2.7440,171.4670,2.5754,166.2434
419,41.9000,4.3810,2.3723,4.2314,0.9648,4.4293,4.4293,5.7935,5.8138,3.1853,2.9485,2.6183,3.1900,80.0222,141.6019,0.8600,0.3077,5.7935,84.5324,3.1853,80.0222,3.1853,141.6019,3.2228,109.9803,2.9485,148.6388
420,42.0000,5.2581,3.1353,4.5582,0.9736,3.9725,3.9725,5.8571,5.4562,2.6621,2.5832,2.6283,3.1776,165.6528,52.7951,0.8492,0.2028,5.8571,72.8703,2.6621,165.6528,2.6621,52.7951,3.0902,147.7079,2.5832,153.6136
421,42.1000,5.2287,3.0849,4.8688,0.9743,3.8379,3.8379,5.9311,5.4118,2.6181,2.7401,2.6097,3.4057,162.3683,53.0753,0.8497,0.2383,5.9311,71.8426,2.6181,162.3683,2.6181,53.0753,2.7697,148.9873,2.7401,158.2776
422,42.2000,4.8517,2.9833,4.3833,0.9831,4.0621,4.0621,5.5249,5.4548,2.6371,2.7125,2.7426,3.1436,161.3430,60.2336,0.8541,0.2712,5.5249,73.2931,2.6371,161.3430,2.6371,60.2336,2.7839,147.2457,2.7125,164.5704
423,42.3000,5.2096,3.0003,4.8423,0.9151,3.9397,3.9397,5.5395,5.2637,2.7990,2.7050,2.5520,3.1268,154.5604,68.5908,0.8629,0.4924,5.5395,66.7682,2.7990,154.5604,2.7990,68.5908,2.6368,159.4713,2.7050,154.9626
424,42.4000,4.9959,2.7607,4.5665,1.0280,4.0135,4.0135,5.6072,5.3827,2.8392,2.5640,2.5243,2.9713,122.6583,83.7590,0.8626,0.6000,5.6072,71.6409,2.8392,122.6583,2.8392,83.7590,2.8636,141.3784,2.5640,155.7454
425,42.5000,5.1500,3.0474,5.0897,0.9580,4.3374,4.3374,5.6892,5.6645,2.6957,2.7914,2.5667,3.1228,164.1624,59.7902,0.8567,0.5191,5.6892,67.5019,2.6957,164.1624,2.6957,59.7902,2.7307,150.3699,2.7914,157.7155
426,42.6000,5.2579,3.0826,4.8463,0.9301,4.3061,4.3061,5.8154,5.6720,2.7712,2.5735,2.4756,2.9788,160.8079,62.0480,0.8679,0.6207,5.8154,70.1393,2.7712,160.8079,2.7712,62.0480,2.7367,150.1939,2.5735,145.3529
427,42.7000,5.2546,3.0659,5.2576,1.0001,4.0908,4.0908,5.9049,5.6422,2.7982,2.7447,2.5736,3.1180,163.2540,65.2213,0.8797,0.7086,5.9049,68.3492,2.7982,163.2540,2.7982,65.2213,2.9400,129.5761,2.7447,153.4838
428,42.8000,5.0542,2.8316,4.6218,0.9810,3.7804,3.7804,5.8830,5.3669,2.7799,2.6496,2.5432,2.9611,140.1205,76.9712,0.8883,0.7172,5.8830,74.7394,2.7799,140.1205,2.7799,76.9712,2.7256,157.5257,2.6496,156.7903
429,42.9000,5.3472,3.1121,5.3550,0.9989,4.4474,4.4474,6.0978,5.7601,2.6819,2.5938,2.6340,3.2513,133.3653,55.8519,0.8959,0.7350,6.0978,69.4687,2.6819,133.3653,2.6819,55.8519,2.8584,142.3514,2.5938,158.8383
430,43.0000,5.2127,2.9491,5.0582,0.9457,4.2370,4.2370,6.1454,5.7106,2.7779,2.9299,2.6334,3.1929,132.0256,70.3605,0.9023,0.6916,6.1454,73.4837,2.7779,132.0256,2.7779,70.3605,2.8074,153.7058,2.9299,162.3686
431,43.1000,5.1567,3.0449,4.8331,0.9619,4.1602,4.1602,6.2962,5.7270,2.7385,2.6981,2.6226,2.8550,165.5727,62.5843,0.8997,0.7502,6.2962,78.0653,2.7385,165.5727,2.7385,62.5843,2.7665,147.3621,2.6981,150.3223
432,43.2000,5.3514,3.3430,4.9639,1.0111,5.0497,5.0497,6.0166,6.0469,2.9422,2.6723,2.6026,2.9750,167.5040,58.4039,0.8984,0.7788,6.0166,71.2485,2.9422,167.5040,2.9422,58.4039,2.7528,161.8038,2.6723,148.2263
433,43.3000,5.1216,3.0952,4.8733,0.9623,4.7706,4.7706,6.0622,6.0382,3.0754,2.7115,2.6052,3.1873,145.4886,79.8670,0.8990,0.6895,6.0622,74.6314,3.0754,145.4886,3.0754,79.8670,2.7785,149.9531,2.7115,156.6712
434,43.4000,5.1887,3.0077,4.9295,0.9573,3.8692,3.8692,6.3318,5.7664,2.7517,2.8987,2.6856,3.0216,161.0570,65.4717,0.8878,0.5950,6.3318,77.4318,2.7517,161.0570,2.7517,65.4717,2.8146,152.2942,2.8987,168.4307
435,43.5000,5.0194,2.9031,4.8856,1.0103,4.5939,4.5939,5.9495,5.7476,2.7305,2.7166,2.6188,2.8841,149.5202,70.1326,0.8745,0.5417,5.9495,73.8196,2.7305,149.5202,2.7305,70.1326,2.8065,157.9409,2.7166,154.8580
436,43.6000,4.7290,2.6716,4.7169,0.9760,4.4548,4.4548,5.7660,5.8002,2.6596,2.7178,2.6193,3.0866,149.4383,78.7620,0.8643,0.5173,5.7660,75.2391,2.6596,149.4383,2.6596,78.7620,2.7472,152.5660,2.7178,163.1549
437,43.7000,4.6755,2.4602,5.1135,0.9594,4.1870,4.1870,6.2312,5.8274,2.6751,2.5529,2.6655,2.9729,120.8512,92.2263,0.8683,0.4419,6.2312,78.9304,2.6751,120.8512,2.6751,92.2263,2.8647,149.6733,2.5529,159.0687
438,43.8000,5.5583,3.3766,5.2420,0.9962,3.9840,3.9840,6.7540,5.8234,2.8251,2.7538,2.6003,3.0984,167.2234,49.0124,0.8850,0.5957,6.7540,77.3559,2.8251,167.2234,2.8251,49.0124,2.6671,135.6009,2.7538,161.3792
439,43.9000,5.0678,2.8514,4.7798,0.9612,4.4216,4.4216,6.3998,5.8038,2.5818,2.6667,2.7952,3.0691,170.0484,64.1620,0.8900,0.6022,6.3998,81.0091,2.5818,170.0484,2.5818,64.1620,2.8136,164.4248,2.6667,148.7587
440,44.0000,5.4587,3.2144,4.8707,0.9767,4.0436,4.0436,6.1305,5.6003,2.9289,2.6051,2.7486,2.9042,151.7287,64.4552,0.8887,0.3792,6.1305,72.5589,2.9289,151.7287,2.9289,64.4552,2.8635,158.4716,2.6051,154.6989
441,44.1000,5.4514,3.2357,5.1432,0.9790,4.0632,4.0632,6.2230,5.6140,2.8434,2.7968,2.6862,2.9804,167.1138,58.1485,0.8833,0.3197,6.2230,71.8747,2.8434,167.1138,2.8434,58.1485,2.7478,160.5404,2.7968,164.7666
442,44.2000,5.1250,2.9213,5.1858,0.9645,4.5796,4.5796,6.2441,5.8812,2.7466,2.5905,2.7608,3.0634,158.4774,70.0713,0.8759,0.4577,6.2441,74.5402,2.7466,158.4774,2.7466,70.0713,2.6748,160.3574,2.5905,153.7310
443,44.3000,4.8242,2.5932,4.9141,0.9709,4.7061,4.7061,6.6036,6.1561,2.5513,2.5929,2.6061,3.2940,139.6005,76.7041,0.8787,0.7032,6.6036,85.3855,2.5513,139.6005,2.5513,76.7041,2.9116,149.8495,2.5929,141.4560
444,44.4000,5.2598,3.1023,5.0172,0.9574,4.5501,4.5501,6.5328,6.1279,2.9720,2.7741,2.7393,3.1598,145.9971,73.2858,0.8796,0.7138,6.5328,78.9009,2.9720,145.9971,2.9720,73.2858,2.8223,158.4144,2.7741,171.5530
445,44.5000,5.1497,2.9769,4.9201,0.9858,4.2081,4.2081,6.4220,5.8870,2.5622,2.6414,2.7589,3.1257,155.6362,56.1600,0.8766,0.5363,6.4220,79.2127,2.5622,155.6362,2.5622,56.1600,2.9770,153.7265,2.6414,142.8054
446,44.6000,5.5396,3.3357,5.0354,0.9573,4.4355,4.4355,6.2824,5.8886,2.8220,2.7887,2.6683,2.9986,163.8723,50.2989,0.8791,0.5041,6.2824,72.7179,2.8220,163.8723,2.8220,50.2989,2.6715,144.4085,2.7887,156.3589
447,44.7000,5.4188,3.1850,5.0108,0.9762,4.6066,4.6066,6.6045,6.1224,2.9190,2.5972,2.7244,2.9332,147.7660,65.5196,0.8690,0.4768,6.6045,78.4723,2.9190,147.7660,2.9190,65.5196,2.9869,173.4229,2.5972,176.1079
448,44.8000,5.3126,3.2205,5.2587,0.9733,4.5519,4.5519,6.1451,5.8538,2.8235,2.6472,2.8098,3.0474,176.8435,57.7348,0.8657,0.4258,6.1451,71.0825,2.8235,176.8435,2.8235,57.7348,2.7665,161.5316,2.6472,161.0663
449,44.9000,4.9812,2.7614,5.0903,0.9827,4.2629,4.2629,6.4222,5.7878,2.6811,2.8220,2.6159,3.1146,145.2089,75.0216,0.8662,0.5044,6.4222,79.2260,2.6811,145.2089,2.6811,75.0216,2.9532,173.9767,2.8220,148.4386
450,45.0000,5.0730,2.8477,5.0506,0.9557,4.4372,4.4372,6.0550,5.8498,2.8212,2.7001,2.7872,3.1417,149.3292,78.7308,0.8568,0.5457,6.0550,73.4685,2.8212,149.3292,2.8212,78.7308,2.9897,146.6628,2.7001,159.7384
451,45.1000,5.2119,3.0860,4.4697,0.9891,4.5272,4.5272,6.4166,5.8511,2.8510,2.5598,2.6587,3.0985,163.8499,67.1202,0.8565,0.6373,6.4166,82.6393,2.8510,163.8499,2.8510,67.1202,2.8095,168.1227,2.5598,163.2820
452,45.2000,5.0743,2.8816,5.1382,0.9490,4.1509,4.1509,6.5080,5.7653,2.6069,2.8660,2.7340,2.7842,153.9924,63.8755,0.8606,0.6133,6.5080,79.1728,2.6069,153.9924,2.6069,63.8755,2.8921,143.4697,2.8660,156.8958
453,45.3000,5.0712,2.8641,5.1356,1.0015,4.0917,4.0917,6.2743,5.7440,2.6454,2.6235,2.7123,3.0121,158.5305,67.3627,0.8647,0.6471,6.2743,75.8595,2.6454,158.5305,2.6454,67.3627,2.9299,146.8740,2.6235,164.8764
454,45.4000,5.1135,2.9538,5.0758,0.9416,4.7566,4.7566,6.3439,6.0352,2.8068,2.5347,2.6181,2.9808,157.4207,71.8483,0.8645,0.6898,6.3439,77.0120,2.8068,157.4207,2.8068,71.8483,2.8403,138.1296,2.5347,158.6824
455,45.5000,5.0443,2.9825,5.0106,0.9894,4.2574,4.2574,6.5013,6.0034,2.7405,2.9357,2.5615,3.3039,157.4465,66.3903,0.8657,0.7466,6.5013,80.5671,2.7405,157.4465,2.7405,66.3903,2.8945,157.5317,2.9357,139.6787
456,45.6000,5.1525,2.9981,4.7351,0.9656,4.4180,4.4180,6.5197,5.9608,2.7946,2.7992,2.6439,3.1488,146.3291,68.6113,0.8710,0.6771,6.5197,82.3888,2.7946,146.3291,2.7946,68.6113,2.8167,169.4503,2.7992,152.9916
457,45.7000,4.8971,2.9340,4.7270,0.9885,4.8825,4.8825,6.0875,6.1284,2.6942,2.6355,2.6591,2.8867,150.6022,66.3524,0.8775,0.5994,6.0875,78.4517,2.6942,150.6022,2.6942,66.3524,2.9168,173.9465,2.6355,165.7987
458,45.8000,5.0781,2.9492,4.9504,0.9460,4.3552,4.3552,6.4856,5.9557,2.6988,2.6748,2.6920,3.0342,153.4714,65.5519,0.8889,0.5072,6.4856,80.5771,2.6988,153.4714,2.6988,65.5519,2.8823,162.1710,2.6748,167.8212
459,45.9000,5.1663,3.0137,4.7842,1.0057,4.4397,4.4397,6.3538,5.8502,2.7726,2.7302,2.7744,3.2758,157.6777,66.6098,0.8913,0.4398,6.3538,79.2637,2.7726,157.6777,2.7726,66.6098,2.6978,169.8577,2.7302,151.6015
460,46.0000,5.0347,2.8940,4.7770,0.9311,4.1216,4.1216,5.9818,5.6606,2.6785,2.6749,2.6639,3.1731,157.3637,67.4360,0.8960,0.3675,5.9818,75.0793,2.6785,157.3637,2.6785,67.4360,3.1499,169.4854,2.6749,147.9817
461,46.1000,5.3939,3.3760,4.6852,1.0034,4.6967,4.6967,6.1935,5.9050,2.7983,2.6335,2.6449,3.3202,151.7313,47.5385,0.8884,0.4781,6.1935,75.4639,2.7983,151.7313,2.7983,47.5385,2.9159,152.6143,2.6335,136.7088
462,46.2000,4.9812,2.7554,5.1034,0.9339,4.2121,4.2121,6.5251,5.9110,2.7589,2.7182,2.6753,3.3489,142.9597,80.4558,0.8761,0.6322,6.5251,80.6277,2.7589,142.9597,2.7589,80.4558,3.1392,129.8128,2.7182,159.7904
463,46.3000,5.2951,3.0487,4.9751,1.0242,4.2287,4.2287,6.3483,5.7390,2.7376,2.8256,2.5748,3.1970,150.7092,62.8544,0.8809,0.6592,6.3483,76.2890,2.7376,150.7092,2.7376,62.8544,2.6955,160.0142,2.8256,165.3267
464,46.4000,4.9111,2.6527,4.9007,0.9291,4.1869,4.1869,6.1195,5.7969,2.5136,2.6553,2.6203,3.1447,136.6921,71.2807,0.8753,0.6411,6.1195,77.1727,2.5136,136.6921,2.5136,71.2807,2.9925,163.9081,2.6553,153.7025
465,46.5000,5.2016,2.9680,5.0576,1.0047,4.6958,4.6958,6.6110,6.1019,2.9944,2.6381,2.7914,3.4012,148.0746,81.7848,0.8639,0.5651,6.6110,80.2262,2.9944,148.0746,2.9944,81.7848,2.7524,152.7257,2.6381,174.8022
466,46.6000,5.1362,3.0108,5.0099,0.9464,4.5586,4.5586,6.7799,6.0031,2.7481,2.6304,2.7455,3.0189,147.9980,65.0012,0.8705,0.4497,6.7799,83.8510,2.7481,147.9980,2.7481,65.0012,2.7386,154.7851,2.6304,165.1966
467,46.7000,5.1962,3.1098,4.8366,0.9728,4.2843,4.2843,6.4857,5.9875,2.7427,2.5509,2.6041,3.0340,169.0167,59.2370,0.8682,0.3706,6.4857,80.4622,2.7427,169.0167,2.7427,59.2370,2.8254,156.8164,2.5509,159.5526
468,46.8000,4.9208,2.8341,4.8779,0.9780,4.6109,4.6109,6.1181,6.0382,2.7834,2.8636,2.6423,2.9717,149.5175,77.0604,0.8648,0.4551,6.1181,77.2725,2.7834,149.5175,2.7834,77.0604,2.7228,164.0428,2.8636,156.6358
469,46.9000,5.0590,2.9162,5.1703,0.9653,4.3338,4.3338,6.2525,5.9540,2.7343,2.5025,2.7210,2.8320,152.8521,69.6337,0.8653,0.3791,6.2525,75.3484,2.7343,152.8521,2.7343,69.6337,2.7981,152.6606,2.5025,154.8541
470,47.0000,5.3566,3.1147,5.2438,1.0132,4.0209,4.0209,6.2303,5.7389,2.8101,2.9108,2.6647,2.9749,160.4936,63.3428,0.8639,0.3775,6.2303,71.9852,2.8101,160.4936,2.8101,63.3428,2.8624,160.0462,2.9108,154.0717
471,47.1000,5.1704,2.9858,4.8271,0.9248,4.0964,4.0964,6.0341,5.5198,2.7699,2.7343,2.5915,3.0260,164.0140,67.6710,0.8713,0.4616,6.0341,74.1612,2.7699,164.0140,2.7699,67.6710,2.7725,172.7670,2.7343,162.7387
472,47.2000,4.9184,2.8207,4.6032,1.0039,4.2054,4.2054,6.0754,5.6869,2.6615,2.6899,2.6831,3.0125,142.6196,70.6079,0.8766,0.6118,6.0754,79.2199,2.6615,142.6196,2.6615,70.6079,2.8803,174.7213,2.6899,162.7101
473,47.3000,5.0580,2.8504,5.0723,0.9506,4.5502,4.5502,6.1003,5.9839,2.6327,2.6328,2.6459,3.2499,145.0624,67.2354,0.8856,0.5396,6.1003,74.0533,2.6327,145.0624,2.6327,67.2354,2.9494,135.7124,2.6328,162.8937
474,47.4000,5.0625,3.0089,4.7809,0.9763,4.2921,4.2921,6.3464,5.9665,3.0720,2.6001,2.7440,3.2451,131.2875,84.4369,0.8907,0.4065,6.3464,80.2356,3.0720,131.2875,3.0720,84.4369,2.7915,135.7552,2.6001,149.7352
475,47.5000,5.2653,3.1595,4.5691,1.0017,4.8340,4.8340,6.5359,6.3012,3.2400,2.7074,2.6961,3.0844,115.1928,85.5747,0.8832,0.5552,6.5359,82.9775,3.2400,115.1928,3.2400,85.5747,2.7713,153.9645,2.7074,165.2137
476,47.6000,5.3409,3.1306,4.9321,0.9593,4.5259,4.5259,6.6407,6.1613,2.9375,2.6719,2.7214,3.0561,152.7760,69.6212,0.8817,0.5984,6.6407,80.4373,2.9375,152.7760,2.9375,69.6212,2.7721,150.1201,2.6719,164.4629
477,47.7000,5.1762,3.2119,4.4893,0.9989,4.5673,4.5673,6.2746,6.1201,2.9014,2.8392,2.6373,3.1856,150.1286,63.1762,0.8957,0.5840,6.2746,80.6184,2.9014,150.1286,2.9014,63.1762,2.9468,164.9609,2.8392,159.6001
478,47.8000,5.4806,3.3889,4.7944,0.9551,4.9161,4.9161,6.6642,6.2925,2.9584,2.5944,2.6391,2.9162,169.6718,55.7334,0.9069,0.5074,6.6642,80.5689,2.9584,169.6718,2.9584,55.7334,2.8123,151.8444,2.5944,161.7286
479,47.9000,5.2566,3.0981,5.1974,0.9796,4.5524,4.5524,6.8302,6.2034,2.7637,2.5830,2.7999,3.2052,144.0790,61.2456,0.9022,0.4978,6.8302,81.5882,2.7637,144.0790,2.7637,61.2456,2.7428,152.1077,2.5830,156.0985
480,48.0000,4.8779,2.6469,4.9765,0.9667,4.4772,4.4772,6.4783,6.1420,2.7806,2.5505,2.7419,3.2639,126.8827,87.6604,0.8935,0.5016,6.4783,82.1980,2.7806,126.8827,2.7806,87.6604,2.9051,134.6511,2.5505,158.4738
481,48.1000,5.0242,2.7863,4.9806,0.9753,4.2389,4.2389,6.4075,5.8102,2.7899,2.8033,2.6185,3.3974,134.6667,80.1347,0.8817,0.5711,6.4075,79.6479,2.7899,134.6667,2.7899,80.1347,2.7166,140.7834,2.8033,157.8840
482,48.2000,5.2733,3.0862,4.7923,0.9872,3.9361,3.9361,5.7680,5.5420,2.7918,2.6016,2.6921,3.3518,160.0284,63.6498,0.8786,0.4160,5.7680,69.7375,2.7918,160.0284,2.7918,63.6498,2.7393,157.7756,2.6016,157.8103
483,48.3000,5.2147,3.0047,4.7027,0.9482,4.0098,4.0098,6.0374,5.6058,2.8350,2.6308,2.7302,2.9970,139.6515,70.6298,0.8731,0.4248,6.0374,74.8007,2.8350,139.6515,2.8350,70.6298,2.6611,167.0756,2.6308,156.3433
484,48.4000,5.1615,3.0130,4.7384,0.9838,4.3292,4.3292,6.5143,5.9328,2.7729,2.7936,2.6247,3.2663,145.8775,66.5723,0.8585,0.4650,6.5143,82.1774,2.7729,145.8775,2.7729,66.5723,2.7201,173.5210,2.7936,155.5397
485,48.5000,5.3484,3.1317,4.8585,0.9873,4.3750,4.3750,5.9648,5.7036,2.8231,2.7124,2.7076,3.4687,153.8746,62.9451,0.8523,0.3465,5.9648,71.3355,2.8231,153.8746,2.8231,62.9451,2.8008,174.9930,2.7124,165.6888
486,48.6000,5.3246,3.1512,4.8958,0.9715,4.1644,4.1644,6.0552,5.5884,2.7176,2.7776,2.6124,2.8907,175.9558,55.2643,0.8577,0.4855,6.0552,72.5259,2.7176,175.9558,2.7176,55.2643,2.7587,158.5637,2.7776,152.5471
487,48.7000,5.5885,3.3677,5.2039,0.9927,4.3375,4.3375,6.5978,5.9633,2.9493,2.6287,2.7266,2.8472,173.0851,57.1294,0.8655,0.6338,6.5978,75.2784,2.9493,173.0851,2.9493,57.1294,2.7315,162.5688,2.6287,162.7310
488,48.8000,5.1169,2.9530,4.6369,0.9577,4.7119,4.7119,6.6123,6.1142,2.7931,2.6455,2.6546,3.2128,159.7570,71.0581,0.8710,0.7039,6.6123,85.2110,2.7931,159.7570,2.7931,71.0581,2.7918,157.8616,2.6455,152.8130
489,48.9000,5.1248,2.9686,5.0192,0.9744,4.5588,4.5588,6.4295,5.9908,2.7668,2.8459,2.6038,3.0064,140.9686,68.6397,0.8757,0.5153,6.4295,78.6582,2.7668,140.9686,2.7668,68.6397,2.5893,156.0437,2.8459,149.4717
490,49.0000,5.0571,2.8473,5.0233,0.9531,4.2145,4.2145,6.6518,6.0415,2.5916,2.7513,2.5256,2.7836,161.3128,64.9389,0.8798,0.3808,6.6518,82.5791,2.5916,161.3128,2.5916,64.9389,3.1022,174.5628,2.7513,149.1283
491,49.1000,5.3140,3.0747,5.4619,0.9983,4.2354,4.2354,6.5207,5.8883,2.7017,2.6618,2.5716,3.0638,155.0915,59.1170,0.8776,0.2881,6.5207,74.4617,2.7017,155.0915,2.7017,59.1170,2.7461,152.8961,2.6618,161.8895
492,49.2000,5.1150,2.9623,4.8563,0.9470,4.0522,4.0522,5.9312,5.5406,2.6730,2.7447,2.6639,2.9597,155.0709,63.2258,0.8552,0.2818,5.9312,72.9485,2.6730,155.0709,2.6730,63.2258,2.6677,163.6648,2.7447,145.3890
493,49.3000,4.9619,2.7611,5.0441,0.9791,3.7900,3.7900,6.1303,5.5145,2.6417,3.2825,2.5466,3.1014,140.5559,72.7445,0.8511,0.4199,6.1303,75.5596,2.6417,140.5559,2.6417,72.7445,2.6246,155.9899,3.2825,141.0818
494,49.4000,5.0956,2.8983,5.0419,0.9828,3.9055,3.9055,6.1409,5.4345,2.7822,3.1802,2.5566,3.0303,144.3349,73.4229,0.8469,0.3101,6.1409,74.5657,2.7822,144.3349,2.7822,73.4229,2.8236,158.3816,3.1802,128.0624
495,49.5000,5.3035,3.1622,4.9545,0.9753,3.9032,3.9032,5.8867,5.4934,2.8038,2.5690,2.6918,3.0923,160.8604,59.9442,0.8476,0.2408,5.8867,69.9459,2.8038,160.8604,2.8038,59.9442,2.6868,175.5487,2.5690,156.7151
496,49.6000,5.2065,3.0496,4.6842,0.9429,4.5951,4.5951,6.1256,6.1001,2.7373,2.6990,2.6727,2.9370,158.8053,62.0413,0.8515,0.4631,6.1256,76.3312,2.7373,158.8053,2.7373,62.0413,2.8735,154.0037,2.6990,154.5814
497,49.7000,4.8197,2.7932,4.5971,1.0110,4.6702,4.6702,6.3668,6.1291,2.9644,2.8170,2.5975,2.9864,93.8621,89.6291,0.8460,0.4997,6.3668,85.0457,2.9644,93.8621,2.9644,89.6291,2.9450,152.8049,2.8170,159.7556
498,49.8000,5.1370,2.9615,5.5033,0.9408,4.2752,4.2752,6.2245,5.8026,2.7706,2.5289,2.6103,3.2584,161.2272,69.1934,0.8492,0.5012,6.2245,71.5103,2.7706,161.2272,2.7706,69.1934,2.9116,99.6786,2.5289,175.9223
499,49.9000,5.1810,3.0505,4.4890,0.9686,4.2993,4.2993,6.2879,5.9391,2.6775,2.8278,2.7629,2.8301,167.1922,58.6502,0.8478,0.6499,6.2879,80.7752,2.6775,167.1922,2.6775,58.6502,2.7983,158.9107,2.8278,158.7305
500,50.0000,5.4768,3.2088,4.9380,0.9953,4.1590,4.1590,6.7468,6.0647,2.6668,2.6417,2.7601,3.0287,168.8914,49.1785,0.8569,0.6135,6.7468,80.5723,2.6668,168.8914,2.6668,49.1785,2.9173,161.9483,2.6417,155.9082
501,50.1000,5.2913,3.0883,4.5743,0.9469,4.4624,4.4624,6.3906,6.0151,2.7855,2.7394,2.7786,3.3508,143.2877,62.7796,0.8553,0.6240,6.3906,80.3890,2.7855,143.2877,2.7855,62.7796,3.0383,163.0797,2.7394,157.6652
502,50.2000,4.1310,1.9551,4.7666,1.0162,4.4209,4.4209,6.1186,5.8941,2.7889,2.7391,2.8118,2.9005,77.9271,137.3579,0.8654,0.5345,6.1186,86.5801,2.7889,77.9271,2.7889,137.3579,3.1607,96.2087,2.7391,163.6553
503,50.3000,3.8889,1.6677,4.4919,0.9935,4.0127,4.0127,6.0565,5.6287,2.5932,2.6586,2.6536,3.0351,61.0290,153.1376,0.8719,0.5527,6.0565,92.2638,2.5932,61.0290,2.5932,153.1376,3.5447,82.8233,2.6586,145.4844
504,50.4000,3.8476,1.7555,4.4123,0.9783,4.6025,4.6025,6.4670,6.0415,2.6262,2.6333,2.6386,3.1791,67.8750,146.3189,0.8717,0.5608,6.4670,102.8485,2.6262,67.8750,2.6262,146.3189,3.4682,87.7526,2.6333,144.3365
505,50.5000,4.7459,2.6852,4.5374,0.9518,4.7001,4.7001,6.0706,6.1190,3.0904,2.7209,2.6875,3.2656,104.0047,106.3034,0.8669,0.5715,6.0706,81.6430,3.0904,104.0047,3.0904,106.3034,2.8563,124.8996,2.7209,167.5154
506,50.6000,5.2320,3.2036,5.0146,0.9701,4.8790,4.8790,6.1580,6.1126,2.7162,2.7878,2.6638,3.2400,154.4634,52.0024,0.8757,0.5358,6.1580,73.8461,2.7162,154.4634,2.7162,52.0024,2.8170,160.8075,2.7878,146.5909
507,50.7000,5.2628,3.1792,4.7015,0.9647,4.2756,4.2756,5.9552,5.9694,2.7768,2.9628,2.7145,3.2871,165.3978,57.1505,0.8745,0.5794,5.9552,73.1601,2.7768,165.3978,2.7768,57.1505,2.6393,164.4302,2.9628,153.3603
508,50.8000,5.3371,3.2129,4.5033,0.9973,4.8209,4.8209,6.1232,6.1103,2.9283,2.7135,2.7340,3.1884,161.2582,64.6666,0.8808,0.4849,6.1232,76.4387,2.9283,161.2582,2.9283,64.6666,2.7810,164.4872,2.7135,162.9354
509,50.9000,5.2122,3.0199,5.1571,0.9592,4.4690,4.4690,6.3744,6.0741,2.6810,2.6602,2.7176,3.3024,144.9599,60.5045,0.8791,0.5061,6.3744,75.8633,2.6810,144.9599,2.6810,60.5045,3.2169,127.2033,2.6602,150.7315
510,51.0000,5.1658,2.9231,4.9319,1.0388,3.6666,3.6666,6.3023,5.5547,2.7363,2.6120,2.5425,3.4168,156.9500,69.4046,0.8743,0.4927,6.3023,77.1983,2.7363,156.9500,2.7363,69.4046,2.9185,145.6864,2.6120,142.3332
511,51.1000,4.9220,2.7274,4.7092,0.9730,3.9630,3.9630,5.8687,5.4800,2.7220,2.6719,2.5469,3.3051,138.6618,79.4018,0.8624,0.4353,5.8687,75.0473,2.7220,138.6618,2.7220,79.4018,2.8942,158.3409,2.6719,169.2319
512,51.2000,5.0616,2.9090,4.4218,0.9730,4.4103,4.4103,5.7242,5.7644,2.6722,2.7143,2.6754,3.1000,158.2531,66.3812,0.8562,0.4760,5.7242,73.9094,2.6722,158.2531,2.6722,66.3812,2.8943,160.1653,2.7143,156.7907
513,51.3000,5.3783,3.1140,4.9514,0.9880,4.0708,4.0708,6.3513,5.8921,2.8911,2.6217,2.5830,3.5115,158.2662,67.9060,0.8600,0.4796,6.3513,75.7569,2.8911,158.2662,2.8911,67.9060,2.8078,148.1488,2.6217,154.2505
514,51.4000,5.2060,3.0121,5.1641,0.9588,4.3760,4.3760,6.7411,5.9486,2.6594,2.6434,2.5782,3.3792,150.2078,59.6377,0.8719,0.4503,6.7411,81.0892,2.6594,150.2078,2.6594,59.6377,2.6812,162.3356,2.6434,134.4825
515,51.5000,5.8179,3.5842,4.9268,0.9954,4.1407,4.1407,6.7115,5.7936,3.1356,2.7252,2.6777,3.1668,176.5869,55.8506,0.8899,0.3889,6.7115,76.8150,3.1356,176.5869,3.1356,55.8506,2.7463,148.7607,2.7252,144.8111
516,51.6000,4.9632,2.7949,5.5550,0.9402,3.8812,3.8812,6.2349,5.6863,2.5702,2.6530,2.6101,3.0556,142.3590,66.5684,0.8961,0.4756,6.2349,72.4602,2.5702,142.3590,2.5702,66.5684,3.0235,147.6411,2.6530,157.9915
517,51.7000,4.9226,2.7162,5.1766,1.0014,4.1652,4.1652,6.2631,5.8020,2.9889,2.5486,2.7221,2.9804,115.1326,95.8348,0.8879,0.3435,6.2631,76.6099,2.9889,115.1326,2.9889,95.8348,2.9975,143.1274,2.5486,154.4036
518,51.8000,5.0545,2.9000,5.1540,0.9626,4.4018,4.4018,6.2266,5.9048,2.5995,2.6494,2.6709,2.9887,158.7430,62.4847,0.8860,0.3055,6.2266,75.1637,2.5995,158.7430,2.5995,62.4847,2.6998,137.1961,2.6494,150.3656
519,51.9000,5.4007,3.1291,5.3028,0.9865,4.7611,4.7611,6.8851,6.3106,3.0654,2.7417,2.6746,3.3501,160.6440,77.2033,0.8941,0.4882,6.8851,80.0650,3.0654,160.6440,3.0654,77.2033,2.9159,139.5877,2.7417,155.1544
520,52.0000,5.3130,3.2148,5.2054,0.9747,4.2469,4.2469,6.7847,6.0070,2.6572,2.6872,2.6305,3.2307,118.4450,47.6162,0.9016,0.4921,6.7847,80.3288,2.6572,118.4450,2.6572,47.6162,3.0867,132.4744,2.6872,143.8669
521,52.1000,5.3633,3.1892,4.4610,0.9353,4.4189,4.4189,6.4246,5.9160,2.9337,2.6633,2.6652,3.2369,150.5841,65.8663,0.9091,0.3981,6.4246,81.1159,2.9337,150.5841,2.9337,65.8663,2.8423,156.3212,2.6633,150.9401
522,52.2000,5.1679,3.0710,4.5282,1.0005,4.6584,4.6584,5.7823,5.7287,2.6933,2.8435,2.6181,3.1809,170.0053,58.8595,0.9165,0.4720,5.7823,72.8802,2.6933,170.0053,2.6933,58.8595,2.8370,153.9084,2.8435,152.6528
523,52.3000,4.7864,2.5982,4.5529,0.9557,4.2040,4.2040,5.8920,5.6156,2.6492,2.6019,2.6419,3.1093,136.3729,82.5282,0.9073,0.3632,5.8920,78.1867,2.6492,136.3729,2.6492,82.5282,3.0620,124.8049,2.6019,175.1847
524,52.4000,5.0897,3.0407,4.9637,0.9679,4.5356,4.5356,6.1040,5.9415,2.8865,2.7627,2.6850,3.3751,143.2525,71.6760,0.9043,0.3602,6.1040,74.7575,2.8865,143.2525,2.8865,71.6760,3.0507,145.2755,2.7627,159.7322
525,52.5000,5.3732,3.2452,4.9943,0.9701,4.6710,4.6710,6.6054,6.1181,2.9733,2.8579,2.6743,3.1730,142.4973,65.2972,0.8877,0.4138,6.6054,79.0631,2.9733,142.4973,2.9733,65.2972,2.6437,148.7224,2.8579,135.9009
526,52.6000,5.6219,3.3955,4.7396,1.0124,4.4511,4.4511,6.5008,5.8979,3.2048,2.5571,2.6553,3.3425,147.1195,70.5968,0.8721,0.4118,6.5008,77.1967,3.2048,147.1195,3.2048,70.5968,2.6576,153.1591,2.5571,152.1731
527,52.7000,5.0904,2.8856,4.7840,0.9291,4.2536,4.2536,5.9427,5.6697,2.7015,2.9874,2.6874,3.3903,142.9988,69.3387,0.8606,0.4121,5.9427,73.9284,2.7015,142.9988,2.7015,69.3387,3.2764,124.7832,2.9874,149.3009
528,52.8000,4.7595,2.5729,4.7089,1.0214,3.8669,3.8669,5.8275,5.4445,2.6186,3.0659,2.5642,3.6698,132.7178,81.1767,0.8551,0.4341,5.8275,75.9696,2.6186,132.7178,2.6186,81.1767,3.1947,137.2841,3.0659,135.2326
529,52.9000,5.1209,2.9672,5.1674,0.9558,4.1629,4.1629,5.9269,5.7446,2.7710,2.8567,2.6342,3.2418,159.8688,68.9281,0.8406,0.4010,5.9269,70.3490,2.7710,159.8688,2.7710,68.9281,2.7817,143.7952,2.8567,142.8934
530,53.0000,5.1131,3.1299,5.0355,0.9643,4.7204,4.7204,6.0250,6.0137,2.8810,2.6414,2.5952,3.1606,145.8993,66.3031,0.8576,0.3997,6.0250,72.8334,2.8810,145.8993,2.8810,66.3031,2.7728,141.5931,2.6414,147.4639
531,53.1000,4.9006,2.6900,4.7957,0.9877,4.4789,4.4789,5.9859,5.8479,2.7210,2.5316,2.6526,2.9523,117.7847,81.2589,0.8767,0.3818,5.9859,76.2354,2.7210,117.7847,2.7210,81.2589,3.0267,136.0759,2.5316,162.6213
532,53.2000,5.1943,2.9945,5.3555,0.9515,4.1113,4.1113,6.1312,5.7121,2.7451,2.7823,2.7154,3.1167,163.2035,65.7877,0.8767,0.3292,6.1312,71.0467,2.7451,163.2035,2.7451,65.7877,3.0734,121.5339,2.7823,156.1295
533,53.3000,5.1460,2.9323,4.6020,1.0133,4.2212,4.2212,6.3677,5.8635,2.8726,2.6046,2.5135,3.2069,147.4223,76.6397,0.8881,0.3391,6.3677,81.3636,2.8726,147.4223,2.8726,76.6397,3.0708,151.2552,2.6046,158.2696
534,53.4000,5.3795,3.2089,5.0131,0.9652,4.5991,4.5991,6.0311,5.7378,2.9193,2.6843,2.5639,3.0311,142.3409,64.0950,0.8924,0.4801,6.0311,70.8463,2.9193,142.3409,2.9193,64.0950,2.7047,161.3854,2.6843,172.1917
535,53.5000,4.7252,2.5274,4.7540,0.9570,4.1367,4.1367,6.3266,5.8041,2.9109,2.6355,2.6276,3.2332,98.6852,103.9941,0.9027,0.4195,6.3266,83.7354,2.9109,98.6852,2.9109,103.9941,3.3223,133.6292,2.6355,149.2897
536,53.6000,4.3033,2.1058,4.5718,0.9629,4.3376,4.3376,6.2171,5.8761,2.8011,2.6587,2.6208,3.1546,80.1264,127.7882,0.9083,0.4026,6.2171,88.8826,2.8011,80.1264,2.8011,127.7882,3.1609,109.9365,2.6587,159.2783
537,53.7000,4.1929,2.1083,4.6460,0.9514,4.5467,4.5467,6.2797,6.0853,2.9749,2.5980,2.6187,2.7974,67.0527,150.7541,0.9225,0.4935,6.2797,90.3953,2.9749,67.0527,2.9749,150.7541,3.5122,99.3861,2.5980,152.0681
538,53.8000,4.6487,2.4828,5.0179,0.9563,4.5597,4.5597,6.3714,6.0938,2.5825,2.5578,2.6618,2.7900,102.1884,85.0464,0.9235,0.7143,6.3714,82.3693,2.5825,102.1884,2.5825,85.0464,3.2370,148.4447,2.5578,166.5177
539,53.9000,4.9504,2.7241,4.5389,0.9970,4.2973,4.2973,5.9989,5.7188,2.7853,2.6744,2.6466,3.0942,126.6378,83.0533,0.9147,0.6955,5.9989,78.2895,2.7853,126.6378,2.7853,83.0533,2.8771,141.7399,2.6744,147.5938
540,54.0000,5.1882,3.0493,4.9897,0.9406,4.4868,4.4868,6.1905,5.9056,2.7089,2.6988,2.5544,3.1467,134.7524,60.2640,0.9076,0.7124,6.1905,74.8946,2.7089,134.7524,2.7089,60.2640,3.0674,138.9038,2.6988,158.9199
541,54.1000,5.1681,3.0171,4.1977,0.9756,4.3443,4.3443,6.4601,5.8791,2.7861,2.6413,2.6004,3.0123,161.0747,67.0847,0.9079,0.6093,6.4601,86.5676,2.7861,161.0747,2.7861,67.0847,3.0098,161.6853,2.6413,167.2580
542,54.2000,5.4039,3.1217,5.1319,0.9915,4.7202,4.7202,6.5630,6.1897,2.9106,2.7504,2.4923,3.0544,166.6552,68.6222,0.8948,0.6469,6.5630,77.0123,2.9106,166.6552,2.9106,68.6222,3.0183,132.4110,2.7504,160.2914
543,54.3000,5.2887,3.0633,4.7904,0.9673,4.3109,4.3109,6.3104,5.8783,2.7875,2.6610,2.5630,3.0410,148.5533,64.5209,0.8820,0.4759,6.3104,77.3494,2.7875,148.5533,2.7875,64.5209,2.7170,156.4554,2.6610,160.8924
544,54.4000,5.1617,2.9505,5.2946,0.9728,3.9837,3.9837,6.1870,5.5494,2.6801,2.6017,2.5945,3.0240,145.7311,64.5312,0.8702,0.3817,6.1870,72.5429,2.6801,145.7311,2.6801,64.5312,2.8315,119.0492,2.6017,160.6571
545,54.5000,4.9156,2.6774,4.9162,0.9834,4.2647,4.2647,6.3659,5.8495,2.7277,2.5536,2.6553,3.0319,128.6093,82.4094,0.8774,0.4365,6.3659,80.7037,2.7277,128.6093,2.7277,82.4094,3.0598,123.6347,2.5536,162.6044
546,54.6000,5.1479,2.9734,5.0454,0.9726,4.4044,4.4044,6.0583,5.9829,2.7421,2.5689,2.6954,3.0423,155.3193,66.9143,0.8868,0.5355,6.0583,72.9229,2.7421,155.3193,2.7421,66.9143,2.7643,123.0543,2.5689,170.7920
547,54.7000,5.0884,2.9477,4.9843,0.9517,4.6745,4.6745,6.6120,6.2799,2.7805,2.6422,2.6583,3.0750,144.8309,70.6057,0.8936,0.6830,6.6120,82.0485,2.7805,144.8309,2.7805,70.6057,2.8534,164.3806,2.6422,160.3113
548,54.8000,5.1575,2.9964,4.9060,0.9766,4.4643,4.4643,6.0330,5.9241,2.7371,2.6544,2.7415,3.0142,155.8205,65.3574,0.8876,0.5492,6.0330,73.6189,2.7371,155.8205,2.7371,65.3574,2.7339,162.8836,2.6544,162.2866
549,54.9000,5.2950,3.0980,4.8028,0.9974,4.2679,4.2679,6.0470,5.8195,2.8280,2.6319,2.5971,3.3243,153.8655,65.1778,0.8950,0.4860,6.0470,73.3912,2.8280,153.8655,2.8280,65.1778,3.1045,137.7459,2.6319,159.6865
550,55.0000,5.0294,2.9434,4.4843,0.9548,4.2631,4.2631,5.8505,5.7492,2.8904,2.6402,2.6991,3.1862,141.7578,77.4510,0.9024,0.5220,5.8505,75.6562,2.8904,141.7578,2.8904,77.4510,2.7711,153.2615,2.6402,149.1405
551,55.1000,4.6295,2.3993,4.6170,0.9820,4.6538,4.6538,6.1196,6.0586,2.9725,2.6540,2.6953,3.2809,101.5004,116.6634,0.8999,0.5425,6.1196,82.8799,2.9725,101.5004,2.9725,116.6634,3.4452,120.6672,2.6540,174.6243
552,55.2000,4.9530,2.8095,5.0797,0.9290,3.9680,3.9680,5.7483,5.6119,2.6798,2.6143,2.6085,3.1944,147.0919,72.4422,0.8977,0.3382,5.7483,69.9007,2.6798,147.0919,2.6798,72.4422,3.3877,131.4848,2.6143,157.5580
553,55.3000,4.9138,2.9602,4.5784,1.0257,4.1031,4.1031,5.6519,5.5633,2.7408,2.7532,2.6147,2.8278,154.3227,67.7130,0.9044,0.4278,5.6519,72.9896,2.7408,154.3227,2.7408,67.7130,2.8822,174.5346,2.7532,157.2625
554,55.4000,5.1153,3.0438,5.1201,0.9432,4.6420,4.6420,6.0368,5.9652,2.8056,2.6233,2.6867,3.0654,137.0937,66.5763,0.9049,0.4943,6.0368,72.2853,2.8056,137.0937,2.8056,66.5763,2.9288,163.6556,2.6233,157.4312
555,55.5000,5.2194,3.0281,5.1034,0.9785,4.2400,4.2400,6.2944,5.9879,2.8161,2.6645,2.6772,3.2499,162.2470,68.2446,0.9020,0.3835,6.2944,75.1350,2.8161,162.2470,2.8161,68.2446,3.1081,143.8045,2.6645,166.8044
556,55.6000,5.1865,3.0320,4.8302,0.9681,4.3406,4.3406,5.8442,5.7892,2.7193,2.7162,2.6604,3.0440,156.5656,62.2278,0.9021,0.2918,5.8442,71.2865,2.7193,156.5656,2.7193,62.2278,2.8507,134.1049,2.7162,170.2207
557,55.7000,4.9885,2.8423,4.3190,0.9788,4.3718,4.3718,5.6462,5.6456,2.7193,2.7871,2.6156,3.1337,137.8656,72.8329,0.9083,0.3470,5.6462,74.3017,2.7193,137.8656,2.7193,72.8329,3.0111,138.1367,2.7871,168.0136
558,55.8000,5.0373,2.8370,5.1311,0.9836,4.3285,4.3285,6.1744,5.9209,2.7734,2.6474,2.6202,3.6730,138.9734,76.2710,0.9180,0.3662,6.1744,74.7704,2.7734,138.9734,2.7734,76.2710,2.8955,123.5736,2.6474,171.6653
559,55.9000,4.9011,2.7042,4.5890,0.9712,4.1106,4.1106,6.2320,5.8644,2.7982,2.7310,2.6561,3.1954,129.9210,85.3482,0.9211,0.4106,6.2320,82.0246,2.7982,129.9210,2.7982,85.3482,3.1384,147.5137,2.7310,171.3935
560,56.0000,5.1063,2.9526,5.0082,1.0004,4.3475,4.3475,5.6977,5.9334,2.7292,2.9062,2.5799,3.3652,145.3152,67.4011,0.9208,0.4655,5.6977,68.5630,2.7292,145.3152,2.7292,67.4011,3.0505,111.6976,2.9062,158.8652
561,56.1000,4.8621,2.8602,4.5150,0.9205,4.7576,4.7576,5.9103,6.2307,2.7969,2.9510,2.5761,3.3996,147.7735,76.7661,0.9187,0.6706,5.9103,78.0456,2.7969,147.7735,2.7969,76.7661,3.1071,136.9654,2.9510,162.6985
562,56.2000,5.0868,2.9594,4.4916,1.0157,4.9956,4.9956,6.3555,6.4330,2.8476,2.9965,2.6548,3.2164,151.3726,73.7640,0.9268,0.6894,6.3555,82.8883,2.8476,151.3726,2.8476,73.7640,3.0627,142.1099,2.9965,150.9079
563,56.3000,5.2643,3.0733,4.8851,0.9312,4.6110,4.6110,6.5908,6.1561,2.9032,2.7459,2.4832,3.2538,152.4960,70.7850,0.9192,0.5224,6.5908,80.8955,2.9032,152.4960,2.9032,70.7850,3.1976,134.9716,2.7459,165.1155
564,56.4000,5.0015,2.8369,5.1092,1.0082,4.6601,4.6601,6.4792,6.1633,2.7321,2.6348,2.5500,3.2549,137.6216,73.7575,0.9087,0.5672,6.4792,79.6995,2.7321,137.6216,2.7321,73.7575,3.4254,133.6404,2.6348,163.4136
565,56.5000,5.0704,2.8597,4.9151,0.9778,4.4853,4.4853,6.4355,6.0584,2.6673,2.7460,2.6869,3.6004,143.2792,68.8277,0.8956,0.5899,6.4355,80.2368,2.6673,143.2792,2.6673,68.8277,2.9095,130.8397,2.7460,157.0713
566,56.6000,4.8473,2.7492,4.6926,0.9572,4.8483,4.8483,6.0698,6.0649,2.8359,2.6659,2.6434,3.6217,143.2636,85.2969,0.8927,0.6459,6.0698,79.0066,2.8359,143.2636,2.8359,85.2969,2.9524,151.8280,2.6659,164.9417
567,56.7000,4.9412,2.7656,4.9188,1.0016,4.1886,4.1886,6.0344,5.7346,2.7844,2.5937,2.5437,3.5309,147.2088,80.6649,0.8963,0.5115,6.0344,75.4688,2.7844,147.2088,2.7844,80.6649,2.8939,114.4200,2.5937,144.0471
568,56.8000,5.1836,2.9020,5.3622,0.9906,4.2663,4.2663,6.3967,6.0575,2.7906,2.5658,2.5669,3.5755,136.5737,73.6841,0.8978,0.5214,6.3967,74.6613,2.7906,136.5737,2.7906,73.6841,3.3934,110.8828,2.5658,163.6383
569,56.9000,5.1238,3.1375,4.4501,1.0191,4.8295,4.8295,6.4961,6.2128,2.9287,2.6436,2.7406,3.5821,154.0763,68.8692,0.9080,0.5538,6.4961,85.1485,2.9287,154.0763,2.9287,68.8692,2.9033,157.4551,2.6436,164.3318
570,57.0000,5.3355,3.1979,4.9123,0.9155,5.0514,5.0514,6.5829,6.4527,2.9217,2.8888,2.7391,3.7010,154.4709,64.4152,0.9086,0.6164,6.5829,79.8214,2.9217,154.4709,2.9217,64.4152,2.9375,141.0454,2.8888,170.7757
571,57.1000,5.3341,3.1689,4.5786,0.9836,4.1458,4.1458,6.1765,5.9814,2.7274,2.8121,2.8318,3.6861,157.7631,55.0555,0.9208,0.4928,6.1765,76.6635,2.7274,157.7631,2.7274,55.0555,3.3343,157.3945,2.8121,159.0695
572,57.2000,5.1684,3.0601,4.7872,1.0168,4.8283,4.8283,6.1358,6.1042,2.6809,2.6170,2.7245,3.5828,159.8602,58.9378,0.9273,0.5453,6.1358,75.9883,2.6809,159.8602,2.6809,58.9378,3.0391,160.7653,2.6170,154.7522
573,57.3000,5.0229,2.8965,4.9263,0.9542,4.1644,4.1644,6.2399,5.8913,2.6845,2.7448,2.6803,3.4058,142.2199,67.7441,0.9233,0.4218,6.2399,77.6767,2.6845,142.2199,2.6845,67.7441,2.9259,142.5203,2.7448,163.5063
574,57.4000,4.7351,2.5109,5.5779,0.9909,4.0559,4.0559,5.7811,5.6759,2.6364,2.6618,2.7235,3.2802,133.0215,86.1320,0.9239,0.4807,5.7811,67.6187,2.6364,133.0215,2.6364,86.1320,3.4807,94.5926,2.6618,159.0257
575,57.5000,4.9584,2.7671,4.9613,0.9739,4.5185,4.5185,6.2601,6.0115,2.8151,2.5196,2.5691,3.0985,139.2204,82.7471,0.9339,0.5906,6.2601,78.2583,2.8151,139.2204,2.8151,82.7471,3.0969,117.6182,2.5196,158.2973
576,57.6000,5.1579,3.0181,4.8166,0.9542,4.4071,4.4071,6.1886,5.8422,2.6912,2.7369,2.7281,3.1464,161.5411,61.1722,0.9378,0.5668,6.1886,76.6124,2.6912,161.5411,2.6912,61.1722,2.9882,129.6251,2.7369,155.5035
577,57.7000,5.1767,2.9794,5.3436,0.9921,4.0273,4.0273,5.9322,5.6483,2.8396,2.6491,2.6936,3.4612,143.0507,72.2996,0.9401,0.4513,5.9322,68.6277,2.8396,143.0507,2.8396,72.2996,2.9078,121.9755,2.6491,164.5734
578,57.8000,5.2996,3.1290,4.7988,0.9640,3.8563,3.8563,6.1789,5.7385,2.7018,2.8474,2.6117,3.3785,162.0291,55.4601,0.9385,0.5325,6.1789,75.2670,2.7018,162.0291,2.7018,55.4601,2.8088,147.0060,2.8474,158.5752
579,57.9000,5.0096,2.8217,5.0219,0.9879,4.4432,4.4432,6.2135,5.9998,2.6007,2.6738,2.6551,3.1336,155.4670,67.0462,0.9387,0.5419,6.2135,76.5440,2.6007,155.4670,2.6007,67.0462,3.2232,141.2582,2.6738,159.0085
580,58.0000,5.1489,3.0721,4.7933,0.9542,4.5002,4.5002,6.1612,6.0078,2.9069,2.6200,2.5592,3.2590,160.3211,71.1042,0.9455,0.4887,6.1612,76.4956,2.9069,160.3211,2.9069,71.1042,2.8726,126.2998,2.6200,162.2382
581,58.1000,5.0237,2.8694,5.3874,1.0058,4.3880,4.3880,6.4905,6.1896,2.8060,2.7844,2.6970,3.4672,138.1299,76.2546,0.9562,0.6158,6.4905,77.0452,2.8060,138.1299,2.8060,76.2546,3.1881,121.5914,2.7844,158.6708
582,58.2000,5.3512,3.2180,4.7914,0.9664,4.3250,4.3250,6.5306,6.2565,2.8018,2.8529,2.6703,3.4175,177.8606,56.4264,0.9528,0.7206,6.5306,79.9552,2.8018,177.8606,2.8018,56.4264,3.0567,129.1029,2.8529,156.8701
583,58.3000,5.1769,3.1707,4.8321,0.9501,4.5606,4.5606,6.5788,6.4147,2.8645,2.6544,2.7031,3.5311,161.0478,62.8357,0.9522,0.7335,6.5788,82.1098,2.8645,161.0478,2.8645,62.8357,3.0653,136.5871,2.6544,170.1381
584,58.4000,4.6451,2.6828,5.2216,1.0318,4.7579,4.7579,6.5685,6.3601,2.7865,2.5482,2.6798,3.5042,132.4473,84.8467,0.9540,0.6140,6.5685,83.2563,2.7865,132.4473,2.7865,84.8467,3.1862,131.9688,2.5482,147.5510
585,58.5000,4.6021,2.7807,5.0779,1.0029,5.0132,5.0132,5.9857,6.2729,2.7053,2.6780,2.6528,3.3556,143.1684,75.2541,0.9588,0.7845,5.9857,76.2157,2.7053,143.1684,2.7053,75.2541,3.0192,117.4525,2.6780,152.3715
586,58.6000,4.8086,2.6912,5.0365,0.9598,5.0215,5.0215,5.8867,6.2242,2.7501,2.6648,2.6038,3.4038,133.9592,83.3223,0.9487,0.6690,5.8867,73.4020,2.7501,133.9592,2.7501,83.3223,3.0759,116.2416,2.6648,159.8905
587,58.7000,5.4319,3.2467,5.1308,0.9734,4.5836,4.5836,6.5249,6.2815,2.9035,2.5626,2.5106,3.1571,164.8426,61.0608,0.9544,0.7410,6.5249,76.2415,2.9035,164.8426,2.9035,61.0608,3.2792,132.0126,2.5626,166.2653
588,58.8000,5.2343,3.1935,4.5846,1.0149,4.6380,4.6380,6.1926,6.1438,2.8705,2.8237,2.5668,3.3043,171.0129,62.5404,0.9515,0.7308,6.1926,77.8906,2.8705,171.0129,2.8705,62.5404,3.0580,147.3760,2.8237,161.9783
589,58.9000,4.8408,2.7643,4.6521,0.9292,4.8116,4.8116,6.1030,5.9955,2.6962,2.6380,2.6012,3.0162,143.6951,76.0861,0.9557,0.7272,6.1030,79.9900,2.6962,143.6951,2.6962,76.0861,3.2774,152.0536,2.6380,171.0125
590,59.0000,5.2981,3.1804,4.9408,0.9912,4.3066,4.3066,5.9789,5.8377,2.6475,2.6266,2.6105,3.0700,167.4729,49.5785,0.9620,0.5803,5.9789,71.3591,2.6475,167.4729,2.6475,49.5785,2.9145,132.1227,2.6266,169.2051
591,59.1000,4.7457,2.7114,4.5837,1.0072,4.1950,4.1950,5.8345,5.7693,2.5649,2.5803,2.6516,3.5756,149.8614,70.8948,0.9574,0.6229,5.8345,77.4005,2.5649,149.8614,2.5649,70.8948,3.1390,167.9787,2.5803,160.6960
592,59.2000,5.0805,3.0288,4.8363,0.9743,4.6652,4.6652,6.5204,6.4129,2.7540,2.6623,2.5731,3.3668,156.5615,64.5237,0.9561,0.9341,6.5204,82.1813,2.7540,156.5615,2.7540,64.5237,3.0709,148.5679,2.6623,164.7299
593,59.3000,5.1576,3.1671,4.9531,0.9469,5.2034,5.2034,6.6918,6.7405,2.8514,2.5751,2.6107,3.3994,152.9561,62.2057,0.9541,1.0733,6.6918,82.8566,2.8514,152.9561,2.8514,62.2057,2.8459,145.7972,2.5751,172.4610
594,59.4000,4.9037,2.8137,5.3619,0.9904,4.9265,4.9265,6.4200,6.4204,2.7826,2.7581,2.6371,3.2339,135.7149,78.0415,0.9502,0.8949,6.4200,77.2792,2.7826,135.7149,2.7826,78.0415,3.0282,117.7940,2.7581,157.7678
595,59.5000,5.1304,3.0398,4.8509,0.9750,4.2327,4.2327,6.4942,6.1374,2.7621,2.6651,2.6970,3.2697,162.0312,64.3945,0.9546,0.7287,6.4942,81.1276,2.7621,162.0312,2.7621,64.3945,3.0167,139.5292,2.6651,163.1037
596,59.6000,4.8468,2.8656,4.5243,0.9609,4.8233,4.8233,6.0897,6.1415,2.8645,2.6712,2.6107,3.3361,146.0484,80.2851,0.9546,0.6513,6.0897,80.9795,2.8645,146.0484,2.8645,80.2851,3.0518,155.5907,2.6712,153.8362
597,59.7000,5.1499,3.2453,4.5882,0.9661,4.5020,4.5020,5.8708,6.0190,2.7741,2.5734,2.6448,3.5495,170.8229,53.0476,0.9528,0.7065,5.8708,73.8981,2.7741,170.8229,2.7741,53.0476,2.8693,142.6648,2.5734,163.0687
598,59.8000,4.9164,2.9456,5.1280,1.0309,4.5675,4.5675,5.9993,5.9707,2.7586,2.6686,2.5959,3.6615,144.6876,69.4750,0.9444,0.6332,5.9993,73.3161,2.7586,144.6876,2.7586,69.4750,2.6782,140.9019,2.6686,158.0641
599,59.9000,4.7477,2.5251,5.0492,0.9491,4.2292,4.2292,6.3950,6.0146,2.6143,2.5436,2.8586,3.7283,137.9813,84.7011,0.9424,0.5802,6.3950,81.4367,2.6143,137.9813,2.6143,84.7011,3.0306,113.2282,2.5436,163.0440
600,60.0000,5.3937,3.2771,4.8905,0.9500,4.3504,4.3504,6.5478,6.0773,3.0230,2.6245,2.6641,3.3942,161.2960,66.2951,0.9444,0.4464,6.5478,78.9235,3.0230,161.2960,3.0230,66.2951,3.0734,135.6386,2.6245,170.4094
601,60.1000,5.1060,3.0441,4.4221,1.0191,3.9409,3.9409,6.4743,5.9705,2.7087,2.8803,2.7157,3.2810,159.8004,61.4196,0.9483,0.5002,6.4743,85.2879,2.7087,159.8004,2.7087,61.4196,3.0285,161.7183,2.8803,154.2746
602,60.2000,4.8985,2.7420,5.0580,0.9946,4.1873,4.1873,6.4435,6.0740,2.6766,2.5533,2.6207,3.2198,135.8287,75.7386,0.9523,0.5158,6.4435,80.6395,2.6766,135.8287,2.6766,75.7386,2.8745,128.4422,2.5533,144.6410
603,60.3000,4.7225,2.7285,4.8129,0.9210,4.4337,4.4337,6.0105,5.9779,2.7290,2.7506,2.5680,3.6994,152.9945,80.3128,0.9536,0.5634,6.0105,78.1436,2.7290,152.9945,2.7290,80.3128,2.8066,135.1942,2.7506,162.3958
604,60.4000,4.7275,2.6968,5.2842,0.9839,4.3519,4.3519,6.0929,5.9645,2.6040,2.6914,2.5446,3.2678,153.8796,74.0331,0.9606,0.7358,6.0929,74.7424,2.6040,153.8796,2.6040,74.0331,3.1375,122.5490,2.6914,143.7845
605,60.5000,4.6901,2.5641,4.9446,0.9968,4.2329,4.2329,6.3546,5.9084,2.7071,2.6426,2.5251,3.1982,121.8806,87.3092,0.9549,0.7516,6.3546,82.4859,2.7071,121.8806,2.7071,87.3092,3.1281,142.2702,2.6426,172.4302
606,60.6000,5.2026,2.9604,5.0148,0.9619,4.2931,4.2931,6.0106,5.8491,2.6878,2.6243,2.5847,3.4685,144.1952,64.3539,0.9516,0.9219,6.0106,72.0421,2.6878,144.1952,2.6878,64.3539,2.9008,133.9765,2.6243,154.2028
607,60.7000,5.1862,3.0670,4.9612,0.9867,4.4177,4.4177,6.2998,6.1546,2.6970,2.5377,2.5592,3.5844,164.9634,59.1200,0.9385,0.9426,6.2998,76.7172,2.6970,164.9634,2.6970,59.1200,2.8486,172.3028,2.5377,157.0953
608,60.8000,5.3637,3.3412,4.6685,0.9751,4.0510,4.0510,6.0410,5.7283,2.8131,2.7828,2.5314,3.5551,167.1475,49.8559,0.9316,0.6790,6.0410,73.6835,2.8131,167.1475,2.8131,49.8559,3.0565,136.9379,2.7828,145.6412
609,60.9000,4.7090,2.7062,4.5979,0.9614,4.2096,4.2096,5.6786,5.8954,2.5518,2.7260,2.5425,3.4973,155.3188,70.5078,0.9250,0.7959,5.6786,75.1898,2.5518,155.3188,2.5518,70.5078,3.1348,151.0815,2.7260,164.1486
610,61.0000,5.4130,3.4707,4.4658,0.9628,4.4976,4.4976,6.2177,6.0796,2.9923,2.8599,2.5360,3.5712,165.6886,53.0331,0.9339,0.7582,6.2177,77.3553,2.9923,165.6886,2.9923,53.0331,2.6778,152.8696,2.8599,169.2630
611,61.1000,4.7984,2.9262,4.8035,0.9917,4.6851,4.6851,6.1619,6.0581,2.7348,2.6559,2.6148,3.4258,161.3667,69.1361,0.9354,0.8061,6.1619,79.8427,2.7348,161.3667,2.7348,69.1361,2.9253,161.5877,2.6559,166.0124
612,61.2000,4.6591,2.8961,4.8273,0.9755,4.4061,4.4061,5.9342,5.9753,2.6804,2.6323,2.6072,3.4652,155.4613,67.5844,0.9310,0.8257,5.9342,77.4223,2.6804,155.4613,2.6804,67.5844,2.8099,164.2077,2.6323,169.8908
613,61.3000,4.6907,3.2293,4.5662,0.9627,4.9339,4.9339,6.4182,6.2514,2.7952,2.9006,2.6013,3.2906,169.1540,55.2749,0.9382,0.8541,6.4182,87.7794,2.7952,169.1540,2.7952,55.2749,2.6731,170.3712,2.9006,145.1045
614,61.4000,4.6744,3.1772,4.9806,0.9817,5.7689,5.7689,6.4619,6.7306,2.9626,2.5964,2.7712,3.1810,151.9492,68.5441,0.9582,0.9541,6.4619,83.9590,2.9626,151.9492,2.9626,68.5441,3.1171,163.1583,2.5964,170.1967
615,61.5000,4.9371,3.1578,5.0275,0.9870,5.0178,5.0178,6.4666,6.4524,2.8156,2.5895,2.7191,3.1268,165.8634,61.0410,0.9673,0.8678,6.4666,80.9204,2.8156,165.8634,2.8156,61.0410,2.6325,155.6341,2.5895,163.6027
616,61.6000,4.8820,3.0076,4.3325,0.9713,4.5822,4.5822,6.4215,6.1627,2.7791,2.7162,2.6595,3.3458,153.2853,67.1825,0.9675,0.7723,6.4215,88.1456,2.7791,153.2853,2.7791,67.1825,2.9522,176.6538,2.7162,169.8078
617,61.7000,4.8060,2.8051,5.1648,0.9653,4.2144,4.2144,5.9500,5.8269,2.7019,2.6687,2.6109,3.3940,159.5642,73.9138,0.9719,0.6804,5.9500,73.1742,2.7019,159.5642,2.7019,73.9138,2.7500,156.7145,2.6687,158.9114
618,61.8000,5.3278,3.4205,4.8611,0.9784,4.5287,4.5287,6.1090,6.0944,2.9830,2.6976,2.6014,3.6134,164.7300,55.8336,0.9844,0.6834,6.1090,73.5191,2.9830,164.7300,2.9830,55.8336,2.9658,154.9218,2.6976,165.9520
619,61.9000,4.8422,3.0361,4.8817,0.9901,4.8560,4.8560,5.8888,6.1320,2.7056,2.7458,2.7182,3.4316,153.0087,61.3988,0.9835,0.6851,5.8888,74.5431,2.7056,153.0087,2.7056,61.3988,2.7089,139.1121,2.7458,161.5152
620,62.0000,4.7931,2.7396,4.9812,0.9634,4.3684,4.3684,6.1955,5.9832,2.8909,2.7454,2.6165,3.4824,138.8192,89.1702,0.9567,0.5492,6.1955,78.6443,2.8909,138.8192,2.8909,89.1702,3.2164,140.5700,2.7454,151.8917
621,62.1000,5.2324,3.4477,4.9570,1.0003,3.6534,3.6534,6.4794,5.6483,3.0548,2.6141,2.5771,3.5131,169.7145,58.9688,0.9429,0.5611,6.4794,78.9218,3.0548,169.7145,3.0548,58.9688,2.7147,163.4760,2.6141,140.7829
622,62.2000,4.5795,2.5678,5.0275,0.9734,4.1069,4.1069,5.9427,5.6970,2.7216,2.6757,2.6397,3.3055,128.3405,88.4655,0.9432,0.6334,5.9427,76.2666,2.7216,128.3405,2.7216,88.4655,3.0094,142.9792,2.6757,164.9037
623,62.3000,4.5846,2.7430,4.7196,0.9588,5.0093,5.0093,5.8941,6.1657,2.6050,2.5557,2.6733,3.5756,136.4667,71.6332,0.9401,0.6569,5.8941,78.6019,2.6050,136.4667,2.6050,71.6332,2.7959,157.9855,2.5557,167.3149
624,62.4000,4.8241,2.8812,4.5484,0.9941,4.2322,4.2322,6.1635,5.9519,2.5009,2.8683,2.6824,3.2291,160.1092,58.0079,0.9438,0.5946,6.1635,82.1798,2.5009,160.1092,2.5009,58.0079,2.8364,164.2057,2.8683,166.2023
625,62.5000,5.1413,3.0094,4.8496,0.9719,4.3358,4.3358,6.5108,6.1672,2.8324,2.7550,2.5444,3.2688,154.4756,70.2323,0.9508,0.6113,6.5108,81.2786,2.8324,154.4756,2.8324,70.2323,2.8329,162.1452,2.7550,170.8661
626,62.6000,5.1442,2.9890,4.8003,0.9657,4.1199,4.1199,6.3166,6.0126,2.6179,2.6497,2.7917,3.5527,175.9025,58.5346,0.9443,0.6393,6.3166,78.7847,2.6179,175.9025,2.6179,58.5346,2.8362,161.0180,2.6497,168.6604
627,62.7000,5.2453,3.0155,5.2629,0.9702,4.6262,4.6262,6.6433,6.3290,2.8794,2.6689,2.6846,3.1165,146.4844,72.6612,0.9486,0.8079,6.6433,78.4266,2.8794,146.4844,2.8794,72.6612,2.7210,145.8976,2.6689,157.8070
628,62.8000,4.8806,2.7628,5.2841,0.9629,4.7226,4.7226,6.5037,6.1520,2.7133,2.6183,2.6658,3.0717,149.4395,76.9880,0.9570,0.6661,6.5037,79.4502,2.7133,149.4395,2.7133,76.9880,3.1695,136.6312,2.6183,154.5899
629,62.9000,5.1819,3.2416,4.6693,0.9834,4.2675,4.2675,6.3574,6.0336,2.8481,2.7279,2.6675,3.5056,172.7742,58.1565,0.9590,0.7667,6.3574,80.1987,2.8481,172.7742,2.8481,58.1565,2.7328,162.4679,2.7279,163.7547
630,63.0000,5.2460,3.0741,4.8971,0.9574,4.3449,4.3449,6.1944,6.0315,2.7029,2.6785,2.6346,3.6049,169.6095,58.6653,0.9544,0.7326,6.1944,75.1928,2.7029,169.6095,2.7029,58.6653,2.8448,146.6136,2.6785,175.3159
631,63.1000,4.8101,2.7117,4.8357,0.9904,4.4750,4.4750,6.3809,5.9886,2.7460,2.7241,2.6490,3.4117,141.6945,81.5026,0.9561,0.6133,6.3809,82.8312,2.7460,141.6945,2.7460,81.5026,3.0510,152.9326,2.7241,151.8019
632,63.2000,5.0192,2.9560,5.2312,0.9710,4.0184,4.0184,6.3502,5.8659,2.7099,2.7721,2.6349,3.2131,145.2765,65.9795,0.9571,0.7372,6.3502,76.5294,2.7099,145.2765,2.7099,65.9795,2.6770,147.3547,2.7721,159.2611
633,63.3000,4.7851,2.9230,5.0563,0.9671,4.3979,4.3979,5.7748,5.8646,2.5557,2.9024,2.6265,3.2794,169.6075,58.5784,0.9739,0.8362,5.7748,71.7980,2.5557,169.6075,2.5557,58.5784,2.8655,161.1286,2.9024,172.5321
634,63.4000,4.4690,2.9956,4.6176,0.9870,4.9652,4.9652,5.6010,6.0341,2.6798,2.6459,2.7363,3.0642,162.7110,62.1074,0.9681,0.9090,5.6010,76.0884,2.6798,162.7110,2.6798,62.1074,2.6181,173.1380,2.6459,154.5023
635,63.5000,4.7343,2.9396,4.9629,0.9462,4.4306,4.4306,5.7547,5.9754,2.6891,2.7207,2.7403,3.3837,154.8800,65.5202,0.9644,0.8517,5.7547,72.7606,2.6891,154.8800,2.6891,65.5202,2.9264,135.0359,2.7207,164.3404
636,63.6000,4.7846,2.7845,5.0879,1.0012,4.2625,4.2625,6.1891,6.0164,2.7002,2.6833,2.6847,3.2672,155.0156,74.7720,0.9721,0.6784,6.1891,77.5767,2.7002,155.0156,2.7002,74.7720,2.9433,140.8203,2.6833,174.0297
637,63.7000,5.1391,2.9929,4.5948,0.9980,4.5399,4.5399,6.8593,6.3066,2.6819,2.6125,2.6272,3.4095,149.8559,62.4688,0.9752,0.7492,6.8593,89.4254,2.6819,149.8559,2.6819,62.4688,3.2877,158.9989,2.6125,161.5307
638,63.8000,5.1115,3.0253,5.1232,0.9557,4.7383,4.7383,6.6212,6.3969,2.9665,2.6586,2.7408,3.4718,158.1190,77.3581,0.9742,0.8446,6.6212,80.6226,2.9665,158.1190,2.9665,77.3581,2.7868,140.3667,2.6586,164.5429
639,63.9000,4.8179,2.6720,5.2119,0.9717,4.1801,4.1801,6.3714,5.9860,2.6651,2.5821,2.7232,3.2081,136.3006,79.1107,0.9763,0.7355,6.3714,78.7694,2.6651,136.3006,2.6651,79.1107,2.7538,120.2723,2.5821,163.4405
640,64.0000,4.8915,2.7915,5.4937,0.9674,4.3675,4.3675,6.1870,5.9696,2.5764,2.6926,2.6554,3.0573,156.1481,67.2284,0.9853,0.8229,6.1870,72.8718,2.5764,156.1481,2.5764,67.2284,2.9498,125.0291,2.6926,161.2181
641,64.1000,5.1138,3.1214,5.3253,0.9748,4.6371,4.6371,6.4592,6.2379,2.8259,2.7116,2.5761,3.2797,169.6314,63.5857,0.9823,0.8785,6.4592,76.4193,2.8259,169.6314,2.8259,63.5857,2.8954,163.5488,2.7116,156.5387
642,64.2000,5.2013,3.0631,5.3198,0.9764,4.5766,4.5766,6.5558,6.0912,2.8848,2.7572,2.8210,3.3711,148.7162,70.3227,0.9787,0.8003,6.5558,77.0783,2.8848,148.7162,2.8848,70.3227,2.7989,153.5223,2.7572,164.4562
643,64.3000,5.4681,3.2248,5.4966,0.9644,4.4500,4.4500,6.6352,6.1397,2.8021,2.9071,2.6843,3.4688,176.5530,56.0031,0.9712,0.7162,6.6352,74.4784,2.8021,176.5530,2.8021,56.0031,2.8365,123.2646,2.9071,150.2584
644,64.4000,5.2611,3.2028,4.6580,0.9913,4.4858,4.4858,6.2212,6.1475,2.8841,2.5632,2.8367,3.3504,147.2807,62.5986,0.9610,0.8432,6.2212,77.4224,2.8841,147.2807,2.8841,62.5986,2.7128,173.9906,2.5632,145.8807
645,64.5000,4.7663,2.8927,4.5527,0.9319,4.6673,4.6673,6.1472,6.0637,2.6576,2.6811,2.6626,3.2397,150.1838,66.2290,0.9576,0.8705,6.1472,82.5116,2.6576,150.1838,2.6576,66.2290,2.9026,164.5657,2.6811,148.7242
646,64.6000,5.0614,3.0459,5.3326,0.9724,4.4303,4.4303,6.1983,6.0732,2.6410,2.5968,2.6465,3.7136,146.3067,56.7473,0.9596,0.8580,6.1983,73.1628,2.6410,146.3067,2.6410,56.7473,2.7393,145.3710,2.5968,170.2165
647,64.7000,4.8412,2.6677,4.6675,0.9888,4.2089,4.2089,6.6394,6.1241,2.5796,2.6930,2.7429,3.4277,140.5257,74.1579,0.9565,0.7693,6.6394,88.5535,2.5796,140.5257,2.5796,74.1579,3.0324,170.2860,2.6930,167.9328
648,64.8000,5.1753,3.1149,5.1615,0.9696,4.8365,4.8365,6.5948,6.3892,2.7653,2.7874,2.6900,3.4499,161.0632,60.2680,0.9467,0.7976,6.5948,79.2835,2.7653,161.0632,2.7653,60.2680,2.7192,155.4574,2.7874,167.7749
649,64.9000,5.0032,3.0266,4.7692,0.9662,4.7913,4.7913,6.5146,6.3596,2.7548,2.6919,2.6091,3.5569,170.2574,64.6439,0.9334,0.7222,6.5146,83.5796,2.7548,170.2574,2.7548,64.6439,2.9100,179.0290,2.6919,164.4470
650,65.0000,5.2220,3.2431,4.8730,0.9969,4.4996,4.4996,6.5168,6.2411,2.7897,2.7446,2.6212,3.5521,152.3730,54.7781,0.9287,0.5905,6.5168,80.3321,2.7897,152.3730,2.7897,54.7781,2.9028,164.0747,2.7446,151.7751
651,65.1000,5.3754,3.1115,5.4149,0.9444,4.6658,4.6658,6.7329,6.3606,2.6862,2.6839,2.7816,3.1058,149.8826,55.1615,0.9306,0.5936,6.7329,77.2136,2.6862,149.8826,2.6862,55.1615,2.9609,151.4922,2.6839,167.3396
652,65.2000,5.2373,2.9591,5.2586,0.9994,4.0061,4.0061,6.7553,6.1599,2.5572,2.7157,2.6098,3.1831,173.4814,57.0649,0.9399,0.7045,6.7553,80.1237,2.5572,173.4814,2.5572,57.0649,2.7355,166.9508,2.7157,176.6354
653,65.3000,5.2181,3.0968,5.1645,0.9976,4.6401,4.6401,6.5045,6.3437,2.7907,2.6383,2.7408,3.3586,159.9737,63.0806,0.9438,0.7166,6.5045,77.5801,2.7907,159.9737,2.7907,63.0806,2.7853,165.4885,2.6383,161.1974
654,65.4000,5.0699,3.1700,4.7543,0.9454,4.8907,4.8907,6.2328,6.3613,2.8890,2.8218,2.6661,3.5173,151.4906,64.3251,0.9343,0.8570,6.2328,78.6839,2.8890,151.4906,2.8890,64.3251,2.8163,163.8006,2.8218,153.6123
655,65.5000,4.8821,3.0525,4.7476,0.9657,5.0198,5.0198,6.5257,6.5972,2.9210,2.7842,2.6724,3.4290,159.5671,73.0571,0.9324,0.9339,6.5257,85.3108,2.9210,159.5671,2.9210,73.0571,2.9297,167.3589,2.7842,146.8520
656,65.6000,4.9994,2.9841,5.2441,1.0119,4.4544,4.4544,6.3770,6.1872,2.6212,2.6510,2.5979,3.4826,155.1559,59.5791,0.9362,0.6489,6.3770,76.9623,2.6212,155.1559,2.6212,59.5791,2.8231,164.5453,2.6510,160.8444
657,65.7000,5.3215,3.1841,5.1742,0.9570,4.3180,4.3180,6.1328,6.0348,2.7213,2.6440,2.6291,3.4222,167.7564,53.2249,0.9347,0.6430,6.1328,71.4936,2.7213,167.7564,2.7213,53.2249,2.6669,163.0901,2.6440,156.5851
658,65.8000,4.8023,2.8827,4.8977,0.9515,4.5974,4.5974,5.9151,6.1078,2.7855,2.6980,2.7806,3.3235,143.8554,74.6058,0.9328,0.6763,5.9151,75.1438,2.7855,143.8554,2.7855,74.6058,3.1422,174.7050,2.6980,165.0498
659,65.9000,5.1085,3.1668,4.7843,1.0285,3.9933,3.9933,5.9734,5.6498,2.7397,2.6433,2.8133,3.4820,172.6780,56.6587,0.9414,0.4743,5.9734,74.2052,2.7397,172.6780,2.7397,56.6587,2.7950,153.1819,2.6433,152.4601
660,66.0000,5.0531,2.9958,5.0416,0.9727,3.8721,3.8721,5.8359,5.6429,2.6744,2.6073,2.6467,3.7380,162.2171,61.6384,0.9420,0.5017,5.8359,70.6361,2.6744,162.2171,2.6744,61.6384,2.7837,162.8443,2.6073,164.1842
661,66.1000,4.8976,2.7990,4.9529,0.9549,4.0618,4.0618,5.7226,5.6903,2.7128,2.7179,2.7155,3.2041,149.1879,74.9567,0.9483,0.5676,5.7226,71.0311,2.7128,149.1879,2.7128,74.9567,2.8016,143.5576,2.7179,165.0989
662,66.2000,4.8173,2.6281,5.2663,0.9711,4.2244,4.2244,6.2638,5.9563,2.5087,2.6608,2.9312,3.3343,145.2088,72.2427,0.9523,0.6674,6.2638,76.6620,2.5087,145.2088,2.5087,72.2427,3.2104,119.9180,2.6608,168.4290
663,66.3000,4.9086,2.9477,4.8656,0.9749,4.4970,4.4970,6.5379,6.2893,2.6979,2.5124,2.7743,3.1047,159.5530,65.7509,0.9630,0.7075,6.5379,83.9628,2.6979,159.5530,2.6979,65.7509,2.7430,157.4503,2.5124,170.0125
664,66.4000,4.7581,2.8127,4.7804,0.9940,4.6853,4.6853,6.3717,6.3719,2.4170,2.8029,2.7963,3.1116,168.6022,56.8499,0.9714,0.8845,6.3717,83.8260,2.4170,168.6022,2.4170,56.8499,2.8343,141.0307,2.8029,162.6154
665,66.5000,4.5322,2.6574,4.9896,0.9525,4.8737,4.8737,6.4303,6.3402,2.6046,2.6986,2.6798,2.9618,140.8506,76.4611,0.9705,0.8603,6.4303,84.8140,2.6046,140.8506,2.6046,76.4611,2.9268,146.8163,2.6986,152.8968
666,66.6000,4.9877,2.9705,5.2246,0.9858,4.7024,4.7024,6.5514,6.2998,2.5462,2.6603,2.6957,3.1818,175.0193,55.5595,0.9758,0.8924,6.5514,79.7737,2.5462,175.0193,2.5462,55.5595,2.7880,164.2972,2.6603,154.9878
667,66.7000,4.9102,3.0335,5.0369,0.9918,4.8326,4.8326,6.2453,6.2188,2.8224,2.7186,2.6637,3.1324,147.8318,68.3485,0.9724,0.8754,6.2453,77.7719,2.8224,147.8318,2.8224,68.3485,2.8223,169.8459,2.7186,150.6136
668,66.8000,4.9478,2.8246,4.9120,0.9399,4.5176,4.5176,6.3744,6.1014,2.7047,2.5290,2.5523,3.2359,150.5008,73.0672,0.9681,0.8091,6.3744,80.5561,2.7047,150.5008,2.7047,73.0672,2.9796,148.2994,2.5290,150.6136
669,66.9000,5.0699,3.0657,4.7962,1.0022,4.3064,4.3064,6.3648,5.9879,2.6575,2.8185,2.6794,3.2934,172.0173,57.0684,0.9686,0.7795,6.3648,80.2957,2.6575,172.0173,2.6575,57.0684,2.7259,161.6950,2.8185,169.4359
670,67.0000,4.8743,2.7485,4.9433,0.9884,4.4991,4.4991,6.4527,6.0909,2.7168,2.4550,2.6400,3.2276,123.9814,77.7796,0.9653,0.8169,6.4527,82.1783,2.7168,123.9814,2.7168,77.7796,2.9194,165.5580,2.4550,163.3498
671,67.1000,4.8061,2.6975,5.2341,0.9679,4.5433,4.5433,6.1769,6.0060,2.6787,2.8102,2.6385,3.1608,155.9643,78.5329,0.9582,0.8642,6.1769,75.8005,2.6787,155.9643,2.6787,78.5329,2.9312,142.8839,2.8102,167.3222
672,67.2000,4.8599,2.7647,5.0805,0.9969,4.1319,4.1319,5.8631,5.6654,2.6563,2.9965,2.5816,3.6592,131.9815,73.3315,0.9557,0.8059,5.8631,72.2507,2.6563,131.9815,2.6563,73.3315,2.7944,124.5008,2.9965,140.2475
673,67.3000,5.0478,2.8311,5.0182,0.9674,4.5617,4.5617,6.1644,6.0378,2.7822,2.6561,2.6753,3.4731,147.7418,77.2307,0.9592,0.6984,6.1644,75.5255,2.7822,147.7418,2.7822,77.2307,3.1196,129.8723,2.6561,166.7194
674,67.4000,5.0845,2.9257,4.8268,0.9481,4.3078,4.3078,6.5110,6.1650,2.7167,2.5941,2.6987,3.1654,156.1098,68.0008,0.9659,0.7346,6.5110,82.0873,2.7167,156.1098,2.7167,68.0008,2.8451,162.8164,2.5941,165.3832
675,67.5000,4.7853,2.9614,4.7734,0.9773,4.9703,4.9703,6.3874,6.3426,2.6403,2.7770,2.5430,3.3342,162.9882,61.5919,0.9594,0.7575,6.3874,83.8600,2.6403,162.9882,2.6403,61.5919,2.7872,154.0080,2.7770,163.3080
676,67.6000,4.8199,2.8678,4.7600,0.9977,4.9418,4.9418,6.2502,6.2902,2.8148,2.7054,2.6145,3.2983,145.7078,76.9015,0.9564,0.7487,6.2502,81.4469,2.8148,145.7078,2.8148,76.9015,2.7586,156.0498,2.7054,165.8144
677,67.7000,4.8705,2.8110,5.1755,0.9416,4.2709,4.2709,6.0443,5.9518,2.5142,2.7651,2.8373,3.2109,173.9032,62.2255,0.9468,0.7789,6.0443,73.9073,2.5142,173.9032,2.5142,62.2255,2.7506,154.7291,2.7651,169.5766
678,67.8000,4.7711,2.8788,5.0439,0.9721,4.6449,4.6449,6.3422,6.2635,2.7171,2.5994,2.6374,3.3104,157.9084,70.6983,0.9522,0.8761,6.3422,80.4542,2.7171,157.9084,2.7171,70.6983,2.7230,167.9399,2.5994,167.7073
679,67.9000,4.4865,2.6885,4.6955,0.9923,4.8230,4.8230,6.2712,6.1718,2.5440,2.7774,2.7866,3.4059,145.1162,70.9603,0.9526,0.8221,6.2712,86.1231,2.5440,145.1162,2.5440,70.9603,3.0505,174.9992,2.7774,165.8056
680,68.0000,5.2426,3.2765,5.1903,0.9575,4.5233,4.5233,6.7893,6.3037,2.8396,2.5860,2.5222,3.2763,157.6156,55.1080,0.9483,0.8776,6.7893,81.1957,2.8396,157.6156,2.8396,55.1080,2.7656,152.7347,2.5860,166.7254
681,68.1000,5.1183,2.8667,5.1356,0.9688,5.0375,5.0375,7.0208,6.5308,2.9227,2.7206,2.7289,3.0082,137.5437,83.6555,0.9510,1.0639,7.0208,86.4233,2.9227,137.5437,2.9227,83.6555,2.8942,132.9351,2.7206,159.3465
682,68.2000,4.9809,2.9095,4.7785,0.9590,4.8833,4.8833,6.5796,6.2742,2.6650,2.9237,2.5431,3.0285,164.2282,65.8605,0.9403,0.9584,6.5796,84.7543,2.6650,164.2282,2.6650,65.8605,2.9251,173.2569,2.9237,170.4230
683,68.3000,5.3920,3.2189,5.0699,0.9959,4.2801,4.2801,6.5658,6.1146,2.7017,2.6021,2.5933,3.2471,165.8557,50.7748,0.9387,0.8020,6.5658,77.6780,2.7017,165.8557,2.7017,50.7748,2.7608,143.4804,2.6021,145.0339
684,68.4000,5.0506,2.9747,4.8398,0.9383,4.7294,4.7294,6.4202,6.2395,2.8838,2.7024,2.7894,3.2526,153.6456,75.3355,0.9367,0.7959,6.4202,80.9230,2.8838,153.6456,2.8838,75.3355,2.8651,159.5518,2.7024,162.6686
685,68.5000,5.0687,3.0815,4.5555,1.0116,4.3865,4.3865,6.3399,6.0718,2.6421,2.6652,2.6309,3.1437,174.8563,55.4254,0.9374,0.8228,6.3399,82.2220,2.6421,174.8563,2.6421,55.4254,2.8708,166.9363,2.6652,148.1766
686,68.6000,5.2076,3.1152,4.8963,0.9956,4.6556,4.6556,6.4646,6.2659,2.7897,2.6914,2.6569,3.1528,156.6697,61.9886,0.9337,0.8675,6.4646,79.4902,2.7897,156.6697,2.7897,61.9886,2.8972,152.2584,2.6914,156.7025
687,68.7000,5.2214,2.9796,5.2050,0.9361,4.6202,4.6202,6.5309,6.3005,2.9453,2.6084,2.6686,3.5484,133.1848,78.8443,0.9388,0.9148,6.5309,77.5677,2.9453,133.1848,2.9453,78.8443,2.7758,150.5076,2.6084,165.4468
688,68.8000,5.0777,2.9403,4.9924,1.0028,4.5436,4.5436,6.5247,6.2892,2.6881,2.7169,2.6462,3.4514,164.3092,65.7132,0.9347,0.9011,6.5247,80.7652,2.6881,164.3092,2.6881,65.7132,3.0714,156.1657,2.7169,157.6989
689,68.9000,5.0108,3.0699,4.8353,0.9583,4.9176,4.9176,6.4035,6.2152,2.8061,2.8952,2.7067,3.3494,156.8713,65.1919,0.9389,0.8304,6.4035,81.1154,2.8061,156.8713,2.8061,65.1919,2.7386,161.3686,2.8952,155.1800
690,69.0000,4.9856,2.8018,4.8396,0.9816,4.6505,4.6505,6.5457,6.1314,2.5082,2.5884,2.6499,3.1045,150.7717,62.7049,0.9391,0.8742,6.5457,83.5357,2.5082,150.7717,2.5082,62.7049,2.8785,158.2254,2.5884,154.9100
691,69.1000,5.0491,3.0552,4.8866,0.9627,4.4858,4.4858,6.5921,6.2760,2.6591,2.8637,2.6238,3.1682,170.9280,57.1604,0.9393,1.0054,6.5921,83.1129,2.6591,170.9280,2.6591,57.1604,2.6676,168.1274,2.8637,157.8696
692,69.2000,4.9221,3.0223,5.2543,0.9909,5.0702,5.0702,6.5084,6.4533,2.8034,2.7987,2.5784,3.5380,167.1344,67.8609,0.9346,0.8956,6.5084,79.4441,2.8034,167.1344,2.8034,67.8609,2.8476,155.4509,2.7987,166.2950
693,69.3000,4.8169,3.1067,5.1716,0.9933,4.9449,4.9449,6.2321,6.4135,2.9022,2.5868,2.4950,3.3950,150.3162,68.9635,0.9395,0.9194,6.2321,77.1163,2.9022,150.3162,2.9022,68.9635,2.8773,169.8287,2.5868,166.5703
694,69.4000,4.7065,2.6923,4.7960,0.9649,4.3671,4.3671,6.0954,5.9034,2.6452,2.7057,2.5584,3.2721,147.1567,76.8442,0.9488,0.8873,6.0954,79.7932,2.6452,147.1567,2.6452,76.8442,2.8426,168.8422,2.7057,155.0619
695,69.5000,5.2291,3.1082,4.8761,0.9797,4.5371,4.5371,6.4147,6.0315,2.7375,2.7121,2.5745,3.1662,175.5796,59.1082,0.9433,0.8768,6.4147,78.7237,2.7375,175.5796,2.7375,59.1082,2.9313,154.1516,2.7121,160.7425
696,69.6000,5.0613,2.9661,5.5297,0.9494,4.3768,4.3768,6.2895,6.0372,2.7179,2.7722,2.5507,3.0523,158.4630,65.7601,0.9450,0.8170,6.2895,72.7101,2.7179,158.4630,2.7179,65.7601,2.9295,136.2878,2.7722,148.5911
697,69.7000,5.0999,3.0187,4.7736,0.9994,4.8058,4.8058,6.5262,6.2880,3.0047,2.5954,2.7199,3.1643,145.3990,79.6634,0.9434,0.8735,6.5262,82.6791,3.0047,145.3990,3.0047,79.6634,3.1098,157.3131,2.5954,150.3137
698,69.8000,5.2608,3.2031,5.1594,0.9798,4.9741,4.9741,6.2733,6.3578,2.7902,2.6434,2.6977,3.2059,125.0432,56.8239,0.9421,0.8588,6.2733,74.0249,2.7902,125.0432,2.7902,56.8239,2.6815,153.7089,2.6434,159.6553
699,69.9000,4.8608,2.7889,5.1636,0.9569,4.5794,4.5794,6.5750,6.3208,2.6842,2.6259,2.6385,3.2795,148.1305,73.8015,0.9348,0.8941,6.5750,81.9148,2.6842,148.1305,2.6842,73.8015,2.7311,139.2915,2.6259,164.5609
700,70.0000,5.2102,3.1912,5.0364,0.9982,4.8690,4.8690,6.6202,6.5475,2.8589,2.5750,2.5737,3.2287,146.0631,61.8411,0.9228,0.8954,6.6202,80.4745,2.8589,146.0631,2.8589,61.8411,2.8756,144.3192,2.5750,169.1141
701,70.1000,5.3837,3.3349,4.8441,0.9639,4.5734,4.5734,6.2694,6.2324,2.8973,2.6728,2.6555,3.6215,168.5665,55.3395,0.9310,0.8324,6.2694,75.4028,2.8973,168.5665,2.8973,55.3395,2.7006,145.7586,2.6728,159.5015
702,70.2000,4.9594,2.7693,4.8414,0.9722,3.8564,3.8564,6.2510,5.8484,2.5944,2.5302,2.6918,3.5250,159.0778,69.5265,0.9365,0.6926,6.2510,79.2458,2.5944,159.0778,2.5944,69.5265,3.1717,142.8078,2.5302,157.7632
703,70.3000,4.9961,2.9429,4.9003,0.9753,4.0519,4.0519,6.0283,5.8610,2.6126,2.7969,2.6722,3.3724,165.8040,60.9604,0.9475,0.6944,6.0283,75.0471,2.6126,165.8040,2.6126,60.9604,2.7013,156.8865,2.7969,151.9452
704,70.4000,5.0321,2.9825,4.4384,0.9824,4.7114,4.7114,6.3407,6.1687,2.6352,2.5492,2.5837,3.3950,154.6032,60.1550,0.9423,0.7640,6.3407,83.8102,2.6352,154.6032,2.6352,60.1550,2.9408,173.1178,2.5492,164.1469
705,70.5000,4.8853,2.9416,5.0745,0.9819,4.5818,4.5818,6.1301,6.1961,2.6896,2.7404,2.6799,3.4197,144.4497,65.6357,0.9437,0.7832,6.1301,75.9483,2.6896,144.4497,2.6896,65.6357,2.7251,159.0619,2.7404,174.2418
706,70.6000,5.1286,3.2804,5.1685,0.9981,4.7011,4.7011,6.0471,6.2164,2.9067,2.6035,2.5457,3.0018,175.8128,59.6546,0.9474,0.7205,6.0471,71.9253,2.9067,175.8128,2.9067,59.6546,2.6811,156.5631,2.6035,169.5662
707,70.7000,5.1757,3.1784,4.9607,0.9610,4.8464,4.8464,6.3506,6.3676,2.7126,2.6781,2.8025,3.1668,141.6333,53.1094,0.9412,0.7030,6.3506,77.5546,2.7126,141.6333,2.7126,53.1094,2.7423,167.3674,2.6781,156.1794
708,70.8000,5.3078,3.1174,5.1764,0.9727,4.1509,4.1509,6.2623,5.9325,2.8688,2.6367,2.6785,3.0000,159.0262,66.3334,0.9391,0.5053,6.2623,73.3423,2.8688,159.0262,2.8688,66.3334,2.8734,161.5704,2.6367,165.0193
709,70.9000,5.2146,3.1836,4.9442,0.9589,4.3481,4.3481,6.3301,6.0523,2.8078,3.2717,2.6365,3.3076,158.7811,58.7057,0.9408,0.6908,6.3301,77.0371,2.8078,158.7811,2.8078,58.7057,2.8312,145.4210,3.2717,155.2828
710,71.0000,5.1391,2.9600,5.1321,0.9640,4.6111,4.6111,6.6008,6.2711,2.5801,3.1133,2.5672,3.3436,166.2934,57.8826,0.9375,0.8161,6.6008,79.9792,2.5801,166.2934,2.5801,57.8826,2.7290,143.2809,3.1133,156.1066
711,71.1000,4.7870,2.7251,4.5343,1.0305,4.2392,4.2392,6.4376,5.9945,2.6275,2.5374,2.7912,2.9846,155.4071,73.6182,0.9385,0.6657,6.4376,87.3163,2.6275,155.4071,2.6275,73.6182,2.9001,162.6617,2.5374,162.0891
712,71.2000,5.0132,2.9543,5.5149,0.9572,4.5208,4.5208,6.5650,6.1320,2.7032,2.7614,2.6843,3.2003,152.9485,65.5938,0.9374,0.6355,6.5650,76.9911,2.7032,152.9485,2.7032,65.5938,2.6972,137.3298,2.7614,145.8991
713,71.3000,4.9305,2.9175,4.8393,0.9693,4.6136,4.6136,6.4794,6.1090,2.7875,2.7101,2.6213,3.3611,150.2388,72.7089,0.9423,0.6134,6.4794,83.0829,2.7875,150.2388,2.7875,72.7089,2.8413,162.0809,2.7101,170.1434
714,71.4000,5.4346,3.2616,5.2385,0.9852,4.2355,4.2355,6.7759,6.2112,2.8465,2.5226,2.7222,3.3869,162.3360,56.9334,0.9442,0.6429,6.7759,78.7952,2.8465,162.3360,2.8465,56.9334,2.8771,149.6210,2.5226,168.3368
715,71.5000,5.1010,2.9935,4.4464,0.9608,4.2715,4.2715,6.7540,6.1945,2.6566,2.7787,2.7079,3.2911,168.1142,60.5676,0.9453,0.6567,6.7540,89.7804,2.6566,168.1142,2.6566,60.5676,2.7999,158.6782,2.7787,174.1072
716,71.6000,5.1950,3.1047,5.0975,0.9893,4.3325,4.3325,6.4515,6.1399,2.7708,2.6260,2.6070,3.3180,168.4381,61.4012,0.9390,0.5889,6.4515,77.6254,2.7708,168.4381,2.7708,61.4012,2.7451,170.1041,2.6260,168.3870
717,71.7000,5.2601,3.1441,5.1681,0.9801,4.3624,4.3624,6.3987,5.9938,2.8083,2.7229,2.6810,3.5302,170.6116,61.3000,0.9318,0.5941,6.3987,75.6936,2.8083,170.6116,2.8083,61.3000,2.9123,164.5869,2.7229,147.0126
718,71.8000,5.3980,3.2836,5.0132,0.9749,4.1469,4.1469,6.3631,5.9340,2.9229,2.6292,2.6626,3.1769,163.1781,60.1229,0.9269,0.5802,6.3631,75.2470,2.9229,163.1781,2.9229,60.1229,2.7995,173.7145,2.6292,158.9953
719,71.9000,4.9193,2.9837,5.1493,0.9793,4.6291,4.6291,6.3171,6.1855,2.6456,2.8130,2.6250,3.3736,164.7119,60.6778,0.9260,0.6467,6.3171,77.6820,2.6456,164.7119,2.6456,60.6778,2.9295,163.4505,2.8130,149.5561
720,72.0000,4.9024,3.0205,4.7986,0.9342,4.7598,4.7598,6.2588,6.1750,2.7240,2.7981,2.6646,3.3887,158.8220,62.8368,0.9153,0.6583,6.2588,80.3495,2.7240,158.8220,2.7240,62.8368,2.8011,159.7858,2.7981,144.8168
721,72.1000,4.8637,2.9943,4.5415,1.0011,4.5311,4.5311,6.1559,6.0906,2.6496,2.6195,2.7557,3.3574,163.5429,60.5465,0.9215,0.7279,6.1559,81.6881,2.6496,163.5429,2.6496,60.5465,3.0502,161.8567,2.6195,138.8174
722,72.2000,5.1653,3.2676,5.2756,0.9647,4.3706,4.3706,6.4405,6.1340,2.9081,2.7150,2.7037,3.4602,168.4528,60.0156,0.9402,0.7187,6.4405,76.1659,2.9081,168.4528,2.9081,60.0156,2.8400,163.9653,2.7150,163.7143
723,72.3000,5.1059,3.2146,4.9448,0.9828,4.9243,4.9243,6.7944,6.4161,2.8764,2.7503,2.5501,3.4512,156.3711,61.3862,0.9411,0.8136,6.7944,85.0507,2.8764,156.3711,2.8764,61.3862,2.7864,171.5758,2.7503,146.6644
724,72.4000,4.9692,3.1131,4.6393,0.9845,4.4250,4.4250,6.1934,6.0374,2.7248,2.7245,2.8817,3.3138,163.7444,58.1318,0.9333,0.8180,6.1934,80.1881,2.7248,163.7444,2.7248,58.1318,2.8046,165.3452,2.7245,158.8356
725,72.5000,5.0730,2.9919,5.0016,0.9622,4.5565,4.5565,6.5656,6.2250,2.9986,2.6558,2.6713,3.0217,152.3537,81.1472,0.9279,0.7725,6.5656,81.3364,2.9986,152.3537,2.9986,81.1472,2.7117,166.8153,2.6558,166.4379
726,72.6000,5.1244,2.9513,5.1339,0.9676,4.3698,4.3698,6.5473,6.1731,2.7109,2.5536,2.6754,3.3447,156.8444,66.2827,0.9155,0.7646,6.5473,79.3219,2.7109,156.8444,2.7109,66.2827,3.0084,139.3455,2.5536,176.5287
727,72.7000,5.6517,3.6490,5.0293,0.9879,4.6555,4.6555,6.4025,6.3375,2.9516,2.8671,2.7090,3.4840,163.0188,39.2997,0.9200,0.6685,6.4025,73.3971,2.9516,163.0188,2.9516,39.2997,2.6609,126.0617,2.8671,169.7342
728,72.8000,5.1979,3.0998,5.0484,0.9683,4.6960,4.6960,6.2829,6.3356,2.7739,2.8252,2.6494,3.5641,170.6187,61.6383,0.9309,0.7587,6.2829,75.6238,2.7739,170.6187,2.7739,61.6383,3.0198,137.4518,2.8252,164.9917
729,72.9000,4.9616,3.1579,4.5129,0.9609,4.8150,4.8150,6.5288,6.5901,2.8816,2.6085,2.5537,3.6846,162.3802,64.7168,0.9369,0.9429,6.5288,86.9804,2.8816,162.3802,2.8816,64.7168,2.7021,162.8073,2.6085,161.7507
730,73.0000,4.8019,2.8744,4.8426,0.9926,4.7432,4.7432,6.4759,6.2505,2.6893,2.5830,2.5945,3.6634,143.9353,69.3201,0.9494,0.8360,6.4759,84.3580,2.6893,143.9353,2.6893,69.3201,2.8542,155.1318,2.5830,156.7483
731,73.1000,5.2377,3.1332,5.3117,1.0102,4.6796,4.6796,6.7047,6.3082,2.7486,2.7481,2.5899,3.3797,165.3834,58.7691,0.9548,0.9107,6.7047,78.9183,2.7486,165.3834,2.7486,58.7691,2.8053,137.3647,2.7481,170.7461
732,73.2000,5.1255,3.0839,4.3937,0.9410,5.3104,5.3104,6.9074,6.7207,2.9188,2.7385,2.6979,3.1660,144.4284,71.1391,0.9540,0.9936,6.9074,92.7198,2.9188,144.4284,2.9188,71.1391,2.8360,165.6239,2.7385,171.7747
733,73.3000,5.4189,3.3640,5.0242,0.9847,4.9201,4.9201,7.1718,6.5935,2.7726,2.6146,2.6076,3.2209,165.6130,46.0366,0.9652,0.8678,7.1718,86.6605,2.7726,165.6130,2.7726,46.0366,2.6124,151.5487,2.6146,163.9634
734,73.4000,4.8152,2.7696,5.4148,0.9568,4.6362,4.6362,6.6394,6.4311,2.6549,2.6806,2.6347,3.2220,159.4518,73.1335,0.9573,0.9555,6.6394,80.7034,2.6549,159.4518,2.6549,73.1335,2.6809,169.2920,2.6806,159.7425
735,73.5000,4.9081,2.8692,4.7459,1.0194,4.2582,4.2582,6.2430,6.0239,2.6938,2.7227,2.6452,3.1708,148.3321,69.8537,0.9545,0.9267,6.2430,80.5651,2.6938,148.3321,2.6938,69.8537,3.0055,139.2105,2.7227,145.2226
736,73.6000,5.1967,3.0352,5.1377,0.9891,4.1801,4.1801,6.3002,5.8880,2.7138,2.6906,2.6623,3.4010,161.2751,61.9196,0.9547,0.7827,6.3002,75.1233,2.7138,161.2751,2.7138,61.9196,2.9249,153.8807,2.6906,158.6036
737,73.7000,5.3984,3.2366,4.6388,0.9306,4.8607,4.8607,6.6747,6.4620,2.8292,2.5380,2.7723,3.3084,167.8934,56.3592,0.9564,0.8930,6.6747,82.9936,2.8292,167.8934,2.8292,56.3592,3.0376,158.2918,2.5380,160.8561
738,73.8000,5.3501,3.1881,4.6770,0.9830,4.8830,4.8830,6.8492,6.6401,2.9900,2.5827,2.7543,3.2599,156.1732,69.5448,0.9573,1.0108,6.8492,85.8903,2.9900,156.1732,2.9900,69.5448,2.6315,172.7291,2.5827,171.8869
739,73.9000,5.0671,2.9358,5.5342,0.9585,4.8807,4.8807,6.7221,6.3837,2.6711,2.7011,2.6703,3.3779,151.3442,64.7220,0.9579,0.9687,6.7221,78.5683,2.6711,151.3442,2.6711,64.7220,2.9038,142.2409,2.7011,174.1846
740,74.0000,4.9678,2.8409,5.3440,1.0380,4.3149,4.3149,6.4117,6.0317,2.6564,2.6751,2.6527,3.2636,141.6557,69.2274,0.9579,0.8938,6.4117,76.7954,2.6564,141.6557,2.6564,69.2274,3.0047,144.1561,2.6751,163.0125
741,74.1000,4.8593,2.8190,4.8929,0.9705,4.4774,4.4774,6.5183,6.2234,2.6984,2.6417,2.5774,3.2665,161.1924,72.9218,0.9462,1.0068,6.5183,83.8863,2.6984,161.1924,2.6984,72.9218,2.8600,177.3342,2.6417,154.5491
742,74.2000,5.2991,3.4201,4.7875,0.9398,4.8273,4.8273,6.6595,6.4830,2.8716,2.6964,2.5256,3.2123,161.1735,47.6041,0.9435,0.9436,6.6595,82.4670,2.8716,161.1735,2.8716,47.6041,2.6258,142.2500,2.6964,149.5923
743,74.3000,4.7864,2.7276,4.7457,0.9616,4.7880,4.7880,6.5096,6.3948,2.7057,2.6081,2.5659,3.2644,128.9102,78.5220,0.9481,0.8311,6.5096,86.1419,2.7057,128.9102,2.7057,78.5220,3.3622,138.2756,2.6081,148.6697
744,74.4000,5.2098,3.0300,5.2651,0.9945,4.5767,4.5767,6.4912,6.2058,2.8306,2.8385,2.6693,3.4672,138.4405,69.0241,0.9364,0.6921,6.4912,76.5861,2.8306,138.4405,2.8306,69.0241,2.9275,140.8136,2.8385,159.9346
745,74.5000,4.9605,2.9633,5.3024,0.9441,4.7484,4.7484,6.4236,6.2797,2.7336,2.8117,2.6929,3.3479,154.4853,66.8474,0.9206,0.8161,6.4236,77.4173,2.7336,154.4853,2.7336,66.8474,2.8369,164.7844,2.8117,162.2361
746,74.6000,5.0737,3.1639,4.6700,0.9966,4.8997,4.8997,6.3163,6.1410,2.7390,2.5618,2.7008,3.1001,166.8251,56.2721,0.9168,0.7359,6.3163,80.7026,2.7390,166.8251,2.7390,56.2721,2.7915,148.9490,2.5618,154.3341
747,74.7000,4.6486,2.8168,4.9876,1.0168,4.7481,4.7481,6.0160,5.9713,2.5570,2.7858,2.6644,3.1910,156.1959,64.8998,0.9081,0.7170,6.0160,77.1744,2.5570,156.1959,2.5570,64.8998,2.8309,170.6926,2.7858,157.6687
748,74.8000,5.1150,2.9804,5.5373,0.9550,4.2041,4.2041,6.2376,6.0197,2.5562,2.6575,2.5665,3.1292,169.1810,55.0555,0.9022,0.7291,6.2376,71.5604,2.5562,169.1810,2.5562,55.0555,2.7193,145.6573,2.6575,157.2334
749,74.9000,5.0852,3.0969,4.8804,0.9649,4.6551,4.6551,6.6515,6.3058,2.7783,3.0667,2.6642,3.0377,171.7310,62.0316,0.9005,0.8297,6.6515,83.7133,2.7783,171.7310,2.7783,62.0316,2.8544,168.3931,3.0667,151.9497
750,75.0000,5.1723,3.1354,4.9048,0.9985,4.7944,4.7944,6.2501,6.1185,2.7613,2.6275,2.7587,3.1100,156.2000,59.2319,0.9037,0.9468,6.2501,76.6141,2.7613,156.2000,2.7613,59.2319,2.6941,170.5651,2.6275,158.4649
751,75.1000,5.0512,3.0399,4.8340,1.0061,4.1957,4.1957,6.4535,6.0494,2.7152,2.8166,2.6233,3.1141,165.8315,61.9010,0.9099,0.9894,6.4535,81.4803,2.7152,165.8315,2.7152,61.9010,2.7865,176.0301,2.8166,148.8853
752,75.2000,5.1916,3.0759,5.1413,0.9430,4.2587,4.2587,5.9922,5.8676,2.7239,2.8124,2.6483,3.7302,160.8839,59.6538,0.8970,0.9806,5.9922,70.8870,2.7239,160.8839,2.7239,59.6538,2.7866,144.2622,2.8124,163.2781
753,75.3000,4.9458,2.9034,4.5245,0.9495,4.3567,4.3567,6.4640,6.0720,2.7838,2.8642,2.7173,3.4948,146.5948,73.3283,0.8925,0.8090,6.4640,85.9655,2.7838,146.5948,2.7838,73.3283,2.8682,169.1886,2.8642,148.5515
754,75.4000,5.2155,3.0828,5.3502,1.0090,4.7295,4.7295,6.6922,6.3216,2.8070,2.6928,2.7590,3.4045,162.5012,64.8661,0.8814,0.8202,6.6922,78.5901,2.8070,162.5012,2.8070,64.8661,2.8368,143.4761,2.6928,162.7162
755,75.5000,5.0182,2.9716,4.6789,0.9405,4.9576,4.9576,6.5811,6.4386,2.6248,2.6918,2.6412,3.4785,163.4664,59.6392,0.8916,0.8714,6.5811,85.4026,2.6248,163.4664,2.6248,59.6392,2.9100,173.1950,2.6918,177.5795
756,75.6000,5.1255,3.1486,4.7861,0.9876,4.6531,4.6531,6.6188,6.2708,2.8384,2.8709,2.8564,3.1302,170.2758,62.9036,0.9005,0.9443,6.6188,83.7178,2.8384,170.2758,2.8384,62.9036,2.7774,154.5767,2.8709,150.0434
757,75.7000,4.8696,2.7446,4.9909,1.0151,4.5846,4.5846,6.7324,6.3140,2.6446,2.6837,2.6116,3.3892,146.8799,73.6366,0.9187,0.9487,6.7324,86.1100,2.6446,146.8799,2.6446,73.6366,2.9405,148.3463,2.6837,148.6871
758,75.8000,5.2470,3.2264,4.3525,0.9278,4.9610,4.9610,6.6154,6.3508,2.8831,2.6913,2.6487,3.3575,168.6693,60.3834,0.9370,0.8421,6.6154,86.5963,2.8831,168.6693,2.8831,60.3834,2.8405,164.9862,2.6913,174.9501
759,75.9000,5.1288,3.1421,4.7583,1.0210,4.7944,4.7944,6.7854,6.4044,2.7503,2.5265,2.7080,3.5123,138.6401,58.5151,0.9562,0.8130,6.7854,86.5885,2.7503,138.6401,2.7503,58.5151,2.6924,160.4482,2.5265,156.3314
760,76.0000,5.0662,3.1111,4.6381,0.9400,4.6651,4.6651,6.6545,6.3296,2.8042,2.7426,2.9222,3.2426,161.0350,62.5231,0.9749,0.7827,6.6545,86.4677,2.8042,161.0350,2.8042,62.5231,3.0542,164.4998,2.7426,156.9063
761,76.1000,5.0130,2.9655,4.9780,0.9607,4.5284,4.5284,6.1779,6.0386,2.6844,2.5937,2.6070,3.1726,156.0091,63.8547,0.9852,0.7169,6.1779,76.3893,2.6844,156.0091,2.6844,63.8547,2.8237,152.5470,2.5937,168.5101
762,76.2000,4.9914,2.8503,4.7618,0.9744,4.2163,4.2163,6.5809,6.1732,2.5347,2.5772,2.8298,3.1925,152.8084,61.5173,0.9859,0.7216,6.5809,84.8338,2.5347,152.8084,2.5347,61.5173,2.7265,170.0702,2.5772,174.0987
763,76.3000,5.2163,3.0304,5.4872,1.0082,4.9262,4.9262,6.9313,6.5047,2.6852,2.6459,2.6494,3.4154,169.3463,60.7121,0.9829,0.8074,6.9313,80.6755,2.6852,169.3463,2.6852,60.7121,2.8153,128.9089,2.6459,174.4447
764,76.4000,5.4349,3.2792,4.7847,0.9538,4.8727,4.8727,6.9536,6.4235,2.9469,2.6518,2.5723,3.0797,158.4736,61.5674,0.9797,0.8978,6.9536,85.5019,2.9469,158.4736,2.9469,61.5674,2.8080,153.2181,2.6518,165.9664
765,76.5000,4.8313,2.7557,5.1096,0.9542,4.3192,4.3192,6.7055,6.1293,2.5104,2.8226,2.6956,3.1659,149.5888,65.2448,0.9844,0.8721,6.7055,84.7865,2.5104,149.5888,2.5104,65.2448,2.8798,158.1434,2.8226,157.5127
766,76.6000,4.9096,2.8077,5.1876,1.0144,4.0881,4.0881,6.1110,5.7231,2.6188,2.6670,2.6561,3.2536,160.3952,68.8640,0.9957,0.8294,6.1110,74.4312,2.6188,160.3952,2.6188,68.8640,2.7936,158.8167,2.6670,158.4666
767,76.7000,5.1150,3.0496,4.4851,1.0261,4.2439,4.2439,5.9729,5.6541,2.6239,2.6748,2.5506,3.2233,171.5040,56.3487,1.0049,0.8851,5.9729,76.6365,2.6239,171.5040,2.6239,56.3487,2.8500,168.0122,2.6748,159.9993
768,76.8000,4.8783,2.7150,5.0029,0.9668,4.3222,4.3222,6.2948,5.8110,2.7902,2.6669,2.7161,3.3099,115.7278,84.3084,1.0134,0.7754,6.2948,79.1328,2.7902,115.7278,2.7902,84.3084,2.8712,148.2448,2.6669,144.8192
769,76.9000,5.2332,3.1564,5.0570,0.9596,4.3506,4.3506,6.6689,6.1302,2.7933,2.6070,2.6277,3.4466,151.1455,59.4280,1.0047,0.7242,6.6689,80.7740,2.7933,151.1455,2.7933,59.4280,2.6851,154.7568,2.6070,170.0422
770,77.0000,5.0181,2.9237,5.0036,0.9921,4.3940,4.3940,6.7632,6.1841,2.6287,2.6634,2.7298,3.2791,158.2212,63.1267,1.0005,0.6554,6.7632,84.8853,2.6287,158.2212,2.6287,63.1267,2.8919,170.5029,2.6634,155.6377
771,77.1000,5.2365,3.0506,5.2779,0.9597,4.2863,4.2863,6.5289,6.0203,2.7432,2.7710,2.6489,3.0112,142.3316,62.5185,0.9932,0.6115,6.5289,76.7700,2.7432,142.3316,2.7432,62.5185,2.8816,150.1493,2.7710,165.1777
772,77.2000,5.2276,3.0470,5.3273,0.9337,4.5910,4.5910,6.5979,6.2900,2.6480,2.6761,2.5658,3.2559,157.1924,56.4586,0.9930,0.6993,6.5979,77.3732,2.6480,157.1924,2.6480,56.4586,2.8401,169.5276,2.6761,157.6597
773,77.3000,5.1872,2.9543,5.3044,0.9539,4.5046,4.5046,6.9002,6.3803,2.5907,2.6870,2.5986,3.0978,176.5100,58.7235,0.9836,0.7896,6.9002,82.2392,2.5907,176.5100,2.5907,58.7235,2.8136,162.9096,2.6870,155.3589
774,77.4000,4.9465,2.8030,4.9700,0.9452,4.0713,4.0713,6.9879,6.1408,2.6638,2.6599,2.6843,3.1559,128.8003,71.8109,0.9855,0.7472,6.9879,89.6054,2.6638,128.8003,2.6638,71.8109,2.8524,162.7255,2.6599,138.1064
775,77.5000,4.9894,2.8947,5.1551,0.9795,4.7158,4.7158,6.9509,6.4998,2.7733,2.5193,2.5718,3.5762,140.5013,73.1112,0.9893,1.0342,6.9509,86.4854,2.7733,140.5013,2.7733,73.1112,2.8527,154.7766,2.5193,156.8562
776,77.6000,5.2000,3.1768,4.5859,0.9919,4.5112,4.5112,6.8832,6.3403,2.8215,2.6069,2.5958,3.1793,172.3232,60.3799,1.0010,0.9385,6.8832,89.1684,2.8215,172.3232,2.8215,60.3799,2.7590,162.1982,2.6069,150.6031
777,77.7000,5.1750,2.9332,5.2612,0.9386,4.4040,4.4040,6.7274,6.1566,2.7221,2.6903,2.7537,3.3202,144.5777,67.8637,1.0125,0.8335,6.7274,80.2697,2.7221,144.5777,2.7221,67.8637,2.7932,161.4466,2.6903,167.2161
778,77.8000,5.4630,3.2479,5.0713,0.9982,4.4646,4.4646,6.5941,6.1062,2.8401,2.5738,2.6766,3.2892,153.7822,57.5538,1.0212,0.8609,6.5941,77.4062,2.8401,153.7822,2.8401,57.5538,2.6516,153.7383,2.5738,162.8710
779,77.9000,4.9334,2.8203,4.9074,0.9920,3.9908,3.9908,6.5575,5.8925,2.5801,2.7699,2.6125,3.3141,144.8925,65.9352,1.0284,0.7809,6.5575,83.5734,2.5801,144.8925,2.5801,65.9352,2.8322,155.3004,2.7699,144.9736
780,78.0000,5.2892,3.1319,5.6297,0.9564,3.9627,3.9627,6.5089,5.9036,2.6976,2.8338,2.5855,3.3220,173.9566,54.8782,1.0329,0.7491,6.5089,73.1091,2.6976,173.9566,2.6976,54.8782,2.7607,135.2907,2.8338,145.2660
781,78.1000,5.1054,2.9917,5.1367,0.9642,3.5534,3.5534,6.5759,5.7090,2.6818,2.5207,2.6385,2.9095,162.6954,62.2343,1.0298,0.7989,6.5759,79.8881,2.6818,162.6954,2.6818,62.2343,2.8427,156.3120,2.5207,164.0010
782,78.2000,5.0580,2.8791,5.0330,0.9927,4.0957,4.0957,6.5547,6.0592,2.6636,2.7586,2.6053,3.3628,160.5942,67.5804,1.0357,0.9012,6.5547,81.0170,2.6636,160.5942,2.6636,67.5804,2.9856,146.3832,2.7586,162.3473
783,78.3000,5.2217,3.1033,4.8193,0.9686,4.6676,4.6676,6.4002,6.2839,2.8165,2.6425,2.6102,3.5009,168.9422,63.9955,1.0340,0.9083,6.4002,79.0864,2.8165,168.9422,2.8165,63.9955,2.8710,161.1445,2.6425,175.1782
784,78.4000,5.1270,3.0820,4.6145,0.9711,4.4730,4.4730,6.8321,6.4195,2.7126,2.6848,2.6602,3.4671,162.9803,58.9925,1.0396,1.0694,6.8321,88.9075,2.7126,162.9803,2.7126,58.9925,2.7225,170.8103,2.6848,165.1780
785,78.5000,5.1112,3.0489,4.7621,0.9973,4.7856,4.7856,6.8518,6.4496,2.6303,2.7217,2.6616,3.1225,149.5341,56.3264,1.0417,0.9985,6.8518,87.8159,2.6303,149.5341,2.6303,56.3264,2.8041,161.0911,2.7217,166.0995
786,78.6000,5.2558,3.1663,5.0666,0.9654,4.8436,4.8436,6.7428,6.4555,2.9494,2.5033,2.6106,3.1624,147.8055,68.3195,1.0378,1.0473,6.7428,81.5471,2.9494,147.8055,2.9494,68.3195,2.7733,148.1598,2.5033,143.1557
787,78.7000,4.9952,3.0409,4.5516,0.9622,4.2988,4.2988,6.5127,6.1155,2.7729,2.7818,2.7011,3.2742,154.6441,64.8822,1.0235,0.8103,6.5127,85.8965,2.7729,154.6441,2.7729,64.8822,2.8678,174.4355,2.7818,165.6576
788,78.8000,5.2471,3.2057,4.9459,1.0170,4.5024,4.5024,6.4802,6.2215,2.6665,2.7824,2.5698,3.3644,161.1089,49.8913,1.0098,0.8280,6.4802,78.8901,2.6665,161.1089,2.6665,49.8913,2.7128,161.2050,2.7824,156.7923
789,78.9000,4.7723,2.6005,5.3740,1.0042,4.6435,4.6435,6.3307,6.2645,2.5796,2.6991,2.6327,3.4948,161.3277,77.6560,1.0025,0.9211,6.3307,76.9561,2.5796,161.3277,2.5796,77.6560,2.9118,149.4057,2.6991,164.2817
790,79.0000,5.3033,3.1539,5.0983,0.9184,4.0886,4.0886,6.3889,5.9287,2.6964,2.6023,2.6597,3.2810,169.2430,52.5837,1.0049,0.8036,6.3889,75.7619,2.6964,169.2430,2.6964,52.5837,2.7719,153.4037,2.6023,157.9665
791,79.1000,5.1037,2.9926,5.0408,0.9700,4.3269,4.3269,6.4372,6.0576,2.7148,2.8103,2.7069,3.2152,170.8805,64.2017,1.0099,0.7919,6.4372,78.7708,2.7148,170.8805,2.7148,64.2017,2.8656,173.5341,2.8103,144.3234
792,79.2000,5.1541,3.0271,5.0311,1.0404,4.3126,4.3126,6.1633,6.1204,2.6313,2.5972,2.6418,3.1872,141.9978,58.1733,1.0092,0.7644,6.1633,74.4640,2.6313,141.9978,2.6313,58.1733,3.1381,167.7766,2.5972,137.7002
793,79.3000,5.4502,3.2221,4.9548,1.0421,4.2782,4.2782,6.4703,6.2621,2.7718,2.7439,2.5315,3.2084,154.2899,55.6921,1.0110,0.7934,6.4703,76.7383,2.7718,154.2899,2.7718,55.6921,2.6881,158.8607,2.7439,166.8351
794,79.4000,4.9621,2.6868,5.7609,1.0140,4.7924,4.7924,6.4597,6.3666,2.6150,2.7247,2.5503,3.0242,151.0810,75.0139,1.0204,0.8935,6.4597,73.6627,2.6150,151.0810,2.6150,75.0139,2.8716,100.3197,2.7247,172.6235
795,79.5000,4.8581,2.6947,5.4655,0.9381,4.5506,4.5506,6.6149,6.4842,2.5777,2.6707,2.5682,3.0685,142.5253,72.7751,1.0326,0.9719,6.6149,79.4580,2.5777,142.5253,2.5777,72.7751,2.8275,110.9985,2.6707,154.8030
796,79.6000,5.0462,2.8634,4.9590,0.9171,4.7364,4.7364,6.6498,6.4422,2.7103,2.6915,2.6827,3.6701,141.1702,71.1757,1.0463,0.9079,6.6498,83.3035,2.7103,141.1702,2.7103,71.1757,3.0295,127.4274,2.6915,151.2229
797,79.7000,5.0733,2.9648,4.9802,0.9867,4.8227,4.8227,6.4137,6.4977,2.8865,2.6204,2.7890,3.5228,149.0813,75.8351,1.0473,1.0287,6.4137,79.2723,2.8865,149.0813,2.8865,75.8351,3.0722,129.7200,2.6204,165.2693
798,79.8000,5.3194,3.2642,4.9324,1.0355,4.8918,4.8918,6.8783,6.7118,2.9118,2.5986,2.6252,3.3513,155.8667,61.2743,1.0277,1.0336,6.8783,84.1882,2.9118,155.8667,2.9118,61.2743,2.7276,166.9061,2.5986,160.9860
799,79.9000,5.1938,3.0102,5.2142,0.9492,4.6532,4.6532,6.9919,6.5660,2.6212,2.8568,2.5383,2.9885,154.7056,57.2492,1.0263,1.0154,6.9919,84.4097,2.6212,154.7056,2.6212,57.2492,3.0395,129.1684,2.8568,156.8064
800,80.0000,4.9292,2.7883,4.7157,0.9444,4.9869,4.9869,7.0303,6.5990,2.6602,2.7084,2.6108,3.2382,129.2822,72.4260,1.0244,0.9937,7.0303,93.5658,2.6602,129.2822,2.6602,72.4260,2.7610,144.4798,2.7084,170.5737
801,80.1000,5.0088,2.9746,4.6402,1.0192,4.7451,4.7451,6.8390,6.3726,2.7062,2.6676,2.6670,3.0987,161.6596,64.9891,1.0156,0.8830,6.8390,90.1885,2.7062,161.6596,2.7062,64.9891,2.7618,170.9762,2.6676,154.1156
802,80.2000,4.9758,2.8905,5.0590,0.9804,4.4104,4.4104,6.4437,6.2082,2.6945,2.6368,2.6073,3.3138,151.3460,68.7331,1.0189,0.8335,6.4437,79.8974,2.6945,151.3460,2.6945,68.7331,2.8112,149.0452,2.6368,150.1268
803,80.3000,4.9826,2.7081,5.1281,0.9380,4.2347,4.2347,6.3623,6.1373,2.5278,2.6427,2.6364,3.2065,150.7355,68.9649,1.0179,0.8185,6.3623,77.9776,2.5278,150.7355,2.5278,68.9649,3.0272,108.5457,2.6427,150.8444
804,80.4000,5.2296,3.0445,4.9165,0.9612,4.8203,4.8203,6.5232,6.4094,2.8081,2.7543,2.6301,3.4772,154.0932,66.7779,1.0121,0.9550,6.5232,79.9544,2.8081,154.0932,2.8081,66.7779,3.0740,124.8459,2.7543,159.1604
805,80.5000,5.3475,3.1570,5.0678,0.9963,4.8933,4.8933,6.9719,6.6083,2.8477,2.6213,2.7561,3.2116,160.7307,63.0581,1.0078,0.9372,6.9719,83.9943,2.8477,160.7307,2.8477,63.0581,3.0360,132.8172,2.6213,172.1242
806,80.6000,5.1592,3.0179,5.0585,1.0111,4.3288,4.3288,7.1613,6.3971,2.7158,2.7147,2.7168,3.0424,178.3979,63.1726,1.0021,0.8010,7.1613,88.9882,2.7158,178.3979,2.7158,63.1726,2.8586,136.3849,2.7147,168.2703
807,80.7000,5.0838,3.0066,4.7905,0.9663,4.8672,4.8672,7.0673,6.5883,2.8533,2.6020,2.5935,3.2030,156.2441,71.6205,1.0003,0.9084,7.0673,91.3574,2.8533,156.2441,2.8533,71.6205,2.8853,159.0757,2.6020,170.9170
808,80.8000,5.1319,3.0711,4.8584,0.9501,4.4692,4.4692,6.7629,6.3390,2.7773,2.7836,2.5585,3.2104,160.1620,63.3073,1.0112,0.9419,6.7629,85.1635,2.7773,160.1620,2.7773,63.3073,2.8638,142.2650,2.7836,157.8566
809,80.9000,4.8392,2.7039,4.9898,0.9553,4.5135,4.5135,6.6000,6.2742,2.5800,2.4988,2.5937,3.1917,158.6378,72.3360,1.0151,0.8189,6.6000,84.3487,2.5800,158.6378,2.5800,72.3360,3.0265,143.7303,2.4988,151.3766
810,81.0000,5.0369,2.9481,4.8517,1.0209,4.8500,4.8500,6.7183,6.4775,2.6132,2.5852,2.7675,3.0620,156.6797,61.1506,0.9967,0.8160,6.7183,85.5724,2.6132,156.6797,2.6132,61.1506,2.9163,147.4304,2.5852,151.7816
811,81.1000,5.1381,3.0308,4.6557,0.9726,4.2699,4.2699,7.1520,6.4267,2.8130,2.6824,2.6191,3.0102,167.9936,67.8883,0.9839,0.8208,7.1520,93.6861,2.8130,167.9936,2.8130,67.8883,2.8614,166.1790,2.6824,163.2297
812,81.2000,5.2432,3.0648,5.2088,0.9724,4.2855,4.2855,7.1106,6.3309,2.7165,2.6675,2.6954,3.3038,151.1116,60.2318,0.9842,0.7621,7.1106,85.7347,2.7165,151.1116,2.7165,60.2318,2.8879,132.8314,2.6675,161.3861
813,81.3000,4.8887,2.7498,5.4062,0.9260,4.6330,4.6330,6.9073,6.2931,2.6286,2.7580,2.7082,3.1511,140.6229,72.7564,0.9748,0.7891,6.9073,84.1189,2.6286,140.6229,2.6286,72.7564,3.0235,113.9831,2.7580,163.8567
814,81.4000,4.8703,2.8201,5.6202,1.0033,4.4938,4.4938,6.7134,6.2556,2.6569,2.6026,2.7086,3.3115,152.3913,70.3767,0.9747,0.8229,6.7134,79.2216,2.6569,152.3913,2.6569,70.3767,3.0039,106.4601,2.6026,163.3184
815,81.5000,4.6994,2.7400,4.9644,0.9949,4.7643,4.7643,6.8539,6.5515,2.6543,2.9013,2.8331,3.3174,147.2414,74.5561,0.9767,0.9796,6.8539,90.3015,2.6543,147.2414,2.6543,74.5561,2.7574,172.8003,2.9013,171.8091
816,81.6000,4.8102,3.0835,4.3708,0.9547,5.1110,5.1110,6.5192,6.5529,2.8309,2.4931,2.7114,3.1849,165.4635,65.8886,0.9831,0.8528,6.5192,90.3523,2.8309,165.4635,2.8309,65.8886,2.9508,166.4654,2.4931,158.0823
817,81.7000,5.0073,2.9426,4.9982,0.9535,4.5614,4.5614,6.9096,6.5530,2.7695,2.6899,2.5927,3.1728,150.1178,70.2347,0.9934,0.8921,6.9096,87.3519,2.7695,150.1178,2.7695,70.2347,2.8817,168.0579,2.6899,154.9654
818,81.8000,5.2966,3.1153,5.1265,0.9853,4.3301,4.3301,6.6791,6.1847,2.7331,2.5778,2.6709,3.2605,145.3574,58.5197,0.9956,0.7699,6.6791,79.6841,2.7331,145.3574,2.7331,58.5197,2.9742,121.8738,2.5778,146.2464
819,81.9000,5.0723,2.9077,4.9526,0.9653,4.8189,4.8189,6.9160,6.5445,2.8103,2.9228,2.6577,3.1542,144.3519,74.6215,0.9927,0.7816,6.9160,87.2336,2.8103,144.3519,2.8103,74.6215,2.9188,135.4077,2.9228,152.6259
820,82.0000,5.1737,2.9798,4.7680,0.9364,4.4392,4.4392,6.7089,6.1988,2.6826,2.6792,2.7716,3.1938,172.7797,62.7023,0.9797,0.7339,6.7089,84.7758,2.6826,172.7797,2.6826,62.7023,2.8658,159.7915,2.6792,169.0125
821,82.1000,5.2380,2.9774,5.1689,0.9670,4.3108,4.3108,6.6752,6.0720,2.6145,2.6296,2.6788,3.1357,166.3620,59.0162,0.9771,0.6820,6.6752,79.7937,2.6145,166.3620,2.6145,59.0162,2.7908,136.1407,2.6296,156.1580
822,82.2000,5.1595,3.0375,4.8849,0.9648,4.4679,4.4679,6.8740,6.2190,2.6970,2.7025,2.6675,2.7550,151.8990,60.5319,0.9817,0.7960,6.8740,86.3248,2.6970,151.8990,2.6970,60.5319,2.9794,151.9868,2.7025,165.3188
823,82.3000,5.1641,2.9801,5.1061,1.0087,4.4112,4.4112,6.5452,6.3040,2.6457,2.6666,2.6466,3.1996,170.8418,61.1735,0.9958,0.7468,6.5452,79.1801,2.6457,170.8418,2.6457,61.1735,2.7234,157.0566,2.6666,159.0656
824,82.4000,5.1362,3.0004,5.2351,0.9758,4.3659,4.3659,6.4991,6.1313,2.6898,2.5968,2.6493,3.3179,161.5720,62.3261,0.9933,0.6749,6.4991,77.5996,2.6898,161.5720,2.6898,62.3261,2.6503,162.1654,2.5968,167.5783
825,82.5000,5.3350,3.1258,5.1315,0.9081,4.5246,4.5246,6.8333,6.1721,2.7988,2.6241,2.6582,3.3221,143.9979,60.8889,0.9965,0.6986,6.8333,81.4922,2.7988,143.9979,2.7988,60.8889,2.7939,155.4231,2.6241,167.0952
826,82.6000,5.3704,3.1622,4.9206,1.0187,4.4255,4.4255,6.9441,6.1884,2.8224,2.7183,2.7733,3.2866,171.8043,61.5289,1.0022,0.7289,6.9441,84.7527,2.8224,171.8043,2.8224,61.5289,2.8566,163.6034,2.7183,169.0489
827,82.7000,5.3959,3.2136,4.8965,1.0289,4.6357,4.6357,6.7780,6.3307,2.9385,2.5640,2.8476,3.2372,165.8814,65.4201,1.0006,0.7911,6.7780,82.2236,2.9385,165.8814,2.9385,65.4201,2.6916,165.1796,2.5640,156.4072
828,82.8000,4.9124,2.7832,4.7089,0.9316,4.6419,4.6419,6.8273,6.4454,2.6343,2.7234,2.7072,3.1598,139.2260,71.1591,1.0082,0.9197,6.8273,90.3799,2.6343,139.2260,2.6343,71.1591,2.8387,168.3152,2.7234,177.9075
829,82.9000,4.9653,2.9491,4.8674,0.9630,4.5084,4.5084,6.6589,6.2236,2.8155,2.6651,2.5689,3.5073,149.7529,72.6138,1.0102,0.8469,6.6589,85.2470,2.8155,149.7529,2.8155,72.6138,2.7339,169.2975,2.6651,169.4397
830,83.0000,5.0919,2.9086,4.6435,1.0097,4.2170,4.2170,6.5588,6.0523,2.6701,2.5622,2.7473,3.4269,163.4469,66.4169,1.0120,0.7871,6.5588,84.5752,2.6701,163.4469,2.6701,66.4169,2.8018,160.5150,2.5622,150.2971
831,83.1000,4.9542,2.8047,4.9810,1.0041,4.6952,4.6952,6.7341,6.2898,2.6696,2.6630,2.6288,3.4367,153.4531,71.9262,1.0230,0.9035,6.7341,85.3444,2.6696,153.4531,2.6696,71.9262,2.8251,153.0278,2.6630,163.4590
832,83.2000,5.4985,3.3360,4.6527,0.9558,4.4498,4.4498,6.6506,6.1956,2.7922,2.7012,2.5079,3.1845,171.4628,48.2490,1.0246,0.8352,6.6506,81.4001,2.7922,171.4628,2.7922,48.2490,2.8021,142.4568,2.7012,158.9996
833,83.3000,5.0167,2.8189,5.3107,0.9641,4.3059,4.3059,6.5005,6.1159,2.5512,2.6378,2.7021,3.2527,127.9111,64.1834,1.0245,0.6526,6.5005,77.9597,2.5512,127.9111,2.5512,64.1834,2.7243,156.1370,2.6378,163.2570
834,83.4000,5.0970,3.0205,5.0310,0.9671,4.7360,4.7360,6.4785,6.2687,2.7616,2.9057,2.6189,3.0734,148.1168,65.3984,1.0182,0.7368,6.4785,79.5309,2.7616,148.1168,2.7616,65.3984,2.8878,154.7109,2.9057,161.8783
835,83.5000,4.9866,2.9001,4.8675,1.0030,4.0016,4.0016,6.2477,5.9010,2.5409,2.5926,2.6186,3.0753,176.3606,59.4163,1.0213,0.6655,6.2477,78.6837,2.5409,176.3606,2.5409,59.4163,3.0128,163.1730,2.5926,160.3320
836,83.6000,5.1506,2.9803,5.2575,0.9483,4.3903,4.3903,6.8457,6.1850,2.6665,2.6686,2.6514,3.1060,167.2270,61.7962,1.0244,0.7265,6.8457,82.2464,2.6665,167.2270,2.6665,61.7962,2.7028,140.2626,2.6686,156.1209
837,83.7000,5.2011,2.9754,5.1010,0.9696,4.9027,4.9027,7.4476,6.6218,2.8526,2.6314,2.7460,3.2959,148.8983,73.3274,1.0312,0.8353,7.4476,92.5867,2.8526,148.8983,2.8526,73.3274,3.0006,150.3144,2.6314,169.1852
838,83.8000,5.2221,3.0620,5.0847,1.0061,4.6849,4.6849,6.9211,6.4774,2.9361,2.5841,2.6224,3.6330,141.7889,73.3281,1.0393,0.7761,6.9211,84.3553,2.9361,141.7889,2.9361,73.3281,2.7756,151.3449,2.5841,161.1487
839,83.9000,4.9821,2.8109,4.8059,0.9854,4.3206,4.3206,6.4131,6.2006,2.6355,2.7039,2.5687,3.5704,159.2287,69.6492,1.0344,0.7766,6.4131,81.8473,2.6355,159.2287,2.6355,69.6492,2.8393,148.8313,2.7039,161.5454
840,84.0000,5.3436,3.1068,4.8250,0.9475,4.3867,4.3867,6.5919,6.2338,2.7395,2.6800,2.9275,3.2773,164.4659,58.8548,1.0273,0.7361,6.5919,80.6445,2.7395,164.4659,2.7395,58.8548,2.9971,132.5568,2.6800,154.2382
841,84.1000,5.1793,3.0416,5.0182,0.9609,4.5807,4.5807,6.9279,6.4775,2.8006,2.6822,2.6567,3.3218,151.6798,66.4939,1.0353,0.7786,6.9279,85.5748,2.8006,151.6798,2.8006,66.4939,2.8212,154.4454,2.6822,152.8656
842,84.2000,5.2016,3.0212,5.1602,0.9996,4.2847,4.2847,6.8051,6.2992,2.8432,2.7264,2.5712,3.3204,147.0295,70.2323,1.0482,0.7172,6.8051,82.1039,2.8432,147.0295,2.8432,70.2323,2.8425,143.7977,2.7264,161.7186
843,84.3000,5.4197,3.2008,4.7590,0.9824,4.2337,4.2337,6.8703,6.2789,2.7802,2.5388,2.6251,3.3762,154.8825,56.3923,1.0573,0.6786,6.8703,84.6383,2.7802,154.8825,2.7802,56.3923,2.8861,163.7704,2.5388,157.5862
844,84.4000,5.0605,2.8831,4.6738,0.9607,4.3098,4.3098,6.7557,6.2964,2.6003,2.8075,2.6658,3.1218,164.0371,63.4760,1.0662,0.7698,6.7557,87.8012,2.6003,164.0371,2.6003,63.4760,2.8138,174.5649,2.8075,147.3645
845,84.5000,4.8819,2.6502,5.0393,0.9490,4.3672,4.3672,6.5929,6.2866,2.5530,2.7643,2.8208,3.0598,142.2472,73.7607,1.0642,0.8262,6.5929,83.2752,2.5530,142.2472,2.5530,73.7607,2.8626,144.5865,2.7643,170.8545
846,84.6000,5.1454,2.8824,5.1427,0.9605,4.4156,4.4156,6.5154,6.2503,2.4874,2.6692,2.8126,3.1287,165.7451,56.6549,1.0627,0.8519,6.5154,78.5870,2.4874,165.7451,2.4874,56.6549,2.9090,161.4565,2.6692,175.2571
847,84.7000,4.9418,2.7917,4.9734,0.9577,4.0322,4.0322,6.4627,5.9377,2.5214,2.7122,2.7603,3.2079,157.5660,63.8890,1.0641,0.7808,6.4627,81.3534,2.5214,157.5660,2.5214,63.8890,2.7457,172.6743,2.7122,134.5805
848,84.8000,5.0146,2.8644,5.1023,0.9399,4.4732,4.4732,6.2926,5.9958,2.5815,2.6441,2.6370,3.2354,162.1982,63.2419,1.0450,0.7696,6.2926,76.9178,2.5815,162.1982,2.5815,63.2419,2.9232,150.8982,2.6441,154.5735
849,84.9000,5.1069,3.0588,4.9185,1.0349,4.5421,4.5421,6.2149,6.0927,2.8014,2.6638,2.8389,3.3581,162.0380,65.9595,1.0205,0.7701,6.2149,76.5948,2.8014,162.0380,2.8014,65.9595,2.8103,161.4594,2.6638,155.8182
850,85.0000,5.2460,3.1059,4.7472,1.0411,4.7262,4.7262,6.5164,6.2807,2.9316,2.7002,2.6515,3.1589,142.3431,70.7113,1.0033,0.7819,6.5164,81.2320,2.9316,142.3431,2.9316,70.7113,2.7715,171.6197,2.7002,176.9141
851,85.1000,5.0067,2.8675,5.2638,0.9472,4.5447,4.5447,6.4824,6.1877,2.6095,2.7357,2.6183,2.9425,176.2182,64.8289,0.9953,0.6796,6.4824,78.2292,2.6095,176.2182,2.6095,64.8289,2.8579,130.2215,2.7357,172.8484
852,85.2000,5.0912,3.1392,4.7341,0.9373,4.2561,4.2561,6.0962,6.0648,2.7345,2.6631,2.6293,3.0289,147.5973,56.4118,0.9975,0.6950,6.0962,76.6036,2.7345,147.5973,2.7345,56.4118,2.6534,172.6449,2.6631,164.4197
853,85.3000,5.3544,3.2123,4.9238,1.0040,4.6456,4.6456,5.9214,6.1894,2.8111,2.7842,2.8248,3.3348,154.6315,57.9320,0.9871,0.7344,5.9214,70.2130,2.8111,154.6315,2.8111,57.9320,2.8223,155.0882,2.7842,172.2151
854,85.4000,5.1910,3.1377,4.8476,0.9809,4.8405,4.8405,6.4872,6.5676,2.9057,2.6955,2.8102,3.4809,159.8091,67.4094,0.9949,0.8464,6.4872,80.4358,2.9057,159.8091,2.9057,67.4094,2.9595,140.0683,2.6955,155.2103
855,85.5000,5.2194,3.0320,4.9992,0.9412,4.6663,4.6663,7.2208,6.6916,2.8295,2.4004,2.6386,3.1487,138.5309,68.7051,1.0109,0.9318,7.2208,89.8957,2.8295,138.5309,2.8295,68.7051,3.0908,140.6994,2.4004,164.1290
856,85.6000,5.2516,3.1749,4.7342,1.0132,4.6653,4.6653,7.0815,6.5851,2.7158,2.6773,2.8200,3.3183,173.3107,54.5539,1.0228,0.8862,7.0815,90.1792,2.7158,173.3107,2.7158,54.5539,2.8350,167.7004,2.6773,163.9220
857,85.7000,4.8323,2.7913,4.3196,0.9709,4.7580,4.7580,6.6976,6.4630,2.7298,2.7107,2.7954,3.0532,156.1622,76.3154,1.0226,0.8920,6.6976,93.9119,2.7298,156.1622,2.7298,76.3154,3.0708,167.4430,2.7107,164.8546
858,85.8000,5.2896,3.1293,5.0525,1.0321,5.0341,5.0341,6.7493,6.6159,2.7162,2.6974,2.6362,3.2692,170.7274,57.4004,1.0303,1.0344,6.7493,81.4417,2.7162,170.7274,2.7162,57.4004,2.7238,150.9519,2.6974,171.4835
859,85.9000,4.8668,2.7866,4.9481,0.9568,4.6871,4.6871,7.1201,6.6636,2.5932,2.9151,2.5770,3.2144,143.2429,68.4821,1.0325,0.9961,7.1201,93.0072,2.5932,143.2429,2.5932,68.4821,3.1422,167.8286,2.9151,165.6460
860,86.0000,5.0463,2.9018,4.5944,0.9400,4.8781,4.8781,6.7041,6.3843,2.7050,2.6590,2.5029,2.9357,165.1758,68.6380,1.0361,0.9380,6.7041,87.9866,2.7050,165.1758,2.7050,68.6380,2.9233,121.2555,2.6590,170.2476
861,86.1000,4.9995,2.9288,4.9746,0.9820,4.9685,4.9685,6.8817,6.6585,2.6152,2.8224,2.5778,3.3145,143.5001,61.9751,1.0323,0.9659,6.8817,87.2534,2.6152,143.5001,2.6152,61.9751,2.8394,126.6870,2.8224,155.4178
862,86.2000,5.2251,2.9595,5.3608,1.0071,4.4800,4.4800,6.8924,6.5846,2.8086,2.6827,2.7557,3.2362,150.8335,71.5700,1.0276,0.9525,6.8924,81.2370,2.8086,150.8335,2.8086,71.5700,2.8883,117.5827,2.6827,172.8695
863,86.3000,5.2695,3.0922,5.1450,0.9680,4.5678,4.5678,6.8772,6.4682,2.8031,2.5685,2.8075,3.2831,166.4101,63.8226,1.0231,0.8577,6.8772,82.6440,2.8031,166.4101,2.8031,63.8226,2.9624,140.7819,2.5685,173.6809
864,86.4000,5.4675,3.3755,4.7007,0.9684,4.7417,4.7417,6.6949,6.5102,2.7510,2.5152,2.7044,3.0010,147.2192,43.2208,1.0302,0.9634,6.6949,81.9846,2.7510,147.2192,2.7510,43.2208,2.8559,146.4203,2.5152,144.0749
865,86.5000,4.9902,2.7526,5.1129,0.9722,4.4946,4.4946,6.7906,6.4238,2.6239,2.7408,2.6687,3.0670,158.6121,72.1886,1.0297,0.8976,6.7906,84.4539,2.6239,158.6121,2.6239,72.1886,2.7877,138.8859,2.7408,153.6143
866,86.6000,5.3508,3.1669,5.1913,1.0123,4.4796,4.4796,6.7984,6.3231,2.7839,2.6150,2.5581,2.9978,178.7083,58.9816,1.0281,0.8450,6.7984,80.2983,2.7839,178.7083,2.7839,58.9816,2.8077,130.5276,2.6150,146.5039
867,86.7000,5.1201,3.0898,4.9842,0.9804,4.5948,4.5948,6.7118,6.4334,2.7886,2.7925,2.5538,3.1716,165.9200,63.1971,1.0422,0.8334,6.7118,83.2384,2.7886,165.9200,2.7886,63.1971,2.7518,162.4924,2.7925,158.4658
868,86.8000,5.3452,3.1168,4.6826,0.9661,4.2059,4.2059,7.0617,6.3930,2.7892,2.6145,2.5922,3.0790,172.9215,61.5568,1.0518,0.8782,7.0617,89.2793,2.7892,172.9215,2.7892,61.5568,3.0602,149.0646,2.6145,147.3309
869,86.9000,5.3328,3.1114,5.1425,0.9597,4.2434,4.2434,7.2127,6.3566,2.8231,2.6153,2.6223,3.1731,167.2779,63.8540,1.0382,0.8978,7.2127,87.0097,2.8231,167.2779,2.8231,63.8540,2.9348,133.8427,2.6153,159.6905
870,87.0000,5.1718,3.1493,5.0335,0.9851,4.7120,4.7120,7.3615,6.5171,2.7693,2.7993,2.5207,2.9915,167.1335,58.7437,1.0374,0.8903,7.3615,92.3205,2.7693,167.1335,2.7693,58.7437,2.8291,162.2715,2.7993,154.3670
871,87.1000,5.2067,2.9582,5.1166,1.0050,4.6157,4.6157,7.1281,6.5245,2.6327,2.6511,2.6591,2.9520,158.7076,61.5792,1.0330,0.8074,7.1281,87.3336,2.6327,158.7076,2.6327,61.5792,2.7870,138.2582,2.6511,167.7618
872,87.2000,4.9821,2.8953,5.2631,0.9806,4.7229,4.7229,6.5403,6.4402,2.5433,2.5538,2.5658,3.2331,164.1759,59.5684,1.0126,0.8311,6.5403,79.2889,2.5433,164.1759,2.5433,59.5684,2.9474,136.5933,2.5538,165.5752
873,87.3000,4.8547,2.8645,4.6174,0.9333,4.7937,4.7937,6.5434,6.4374,2.6329,2.8044,2.6695,3.1755,153.1800,66.3615,0.9978,0.9014,6.5434,87.3496,2.6329,153.1800,2.6329,66.3615,2.9667,148.7487,2.8044,168.1575
874,87.4000,5.1899,3.0004,5.0396,0.9728,4.8156,4.8156,7.0374,6.7001,2.7497,2.6489,2.6718,3.3359,156.3937,65.8576,0.9852,1.0378,7.0374,86.9238,2.7497,156.3937,2.7497,65.8576,3.3733,132.8552,2.6489,165.8785
875,87.5000,5.2102,2.9969,4.8681,1.0063,5.1274,5.1274,7.0546,6.7123,2.8607,2.6829,2.6143,3.2304,169.0608,72.5328,0.9857,1.0723,7.0546,88.7837,2.8607,169.0608,2.8607,72.5328,3.0754,133.3157,2.6829,163.2896
876,87.6000,5.2628,3.1385,4.7320,0.9429,5.0330,5.0330,6.9466,6.7947,2.9209,2.6147,2.5557,3.5079,159.5419,68.0975,0.9865,1.0960,6.9466,87.8894,2.9209,159.5419,2.9209,68.0975,2.8319,159.9472,2.6147,156.2040
877,87.7000,5.2851,3.1960,5.4256,0.9665,4.7854,4.7854,6.7699,6.5688,2.7999,2.5558,2.6502,3.4869,163.4948,57.6091,0.9872,1.0527,6.7699,78.3948,2.7999,163.4948,2.7999,57.6091,2.6861,137.5714,2.5558,167.1606
878,87.8000,4.9793,3.1104,4.6093,0.9845,5.0263,5.0263,6.5242,6.5110,2.7442,2.7337,2.7395,2.9483,164.4305,59.4470,0.9833,0.9780,6.5242,85.6605,2.7442,164.4305,2.7442,59.4470,3.2130,170.4241,2.7337,157.7474
879,87.9000,4.7607,2.8860,4.5788,0.9873,4.5115,4.5115,6.5120,6.2951,2.7771,2.7283,2.6874,3.1167,148.2173,73.7850,0.9719,1.0040,6.5120,88.3922,2.7771,148.2173,2.7771,73.7850,2.7377,151.0011,2.7283,166.8684
880,88.0000,5.3120,3.1704,4.9178,0.9385,4.9930,4.9930,6.7976,6.5900,2.8997,2.6235,2.6594,3.2522,134.8099,64.9031,0.9661,0.9952,6.7976,83.1911,2.8997,134.8099,2.8997,64.9031,2.8767,144.7101,2.6235,169.5736
881,88.1000,5.4149,3.2151,5.3200,1.0169,4.6346,4.6346,6.7334,6.2786,2.9274,2.8520,2.6889,3.3639,140.2205,64.6371,0.9720,0.7698,6.7334,77.6887,2.9274,140.2205,2.9274,64.6371,2.8227,96.1212,2.8520,172.6355
882,88.2000,5.0210,2.8270,4.9030,0.9596,4.6026,4.6026,6.8057,6.4962,2.6812,2.6617,2.6005,3.1731,151.6573,71.4738,0.9714,0.8163,6.8057,86.5867,2.6812,151.6573,2.6812,71.4738,3.5042,134.6514,2.6617,160.6767
883,88.3000,5.0231,2.8886,5.1250,0.9699,4.7934,4.7934,6.6491,6.6342,2.7424,2.6126,2.5754,3.1246,151.0192,71.6541,0.9776,0.8294,6.6491,81.8648,2.7424,151.0192,2.7424,71.6541,2.6600,121.2269,2.6126,169.2743
884,88.4000,4.7386,2.7591,4.8860,0.9996,4.4839,4.4839,5.8987,6.1066,2.6596,2.6537,2.6090,3.2691,152.2836,73.8045,0.9809,0.6031,5.8987,75.5783,2.6596,152.2836,2.6596,73.8045,3.0716,138.9451,2.6537,160.3752
885,88.5000,4.9941,2.9224,4.6503,0.9757,4.5502,4.5502,6.0563,6.2202,2.6281,2.9312,2.5733,3.2988,153.1961,63.0395,0.9804,0.8236,6.0563,77.7098,2.6281,153.1961,2.6281,63.0395,2.9319,168.4135,2.9312,158.4177
886,88.6000,5.2663,3.1291,4.8182,0.9877,4.7948,4.7948,6.5977,6.4506,2.7083,2.6169,2.5455,3.1359,178.5040,56.2747,0.9854,0.8134,6.5977,81.5934,2.7083,178.5040,2.7083,56.2747,2.6895,148.0130,2.6169,167.2503
887,88.7000,5.0374,2.8213,5.2884,0.9591,4.3307,4.3307,7.1604,6.4298,2.6616,2.7391,2.5905,3.0799,147.3054,70.6274,0.9895,0.8463,7.1604,87.7721,2.6616,147.3054,2.6616,70.6274,2.9315,135.4477,2.7391,167.4640
888,88.8000,4.9635,2.7880,4.9283,0.9451,4.7901,4.7901,6.8659,6.4357,2.6072,2.5761,2.5610,3.0849,135.3375,69.2331,0.9916,0.9196,6.8659,87.9106,2.6072,135.3375,2.6072,69.2331,3.2046,140.5556,2.5761,152.0663
889,88.9000,4.9908,3.0697,4.7974,1.0154,4.9876,4.9876,6.7081,6.4834,2.5970,2.7562,2.6331,3.1840,155.1413,53.4780,0.9872,0.9249,6.7081,86.4995,2.5970,155.1413,2.5970,53.4780,2.6557,169.7177,2.7562,150.0031
890,89.0000,5.1889,3.0302,4.7098,0.9507,4.6988,4.6988,6.8183,6.6531,2.7494,2.6481,2.6890,3.0787,164.5362,63.9891,0.9874,0.9607,6.8183,86.9290,2.7494,164.5362,2.7494,63.9891,2.8726,157.9272,2.6481,167.4041
891,89.1000,5.0111,2.8879,5.2626,0.9588,4.7405,4.7405,6.4066,6.2312,2.6440,2.7093,2.6348,3.0382,167.0437,65.8148,0.9943,0.8384,6.4066,77.1145,2.6440,167.0437,2.6440,65.8148,2.8702,146.1002,2.7093,171.2422
892,89.2000,5.3956,3.1886,4.8611,0.9883,4.7904,4.7904,6.5510,6.3723,2.8336,2.7786,2.5876,3.1888,151.2940,60.3833,0.9916,0.7738,6.5510,79.2028,2.8336,151.2940,2.8336,60.3833,2.7901,154.9286,2.7786,160.7564
893,89.3000,5.3624,3.2159,4.8084,0.9850,4.7700,4.7700,6.2831,6.3885,2.9286,2.5991,2.5830,3.8020,154.4463,64.4163,0.9909,0.7610,6.2831,76.0882,2.9286,154.4463,2.9286,64.4163,2.8168,168.4628,2.5991,170.3956
894,89.4000,4.8312,2.8969,5.0854,0.9628,4.5310,4.5310,6.1872,6.2937,2.6755,2.8278,2.6605,3.5623,155.1760,67.2136,0.9983,0.7077,6.1872,77.1596,2.6755,155.1760,2.6755,67.2136,2.8926,140.6793,2.8278,169.1895
895,89.5000,5.0630,3.0842,4.9004,0.9846,4.7159,4.7159,6.1081,6.2415,2.7851,2.6061,2.6002,3.3612,172.2132,63.3391,1.0048,0.6611,6.1081,75.6017,2.7851,172.2132,2.7851,63.3391,2.8572,136.8476,2.6061,167.2552
896,89.6000,4.8882,2.8667,4.9005,0.9842,4.6172,4.6172,6.4542,6.4171,2.7045,2.6044,2.6524,2.9128,160.8142,70.6212,1.0037,0.7806,6.4542,82.5004,2.7045,160.8142,2.7045,70.6212,2.9924,145.8646,2.6044,163.6284
897,89.7000,5.1888,3.2174,4.5915,0.9790,4.8901,4.8901,6.5692,6.5248,2.7251,2.7127,2.8588,3.1199,156.7695,51.9381,0.9953,0.8730,6.5692,84.1563,2.7251,156.7695,2.7251,51.9381,2.7610,146.1068,2.7127,172.1893
898,89.8000,5.0494,2.9222,5.0383,0.9717,4.7596,4.7596,6.6928,6.4133,2.8996,2.6551,2.6890,3.0640,147.0042,79.0808,0.9951,0.9269,6.6928,83.1286,2.8996,147.0042,2.8996,79.0808,2.8723,132.1039,2.6551,160.1367
899,89.9000,5.1391,2.8955,5.0222,0.9945,4.3595,4.3595,6.4601,6.0661,2.5425,2.6150,2.6944,3.3505,174.3011,59.6655,0.9986,0.7888,6.4601,78.9430,2.5425,174.3011,2.5425,59.6655,2.8803,127.4264,2.6150,162.7665
900,90.0000,4.6325,2.6090,5.1076,0.9714,4.2126,4.2126,6.1698,5.8878,2.5261,2.9728,2.4826,3.3357,133.9756,74.3270,1.0033,0.6816,6.1698,78.4431,2.5261,133.9756,2.5261,74.3270,2.8864,155.6609,2.9728,171.7268
901,90.1000,5.1303,3.0391,5.1630,0.9869,4.0702,4.0702,6.2702,5.8402,2.8495,2.7144,2.6069,3.3000,144.8817,69.6074,1.0049,0.5980,6.2702,75.0567,2.8495,144.8817,2.8495,69.6074,2.6909,152.5272,2.7144,170.3172
902,90.2000,5.2109,3.0147,4.9327,0.9593,4.5073,4.5073,6.5528,6.2080,2.7748,2.6573,2.6004,3.2416,167.7794,66.4707,1.0037,0.6842,6.5528,80.4316,2.7748,167.7794,2.7748,66.4707,2.9920,141.0454,2.6573,157.9225
903,90.3000,5.0608,2.9197,4.8413,0.9567,4.4060,4.4060,6.5824,6.1526,2.7298,2.5694,2.7155,3.1066,150.5590,69.1505,1.0058,0.7428,6.5824,83.2948,2.7298,150.5590,2.7298,69.1505,2.8574,141.1370,2.5694,165.9620
904,90.4000,5.1061,3.0273,5.3339,0.9444,4.5332,4.5332,6.4035,6.3103,2.7402,3.1012,2.6240,3.2799,163.8442,63.5386,1.0071,0.7165,6.4035,75.6307,2.7402,163.8442,2.7402,63.5386,2.8965,127.1019,3.1012,162.7555
905,90.5000,5.0913,2.9451,5.2040,1.0038,4.3478,4.3478,6.3417,6.1575,2.6712,2.6336,2.6892,3.3098,159.5372,64.4899,1.0035,0.7064,6.3417,76.0382,2.6712,159.5372,2.6712,64.4899,2.8878,133.0823,2.6336,147.1828
906,90.6000,5.1030,2.9053,4.9073,1.0155,4.4587,4.4587,6.4778,6.1229,2.7107,2.6889,2.6130,3.6959,157.7836,68.9012,0.9940,0.6561,6.4778,80.6227,2.7107,157.7836,2.7107,68.9012,2.8121,163.7112,2.6889,160.1959
907,90.7000,5.1348,2.9775,5.0432,0.9548,4.4473,4.4473,6.9383,6.3736,2.7197,2.7867,2.6483,3.2886,153.3682,65.2556,0.9877,0.7524,6.9383,85.9464,2.7197,153.3682,2.7197,65.2556,3.0044,142.0485,2.7867,158.9934
908,90.8000,5.3904,3.1724,4.8513,0.9509,4.1993,4.1993,6.8240,6.2593,2.6870,2.5877,2.7036,3.1774,177.3272,51.5860,0.9858,0.6933,6.8240,83.3848,2.6870,177.3272,2.6870,51.5860,2.8207,155.4726,2.5877,167.9265
909,90.9000,5.2186,3.1528,4.9407,0.9729,4.7204,4.7204,6.5227,6.3202,2.6485,2.7391,2.5997,3.3391,161.6502,50.8584,0.9985,0.7229,6.5227,79.8366,2.6485,161.6502,2.6485,50.8584,2.9326,131.7360,2.7391,177.3649
910,91.0000,5.0373,2.9859,4.9770,0.9968,4.5896,4.5896,6.4702,6.3037,2.7551,2.8081,2.5967,3.0844,151.5540,67.0725,1.0129,0.7154,6.4702,80.4933,2.7551,151.5540,2.7551,67.0725,2.9816,136.1832,2.8081,162.0947
911,91.1000,5.3001,3.1464,4.8712,0.9607,4.1916,4.1916,6.7257,6.2914,2.7513,2.7379,2.6607,3.1854,161.6257,57.4399,1.0294,0.7997,6.7257,82.6738,2.7513,161.6257,2.7513,57.4399,2.7174,145.7039,2.7379,153.3083
912,91.2000,5.2235,3.0409,5.0295,0.9666,4.6738,4.6738,6.8023,6.5217,2.8581,2.6381,2.6842,3.2983,145.7490,69.9780,1.0386,0.8803,6.8023,83.1038,2.8581,145.7490,2.8581,69.9780,2.6650,159.5154,2.6381,154.4061
913,91.3000,5.1158,2.9317,5.4098,1.0040,4.7105,4.7105,6.7287,6.4401,2.6267,2.5969,2.5828,3.0487,137.8370,62.6665,1.0380,0.8980,6.7287,79.4211,2.6267,137.8370,2.6267,62.6665,3.0225,140.3689,2.5969,151.6806
914,91.4000,4.9649,2.9838,4.5987,0.9790,4.2368,4.2368,6.2892,6.0729,2.6719,2.7429,2.6788,3.2289,161.0934,62.2234,1.0403,0.6742,6.2892,82.1404,2.6719,161.0934,2.6719,62.2234,2.8152,174.6489,2.7429,155.0774
915,91.5000,5.2207,3.0477,4.8914,0.9630,4.5080,4.5080,6.5368,6.3885,2.6749,2.6626,2.6507,3.3767,149.8811,58.5744,1.0344,0.7709,6.5368,80.4752,2.6749,149.8811,2.6749,58.5744,2.9894,149.0760,2.6626,170.7889
916,91.6000,5.5014,3.3554,4.8860,0.9694,4.7187,4.7187,6.4810,6.3231,3.0850,2.6598,2.6836,3.4497,152.0199,65.6621,1.0267,0.6660,6.4810,76.9540,3.0850,152.0199,3.0850,65.6621,2.8083,160.3634,2.6598,169.5099
917,91.7000,5.1183,2.9223,4.8753,0.9918,4.0783,4.0783,6.5062,6.0786,2.7280,2.6819,2.6416,3.4623,140.6962,68.9524,1.0262,0.6254,6.5062,81.1999,2.7280,140.6962,2.7280,68.9524,2.6514,160.2564,2.6819,169.5273
918,91.8000,4.9582,2.7262,4.8724,1.0035,3.8708,3.8708,6.5702,5.9075,2.5716,2.6547,2.7327,3.2701,158.2511,70.5074,1.0317,0.5142,6.5702,83.8741,2.5716,158.2511,2.5716,70.5074,2.7655,139.2065,2.6547,173.2005
919,91.9000,5.2723,3.0606,5.0045,0.9693,4.0349,4.0349,6.7548,5.9877,2.6151,2.7667,2.6706,3.2246,171.4901,54.2341,1.0366,0.5944,6.7548,82.1406,2.6151,171.4901,2.6151,54.2341,2.7645,148.4228,2.7667,161.2780
920,92.0000,5.2083,2.9695,5.0986,0.9569,4.5160,4.5160,6.8380,6.3638,2.6790,2.7021,2.5543,3.4411,152.3196,63.2614,1.0390,0.7740,6.8380,83.1185,2.6790,152.3196,2.6790,63.2614,2.8515,142.3587,2.7021,164.9339
921,92.1000,5.2838,3.1471,4.9105,0.9720,4.6938,4.6938,6.7569,6.3704,2.8285,2.7751,2.7669,3.3547,167.4968,62.2545,1.0418,0.6771,6.7569,82.9423,2.8285,167.4968,2.8285,62.2545,2.8456,162.6766,2.7751,155.5713
922,92.2000,5.0696,2.9828,4.4532,0.9923,4.2102,4.2102,6.9591,6.2437,2.8465,2.6137,2.6821,3.0216,149.4824,72.5092,1.0553,0.6752,6.9591,93.6790,2.8465,149.4824,2.8465,72.5092,3.0561,174.2837,2.6137,156.2163
923,92.3000,5.1788,2.9557,5.1922,0.9688,4.5288,4.5288,6.6378,6.2458,2.8364,2.5931,2.7137,3.0301,160.9473,73.4737,1.0551,0.5835,6.6378,79.5896,2.8364,160.9473,2.8364,73.4737,2.8121,142.5736,2.5931,156.9313
924,92.4000,4.9447,2.8428,5.1844,0.9745,4.3921,4.3921,6.4873,6.1845,2.7147,2.6005,2.5044,3.2441,149.5251,72.5499,1.0478,0.6318,6.4873,79.6132,2.7147,149.5251,2.7147,72.5499,2.9458,140.3084,2.6005,145.3038
925,92.5000,4.8420,2.8059,5.1034,0.9715,4.0499,4.0499,6.1933,5.8933,2.5238,2.6840,2.5831,3.2360,155.1176,63.3272,1.0433,0.5801,6.1933,76.9822,2.5238,155.1176,2.5238,63.3272,2.6479,156.4981,2.6840,154.8250
926,92.6000,5.3507,3.1846,5.5820,0.9927,4.0249,4.0249,6.4160,5.9905,2.6895,2.6269,2.5663,3.3016,171.8416,51.9873,1.0451,0.5860,6.4160,71.8346,2.6895,171.8416,2.6895,51.9873,2.7275,111.6246,2.6269,170.8936
927,92.7000,4.8873,2.6683,4.7069,0.9262,4.0318,4.0318,6.4943,5.8889,2.7249,2.5483,2.5476,3.1439,140.6104,83.5806,1.0432,0.5404,6.4943,85.1818,2.7249,140.6104,2.7249,83.5806,2.9310,157.9705,2.5483,166.5568
928,92.8000,5.3512,3.1610,5.2772,0.9695,4.3976,4.3976,6.4703,6.0985,2.8116,2.7853,2.6342,3.2794,149.4672,60.4059,1.0466,0.7078,6.4703,74.9978,2.8116,149.4672,2.8116,60.4059,2.8942,108.2423,2.7853,161.9755
929,92.9000,4.8615,2.7139,5.0204,0.9878,4.0687,4.0687,6.4995,5.9160,2.7104,2.6743,2.6800,3.2176,157.8418,79.3050,1.0406,0.5202,6.4995,82.2355,2.7104,157.8418,2.7104,79.3050,2.8433,140.2775,2.6743,158.3040
930,93.0000,4.8539,2.7577,5.3051,1.0062,3.8875,3.8875,6.2575,5.7297,2.4719,2.8150,2.6713,3.0065,163.4550,63.1426,1.0400,0.6357,6.2575,75.8973,2.4719,163.4550,2.4719,63.1426,2.6980,130.9392,2.8150,159.8391
931,93.1000,4.5037,2.4813,5.0685,0.9570,4.6227,4.6227,6.3217,6.1495,2.5442,2.7667,2.6535,2.8597,137.9722,82.7461,1.0354,0.6740,6.3217,82.4362,2.5442,137.9722,2.5442,82.7461,3.0404,136.4591,2.7667,162.9807
932,93.2000,4.8691,2.6763,5.1163,0.9748,4.3892,4.3892,7.0402,6.3160,2.6903,2.6732,2.6245,3.2959,136.6829,80.3432,1.0202,0.6753,7.0402,89.6306,2.6903,136.6829,2.6903,80.3432,2.8908,131.1262,2.6732,146.8608
933,93.3000,5.4172,3.2339,4.5576,0.9707,4.6300,4.6300,7.1767,6.5937,2.8493,2.6001,2.5111,3.2274,164.8646,58.4827,1.0109,0.7498,7.1767,91.6106,2.8493,164.8646,2.8493,58.4827,2.9415,145.8775,2.6001,152.1711
934,93.4000,5.1267,3.0289,5.3796,0.9835,4.4193,4.4193,6.5915,6.3105,2.7394,2.6858,2.6909,3.2812,172.6847,63.7288,1.0085,0.7558,6.5915,77.6741,2.7394,172.6847,2.7394,63.7288,2.7676,144.7791,2.6858,153.2505
935,93.5000,4.6580,2.6097,4.8481,0.9478,4.4101,4.4101,6.3367,6.1252,2.4816,2.6464,2.7048,3.0636,145.4319,71.7299,1.0129,0.8409,6.3367,83.5836,2.4816,145.4319,2.4816,71.7299,2.8868,166.2780,2.6464,155.3081
936,93.6000,4.9381,2.8502,5.5749,0.9850,4.5211,4.5211,6.2621,6.1639,2.5735,2.7551,2.6215,2.9952,163.8648,63.8900,1.0190,0.9214,6.2621,72.8337,2.5735,163.8648,2.5735,63.8900,2.7425,133.9097,2.7551,165.3452
937,93.7000,5.1980,3.2114,5.0148,0.9999,4.8031,4.8031,6.6556,6.3400,2.8477,2.5756,2.6399,3.2093,160.2317,60.0835,1.0300,0.8676,6.6556,81.3171,2.8477,160.2317,2.8477,60.0835,2.6981,165.5317,2.5756,159.3772
938,93.8000,5.3264,3.1133,4.7048,0.9429,4.9164,4.9164,7.1755,6.7714,2.8266,2.7683,2.7474,3.3191,151.9037,63.7962,1.0416,1.0072,7.1755,91.1235,2.8266,151.9037,2.8266,63.7962,2.9495,155.7199,2.7683,175.1413
939,93.9000,5.0568,2.8693,4.9615,0.9663,4.4245,4.4245,7.1924,6.4709,2.6563,2.6840,2.6870,3.1730,141.1910,67.6229,1.0433,0.8640,7.1924,91.7619,2.6563,141.1910,2.6563,67.6229,3.2597,167.6655,2.6840,168.1988
940,94.0000,5.2551,3.0576,4.8870,1.0158,4.0224,4.0224,6.8597,6.2017,2.6110,2.7619,2.7281,3.0797,161.5269,54.9951,1.0465,0.8385,6.8597,85.0383,2.6110,161.5269,2.6110,54.9951,2.8160,163.8792,2.7619,162.3481
941,94.1000,5.3294,3.0219,5.7383,0.9557,4.4257,4.4257,6.5929,6.3806,2.7240,2.6106,2.5772,3.2344,157.2886,62.9714,1.0446,0.8080,6.5929,73.0185,2.7240,157.2886,2.7240,62.9714,2.9153,149.4521,2.6106,171.4058
942,94.2000,5.0559,2.8304,5.3482,0.9430,3.9693,3.9693,6.4280,6.0419,2.6716,2.6018,2.5892,2.9395,156.5258,70.7114,1.0373,0.6627,6.4280,76.2582,2.6716,156.5258,2.6716,70.7114,2.7199,174.3358,2.6018,150.9802
943,94.3000,4.7760,2.7537,4.9704,0.9785,4.1584,4.1584,6.0372,5.8715,2.5430,2.5435,2.7096,3.0667,145.8537,67.3722,1.0332,0.6023,6.0372,76.5199,2.5430,145.8537,2.5430,67.3722,2.8710,162.5534,2.5435,172.5936
944,94.4000,4.9414,2.8550,5.3698,1.0008,4.7201,4.7201,6.7980,6.4270,2.7100,2.5533,2.5139,3.0617,160.3811,71.5498,1.0357,0.7934,6.7980,82.3779,2.7100,160.3811,2.7100,71.5498,2.9166,135.1769,2.5533,148.2521
945,94.5000,5.2602,2.9406,5.4315,1.0144,4.4338,4.4338,6.8556,6.2757,2.7543,2.6791,2.6152,3.0421,145.2498,69.4938,1.0268,0.7064,6.8556,79.7464,2.7543,145.2498,2.7543,69.4938,2.7950,127.0287,2.6791,165.8705
946,94.6000,5.1489,3.1702,5.0866,0.9711,4.0462,4.0462,6.6092,6.0035,2.7383,2.7619,2.4820,3.2523,155.9050,55.4111,1.0191,0.6116,6.6092,80.4349,2.7383,155.9050,2.7383,55.4111,3.0152,151.9118,2.7619,158.1036
947,94.7000,4.8736,2.6930,4.8266,0.9320,3.8724,3.8724,6.3217,5.6845,2.5693,2.8632,2.6895,3.2065,154.9030,72.3825,1.0091,0.4844,6.3217,81.3385,2.5693,154.9030,2.5693,72.3825,2.8338,142.8962,2.8632,163.5333
948,94.8000,4.6103,2.3492,4.8795,0.9839,4.2173,4.2173,6.2686,5.9701,2.4880,2.4533,2.5525,3.7530,125.5351,86.3207,0.9963,0.6309,6.2686,82.6334,2.4880,125.5351,2.4880,86.3207,3.2309,109.7020,2.4533,163.9595
949,94.9000,4.9217,2.8722,4.6589,0.9673,4.1712,4.1712,6.6622,6.1947,2.7131,2.7454,2.5376,3.4097,144.7315,70.8319,0.9976,0.7571,6.6622,88.0723,2.7131,144.7315,2.7131,70.8319,2.8584,163.5012,2.7454,169.3195
950,95.0000,5.0771,2.8525,4.9387,0.9787,4.3502,4.3502,6.7012,6.4004,2.6213,2.6494,2.6955,3.0345,161.1854,66.5377,1.0045,0.8728,6.7012,83.9771,2.6213,161.1854,2.6213,66.5377,2.9412,138.0304,2.6494,171.2596
951,95.1000,5.1543,3.0842,4.5936,0.9802,4.8616,4.8616,6.9703,6.6443,2.8112,2.6295,2.5275,3.1521,164.7014,64.8427,1.0099,0.9685,6.9703,91.1100,2.8112,164.7014,2.8112,64.8427,2.6998,159.1014,2.6295,165.3079
952,95.2000,5.3043,3.1011,5.0022,0.9456,4.7909,4.7909,6.7950,6.5356,2.8637,2.6691,2.6244,2.9159,150.1376,66.8015,1.0113,0.9373,6.7950,82.4351,2.8637,150.1376,2.8637,66.8015,3.1206,127.6187,2.6691,161.1064
953,95.3000,4.8849,2.8636,4.9363,1.0070,4.8656,4.8656,6.5208,6.5498,2.7885,2.6852,2.8925,3.3481,135.3278,75.5569,1.0121,0.9656,6.5208,83.2025,2.7885,135.3278,2.7885,75.5569,2.8157,152.8701,2.6852,165.2395
954,95.4000,4.8026,2.6402,5.2680,0.9831,4.5197,4.5197,6.7775,6.4001,2.5714,2.8764,2.5515,3.1611,147.1756,75.2167,1.0059,0.9273,6.7775,84.4631,2.5714,147.1756,2.5714,75.2167,2.8799,127.8563,2.8764,134.6823
955,95.5000,5.1299,2.8946,5.2831,0.9662,4.4659,4.4659,7.0191,6.4771,2.6101,2.4970,2.5925,3.0451,173.8867,63.4588,1.0060,1.0585,7.0191,84.7506,2.6101,173.8867,2.6101,63.4588,3.0365,134.3970,2.4970,171.9734
956,95.6000,5.1633,2.9500,4.8123,0.9545,4.4499,4.4499,6.8751,6.5368,2.6537,2.7514,2.6953,3.3770,169.7759,62.8351,1.0025,1.0902,6.8751,87.0575,2.6537,169.7759,2.6537,62.8351,2.7926,164.5379,2.7514,159.4023
957,95.7000,5.0836,2.8756,5.0881,0.9525,4.4713,4.4713,6.5138,6.2724,3.0226,2.7183,2.5660,3.2975,149.2503,89.5797,1.0076,0.8042,6.5138,79.6419,3.0226,149.2503,3.0226,89.5797,3.2656,113.0226,2.7183,158.8627
958,95.8000,5.1256,2.9900,4.8879,1.0020,4.2041,4.2041,6.3161,6.0916,2.7983,2.6260,2.7499,3.1190,143.9465,69.3441,1.0124,0.8954,6.3161,78.1721,2.7983,143.9465,2.7983,69.3441,2.8518,145.4444,2.6260,165.2830
959,95.9000,5.0866,2.9555,4.8187,0.9666,4.5188,4.5188,6.7140,6.3121,2.6245,2.7900,2.6464,3.1050,154.5116,60.8751,1.0131,0.9725,6.7140,85.3018,2.6245,154.5116,2.6245,60.8751,2.8441,167.5481,2.7900,161.3689
960,96.0000,5.2314,3.0040,5.0435,0.9473,4.5716,4.5716,6.9453,6.4021,2.5532,2.7262,2.6586,3.0828,169.9828,53.2836,1.0108,0.9497,6.9453,85.0347,2.5532,169.9828,2.5532,53.2836,2.9290,130.6163,2.7262,176.0890
961,96.1000,5.0823,2.8573,5.0993,1.0106,4.6951,4.6951,7.0154,6.4661,2.6446,2.6498,2.5681,3.0414,163.3969,67.6997,1.0076,1.0664,7.0154,87.1065,2.6446,163.3969,2.6446,67.6997,2.7873,138.4263,2.6498,150.8539
962,96.2000,5.2679,3.0541,5.2248,0.9777,4.4896,4.4896,6.9335,6.3429,2.6499,2.5521,2.5948,3.1188,150.2756,56.8981,1.0042,0.9779,6.9335,82.7199,2.6499,150.2756,2.6499,56.8981,3.0366,125.3147,2.5521,151.7214
963,96.3000,5.2226,2.9363,5.1463,0.9518,4.1863,4.1863,6.7730,6.1711,2.6905,2.7752,2.6252,3.3808,159.9239,65.8253,1.0115,1.0002,6.7730,81.5645,2.6905,159.9239,2.6905,65.8253,2.8894,140.7592,2.7752,151.0340
964,96.4000,4.8988,2.6321,5.0426,0.9650,4.5661,4.5661,6.4181,6.0667,2.5256,2.5952,2.5647,3.1871,161.8327,73.0553,1.0114,0.9662,6.4181,80.4050,2.5256,161.8327,2.5256,73.0553,2.7458,154.4600,2.5952,165.5721
965,96.5000,5.2439,3.0906,4.9187,0.9774,4.3312,4.3312,6.3743,6.0022,2.6929,2.9193,2.6100,2.9962,162.5571,57.3916,1.0241,0.9105,6.3743,77.6195,2.6929,162.5571,2.6929,57.3916,2.9179,148.6047,2.9193,165.5077
966,96.6000,5.3090,3.2124,5.0775,0.9457,4.5741,4.5741,6.3787,6.2222,2.8270,2.8522,2.7430,3.4023,161.9478,57.9808,1.0284,0.8722,6.3787,75.7410,2.8270,161.9478,2.8270,57.9808,3.0400,148.6652,2.8522,160.2308
967,96.7000,5.2136,3.1681,5.1783,1.0094,4.6985,4.6985,6.3515,6.3519,2.9475,2.6425,2.5781,3.6215,147.3385,68.2685,1.0219,0.8464,6.3515,75.3517,2.9475,147.3385,2.9475,68.2685,2.8468,140.9176,2.6425,158.6994
968,96.8000,4.7696,2.7510,4.4885,0.9641,4.8236,4.8236,6.4089,6.4043,2.7669,2.7485,2.5886,3.0797,141.9044,80.8724,1.0188,0.9097,6.4089,87.5601,2.7669,141.9044,2.7669,80.8724,3.1566,136.4900,2.7485,148.0425
969,96.9000,5.1319,2.9413,5.1056,0.9354,4.9006,4.9006,6.4552,6.6058,2.6728,2.7823,2.6728,3.3919,157.2230,64.3456,1.0076,1.1038,6.4552,78.1798,2.6728,157.2230,2.6728,64.3456,2.7965,135.9867,2.7823,161.3965
970,97.0000,5.0112,2.9085,4.8085,1.0183,4.9477,4.9477,6.8948,6.6996,2.8072,2.6109,2.6832,3.2230,150.3942,74.1717,1.0081,1.0700,6.8948,89.1733,2.8072,150.3942,2.8072,74.1717,3.2499,158.0963,2.6109,166.8306
971,97.1000,5.2120,3.1944,4.9637,0.9806,4.4232,4.4232,6.4584,6.2757,2.8146,2.6923,2.7243,3.0702,165.1119,58.8165,1.0195,0.8863,6.4584,78.7522,2.8146,165.1119,2.8146,58.8165,2.6536,158.0457,2.6923,173.4725
972,97.2000,4.5271,2.5362,4.9050,0.9370,4.7699,4.7699,6.3595,6.4268,2.6351,2.8190,2.6581,3.5493,134.3769,85.5787,1.0249,0.9403,6.3595,84.6895,2.6351,134.3769,2.6351,85.5787,3.1093,146.2665,2.8190,176.7503
973,97.3000,5.2569,3.1028,5.0309,0.9950,4.8904,4.8904,6.3094,6.5505,2.8003,2.5027,2.6367,3.6033,159.6200,63.2872,1.0297,0.9480,6.3094,75.6191,2.8003,159.6200,2.8003,63.2872,2.7320,149.4234,2.5027,173.6934
974,97.4000,4.8883,2.6965,4.9947,0.9786,4.4894,4.4894,6.2120,6.1317,2.5854,2.7929,2.5881,3.3762,148.1214,72.9832,1.0296,0.7878,6.2120,77.8786,2.5854,148.1214,2.5854,72.9832,3.0437,128.3038,2.7929,165.5471
975,97.5000,5.3316,3.1085,5.4034,0.9609,4.8509,4.8509,6.9198,6.6554,2.7463,2.7277,2.5605,2.9988,179.0277,59.3665,1.0158,0.9615,6.9198,80.2687,2.7463,179.0277,2.7463,59.3665,2.7674,122.6384,2.7277,163.3247
976,97.6000,5.3231,3.1593,4.9484,0.9680,4.7199,4.7199,6.9877,6.6377,2.7473,2.5340,2.6072,2.9846,168.0149,56.5631,1.0087,0.9724,6.9877,85.6517,2.7473,168.0149,2.7473,56.5631,2.6426,161.3237,2.5340,158.6172
977,97.7000,5.1792,2.9872,5.0036,0.9641,4.5663,4.5663,6.8332,6.5240,2.6819,2.8128,2.6594,3.0169,161.8711,62.4932,1.0025,0.9512,6.8332,84.2778,2.6819,161.8711,2.6819,62.4932,3.0519,144.8470,2.8128,170.8435
978,97.8000,5.1626,2.9557,5.0748,1.0101,4.3401,4.3401,6.7619,6.3116,2.6793,2.5909,2.6180,3.2690,158.1130,64.4239,0.9928,1.0092,6.7619,82.6726,2.6793,158.1130,2.6793,64.4239,2.8576,147.1930,2.5909,166.2275
979,97.9000,5.0144,2.8926,4.9816,0.9470,4.7068,4.7068,6.8786,6.6073,2.7224,2.6112,2.7225,3.3359,164.5154,70.2402,0.9904,1.0895,6.8786,86.9656,2.7224,164.5154,2.7224,70.2402,3.0369,148.5216,2.6112,175.3372
980,98.0000,5.0908,2.9706,4.6975,0.9700,4.6821,4.6821,6.9012,6.4792,2.6173,2.5430,2.6916,3.1323,166.5305,59.6131,0.9942,1.0030,6.9012,89.5735,2.6173,166.5305,2.6173,59.6131,2.8591,152.0786,2.5430,160.5311
981,98.1000,5.1523,2.9429,5.1099,1.0122,4.6323,4.6323,7.0157,6.6586,2.6790,2.6346,2.6233,3.1196,155.0650,65.1024,0.9970,1.0745,7.0157,86.2572,2.6790,155.0650,2.6790,65.1024,3.1032,145.7757,2.6346,171.0041
982,98.2000,5.0549,2.8923,4.8186,0.9541,4.5860,4.5860,6.9215,6.5218,2.7616,2.7139,2.6290,3.2308,158.6427,72.6132,1.0034,0.9923,6.9215,88.9836,2.7616,158.6427,2.7616,72.6132,3.1288,129.5623,2.7139,154.2562
983,98.3000,4.7158,2.6847,5.3006,0.9715,4.4776,4.4776,6.2296,6.1640,2.6294,2.6575,2.6678,3.3460,140.9990,76.2760,1.0044,0.9600,6.2296,76.6699,2.6294,140.9990,2.6294,76.2760,2.9106,123.8084,2.6575,157.8996
984,98.4000,4.7351,2.7049,5.0210,0.9923,4.2503,4.2503,6.2439,6.1309,2.6297,2.7904,2.5503,3.3502,144.1619,75.0405,1.0075,0.8668,6.2439,79.5243,2.6297,144.1619,2.6297,75.0405,3.0287,128.1758,2.7904,162.6995
985,98.5000,5.1050,2.9285,5.4408,0.9776,4.5739,4.5739,6.8655,6.6323,2.7303,2.5992,2.7171,3.5520,161.2379,68.7299,1.0000,1.0042,6.8655,81.1687,2.7303,161.2379,2.7303,68.7299,2.8892,138.3234,2.5992,174.5523
986,98.6000,5.4425,3.1997,4.8253,0.9713,4.9988,4.9988,7.3426,6.7092,2.8917,2.6769,2.7651,3.3147,157.0801,63.0211,0.9980,0.9761,7.3426,91.1015,2.8917,157.0801,2.8917,63.0211,3.1123,134.9086,2.6769,160.1853
987,98.7000,4.9989,2.9188,5.4149,0.9353,4.5143,4.5143,7.3295,6.6278,2.6572,2.7298,2.5997,3.0883,161.2048,64.6975,0.9930,0.9690,7.3295,89.3770,2.6572,161.2048,2.6572,64.6975,3.1118,125.8251,2.7298,168.4980
988,98.8000,5.0857,3.0587,4.7206,0.9921,4.3798,4.3798,6.9869,6.4149,2.6903,2.7395,2.5732,3.0484,170.0963,59.2594,0.9896,0.8649,6.9869,90.7971,2.6903,170.0963,2.6903,59.2594,2.6843,174.0528,2.7395,140.5563
989,98.9000,4.7866,2.6772,5.5130,0.9804,4.4954,4.4954,6.4966,6.3126,2.5632,2.7650,2.6290,3.2590,147.1054,72.7271,0.9825,0.9390,6.4966,77.8600,2.5632,147.1054,2.5632,72.7271,2.8597,128.8298,2.7650,150.4331
990,99.0000,4.7035,2.8312,4.7533,0.9731,4.9167,4.9167,6.2377,6.3888,2.6576,2.6338,2.6479,3.2920,150.2022,69.8269,0.9723,1.0072,6.2377,82.5375,2.6576,150.2022,2.6576,69.8269,2.8463,156.0975,2.6338,161.0151
991,99.1000,5.1278,3.0855,4.6981,0.9530,4.7240,4.7240,6.7750,6.5887,2.7763,2.7303,2.7124,3.2624,169.5872,62.4404,0.9639,1.1494,6.7750,87.0681,2.7763,169.5872,2.7763,62.4404,2.6563,150.0193,2.7303,176.8058
992,99.2000,5.2785,3.0736,5.4216,1.0052,4.6169,4.6169,6.8531,6.5260,2.7355,2.5559,2.6037,3.1867,171.4289,61.2232,0.9525,1.1179,6.8531,79.6412,2.7355,171.4289,2.7355,61.2232,3.0076,129.7838,2.5559,173.3676
993,99.3000,5.1425,3.0108,4.8250,0.9997,4.3190,4.3190,6.6427,6.2905,2.7048,2.7136,2.5943,3.2006,165.3627,62.8336,0.9459,0.9844,6.6427,83.5213,2.7048,165.3627,2.7048,62.8336,2.8746,165.5067,2.7136,173.4989
994,99.4000,5.0217,2.9036,5.0491,0.9472,4.7954,4.7954,6.6163,6.5488,2.6884,2.6596,2.5544,3.4363,153.3457,67.5512,0.9446,1.0214,6.6163,82.1395,2.6884,153.3457,2.6884,67.5512,2.9945,150.5510,2.6596,169.5911
995,99.5000,5.3318,3.2926,4.8005,0.9673,4.5273,4.5273,6.7838,6.4923,2.8298,2.7811,2.6805,3.2107,169.0533,53.7247,0.9433,1.0011,6.7838,83.8847,2.8298,169.0533,2.8298,53.7247,2.8418,144.1101,2.7811,135.2849
996,99.6000,5.0704,2.8646,5.0189,0.9826,4.6990,4.6990,6.5949,6.3583,2.7967,2.5953,2.7178,3.3514,153.7122,76.1261,0.9369,0.8940,6.5949,81.6341,2.7967,153.7122,2.7967,76.1261,3.2115,121.9270,2.5953,145.7505
997,99.7000,5.2129,3.0974,4.8950,0.9874,4.9518,4.9518,6.6847,6.6036,2.9516,2.7591,2.6443,3.0811,145.6090,72.3279,0.9392,1.1079,6.6847,82.7384,2.9516,145.6090,2.9516,72.3279,2.8571,124.2425,2.7591,163.8613
998,99.8000,5.1547,3.0805,5.0381,0.9621,4.7820,4.7820,6.7761,6.6994,2.8102,2.8238,2.7318,3.2205,167.2405,64.8642,0.9408,1.0706,6.7761,83.3241,2.8102,167.2405,2.8102,64.8642,2.8931,152.0472,2.8238,155.6729
999,99.9000,4.9110,2.7050,5.2656,0.9327,4.7489,4.7489,6.5385,6.4475,2.7540,2.4908,2.5010,3.3107,142.1010,83.1420,0.9428,1.0639,6.5385,79.8732,2.7540,142.1010,2.7540,83.1420,3.0133,118.6122,2.4908,147.2411
